dataelement,period,orgunit,categoryoptioncombo,attributeoptioncombo,value,storedby,lastupdated,comment,followup,deleted
hh_8a1_cerebrospinalfluid_qtr,2023Q2,LAB10_Laboratory Name 10,HllvX50cXC0,HllvX50cXC0,13,user2,2025-10-01T06:08:48.000+0000,,FALSE,null
hh_8a1_cerebrospinalfluid_qtr,2023Q3,LAB10_Laboratory Name 10,HllvX50cXC0,HllvX50cXC0,15,user2,2025-10-01T06:08:48.000+0000,,FALSE,null
hh_8a1_cerebrospinalfluid_qtr,2023Q4,LAB10_Laboratory Name 10,HllvX50cXC0,HllvX50cXC0,7,user2,2025-10-01T06:08:48.000+0000,,FALSE,null
hh_8a1_cerebrospinalfluid_qtr,2023Q1,LAB10_Laboratory Name 10,HllvX50cXC0,HllvX50cXC0,12,user2,2025-10-01T06:08:48.000+0000,,FALSE,null
hh_8a1_cerebrospinalfluid_qtr,2022Q1,LAB10_Laboratory Name 10,HllvX50cXC0,HllvX50cXC0,6,user2,2025-10-01T06:08:48.000+0000,,FALSE,null
hh_8a1_cerebrospinalfluid_qtr,2021Q3,LAB10_Laboratory Name 10,HllvX50cXC0,HllvX50cXC0,20,user2,2025-10-01T06:08:48.000+0000,,FALSE,null
hh_8a1_cerebrospinalfluid_qtr,2021Q1,LAB10_Laboratory Name 10,HllvX50cXC0,HllvX50cXC0,16,user2,2025-10-01T06:08:48.000+0000,,FALSE,null
hh_8a1_cerebrospinalfluid_qtr,2021Q2,LAB10_Laboratory Name 10,HllvX50cXC0,HllvX50cXC0,23,user2,2025-10-01T06:08:48.000+0000,,FALSE,null
hh_8a1_cerebrospinalfluid_qtr,2022Q4,LAB10_Laboratory Name 10,HllvX50cXC0,HllvX50cXC0,9,user2,2025-10-01T06:08:48.000+0000,,FALSE,null
hh_8a1_cerebrospinalfluid_qtr,2022Q2,LAB10_Laboratory Name 10,HllvX50cXC0,HllvX50cXC0,11,user2,2025-10-01T06:08:48.000+0000,,FALSE,null
hh_8a1_cerebrospinalfluid_qtr,2021Q4,LAB10_Laboratory Name 10,HllvX50cXC0,HllvX50cXC0,31,user2,2025-10-01T06:08:48.000+0000,,FALSE,null
hh_8a1_cerebrospinalfluid_qtr,2022Q3,LAB10_Laboratory Name 10,HllvX50cXC0,HllvX50cXC0,9,user2,2025-10-01T06:08:48.000+0000,,FALSE,null
hh_8a1_cerebrospinalfluid_qtr,2020Q4,LAB10_Laboratory Name 10,HllvX50cXC0,HllvX50cXC0,17,user2,2025-10-01T06:08:48.000+0000,,FALSE,null
hh_8a1_cerebrospinalfluid_qtr,2024Q1,LAB10_Laboratory Name 10,HllvX50cXC0,HllvX50cXC0,9,user2,2025-10-01T06:08:48.000+0000,,FALSE,null
hh_8a1_cerebrospinalfluid_qtr,2025Q2,LAB10_Laboratory Name 10,HllvX50cXC0,HllvX50cXC0,10,user1,2025-07-07T03:09:06.269+0000,,FALSE,null
hh_8a1_cerebrospinalfluid_qtr,2024Q4,LAB10_Laboratory Name 10,HllvX50cXC0,HllvX50cXC0,9,user1,2025-01-09T03:39:26.598+0000,,FALSE,null
hh_8a1_cerebrospinalfluid_qtr,2024Q2,LAB10_Laboratory Name 10,HllvX50cXC0,HllvX50cXC0,7,user1,2024-07-08T06:19:32.901+0000,,FALSE,null
hh_8a1_cerebrospinalfluid_qtr,2024Q3,LAB10_Laboratory Name 10,HllvX50cXC0,HllvX50cXC0,7,user1,2024-10-10T03:40:19.025+0000,,FALSE,null
hh_8a1_cerebrospinalfluid_qtr,2025Q1,LAB10_Laboratory Name 10,HllvX50cXC0,HllvX50cXC0,7,user1,2025-04-09T06:30:02.128+0000,,FALSE,null
hh_8a2_cerebrospinalfluid_positive_qtr,2023Q2,LAB10_Laboratory Name 10,HllvX50cXC0,HllvX50cXC0,0,user2,2025-10-01T06:08:48.000+0000,,FALSE,null
hh_8a2_cerebrospinalfluid_positive_qtr,2023Q3,LAB10_Laboratory Name 10,HllvX50cXC0,HllvX50cXC0,1,user2,2025-10-01T06:08:48.000+0000,,FALSE,null
hh_8a2_cerebrospinalfluid_positive_qtr,2023Q4,LAB10_Laboratory Name 10,HllvX50cXC0,HllvX50cXC0,0,user2,2025-10-01T06:08:48.000+0000,,FALSE,null
hh_8a2_cerebrospinalfluid_positive_qtr,2023Q1,LAB10_Laboratory Name 10,HllvX50cXC0,HllvX50cXC0,0,user2,2025-10-01T06:08:48.000+0000,,FALSE,null
hh_8a2_cerebrospinalfluid_positive_qtr,2022Q1,LAB10_Laboratory Name 10,HllvX50cXC0,HllvX50cXC0,0,user2,2025-10-01T06:08:48.000+0000,,FALSE,null
hh_8a2_cerebrospinalfluid_positive_qtr,2021Q3,LAB10_Laboratory Name 10,HllvX50cXC0,HllvX50cXC0,1,user2,2025-10-01T06:08:48.000+0000,,FALSE,null
hh_8a2_cerebrospinalfluid_positive_qtr,2021Q1,LAB10_Laboratory Name 10,HllvX50cXC0,HllvX50cXC0,1,user2,2025-10-01T06:08:48.000+0000,,FALSE,null
hh_8a2_cerebrospinalfluid_positive_qtr,2021Q2,LAB10_Laboratory Name 10,HllvX50cXC0,HllvX50cXC0,0,user2,2025-10-01T06:08:48.000+0000,,FALSE,null
hh_8a2_cerebrospinalfluid_positive_qtr,2022Q4,LAB10_Laboratory Name 10,HllvX50cXC0,HllvX50cXC0,1,user2,2025-10-01T06:08:48.000+0000,,FALSE,null
hh_8a2_cerebrospinalfluid_positive_qtr,2022Q2,LAB10_Laboratory Name 10,HllvX50cXC0,HllvX50cXC0,0,user2,2025-10-01T06:08:48.000+0000,,FALSE,null
hh_8a2_cerebrospinalfluid_positive_qtr,2021Q4,LAB10_Laboratory Name 10,HllvX50cXC0,HllvX50cXC0,1,user2,2025-10-01T06:08:48.000+0000,,FALSE,null
hh_8a2_cerebrospinalfluid_positive_qtr,2022Q3,LAB10_Laboratory Name 10,HllvX50cXC0,HllvX50cXC0,0,user2,2025-10-01T06:08:48.000+0000,,FALSE,null
hh_8a2_cerebrospinalfluid_positive_qtr,2020Q4,LAB10_Laboratory Name 10,HllvX50cXC0,HllvX50cXC0,0,user2,2025-10-01T06:08:48.000+0000,,FALSE,null
hh_8a2_cerebrospinalfluid_positive_qtr,2024Q1,LAB10_Laboratory Name 10,HllvX50cXC0,HllvX50cXC0,0,user2,2025-10-01T06:08:48.000+0000,,FALSE,null
hh_8a2_cerebrospinalfluid_positive_qtr,2025Q2,LAB10_Laboratory Name 10,HllvX50cXC0,HllvX50cXC0,0,user1,2025-07-07T03:09:07.201+0000,,FALSE,null
hh_8a2_cerebrospinalfluid_positive_qtr,2024Q4,LAB10_Laboratory Name 10,HllvX50cXC0,HllvX50cXC0,0,user1,2025-01-09T03:39:28.255+0000,,FALSE,null
hh_8a2_cerebrospinalfluid_positive_qtr,2024Q2,LAB10_Laboratory Name 10,HllvX50cXC0,HllvX50cXC0,1,user1,2024-07-08T06:19:34.520+0000,,FALSE,null
hh_8a2_cerebrospinalfluid_positive_qtr,2024Q3,LAB10_Laboratory Name 10,HllvX50cXC0,HllvX50cXC0,0,user1,2024-10-10T03:40:19.660+0000,,FALSE,null
hh_8a2_cerebrospinalfluid_positive_qtr,2025Q1,LAB10_Laboratory Name 10,HllvX50cXC0,HllvX50cXC0,0,user1,2025-04-09T06:30:03.222+0000,,FALSE,null
hh_8b1_urine_qtr,2023Q2,LAB10_Laboratory Name 10,HllvX50cXC0,HllvX50cXC0,549,user2,2025-10-01T06:08:48.000+0000,,FALSE,null
hh_8b1_urine_qtr,2023Q3,LAB10_Laboratory Name 10,HllvX50cXC0,HllvX50cXC0,533,user2,2025-10-01T06:08:48.000+0000,,FALSE,null
hh_8b1_urine_qtr,2023Q4,LAB10_Laboratory Name 10,HllvX50cXC0,HllvX50cXC0,237,user2,2025-10-01T06:08:48.000+0000,,FALSE,null
hh_8b1_urine_qtr,2023Q1,LAB10_Laboratory Name 10,HllvX50cXC0,HllvX50cXC0,349,user2,2025-10-01T06:08:48.000+0000,,FALSE,null
hh_8b1_urine_qtr,2022Q1,LAB10_Laboratory Name 10,HllvX50cXC0,HllvX50cXC0,130,user2,2025-10-01T06:08:48.000+0000,,FALSE,null
hh_8b1_urine_qtr,2021Q3,LAB10_Laboratory Name 10,HllvX50cXC0,HllvX50cXC0,202,user2,2025-10-01T06:08:48.000+0000,,FALSE,null
hh_8b1_urine_qtr,2021Q1,LAB10_Laboratory Name 10,HllvX50cXC0,HllvX50cXC0,218,user2,2025-10-01T06:08:48.000+0000,,FALSE,null
hh_8b1_urine_qtr,2021Q2,LAB10_Laboratory Name 10,HllvX50cXC0,HllvX50cXC0,208,user2,2025-10-01T06:08:48.000+0000,,FALSE,null
hh_8b1_urine_qtr,2022Q4,LAB10_Laboratory Name 10,HllvX50cXC0,HllvX50cXC0,375,user2,2025-10-01T06:08:48.000+0000,,FALSE,null
hh_8b1_urine_qtr,2022Q2,LAB10_Laboratory Name 10,HllvX50cXC0,HllvX50cXC0,206,user2,2025-10-01T06:08:48.000+0000,,FALSE,null
hh_8b1_urine_qtr,2021Q4,LAB10_Laboratory Name 10,HllvX50cXC0,HllvX50cXC0,198,user2,2025-10-01T06:08:48.000+0000,,FALSE,null
hh_8b1_urine_qtr,2022Q3,LAB10_Laboratory Name 10,HllvX50cXC0,HllvX50cXC0,313,user2,2025-10-01T06:08:48.000+0000,,FALSE,null
hh_8b1_urine_qtr,2020Q4,LAB10_Laboratory Name 10,HllvX50cXC0,HllvX50cXC0,192,user2,2025-10-01T06:08:48.000+0000,,FALSE,null
hh_8b1_urine_qtr,2024Q1,LAB10_Laboratory Name 10,HllvX50cXC0,HllvX50cXC0,445,user2,2025-10-01T06:08:48.000+0000,,FALSE,null
hh_8b1_urine_qtr,2025Q2,LAB10_Laboratory Name 10,HllvX50cXC0,HllvX50cXC0,759,user1,2025-07-07T03:09:10.726+0000,,FALSE,null
hh_8b1_urine_qtr,2024Q4,LAB10_Laboratory Name 10,HllvX50cXC0,HllvX50cXC0,628,user1,2025-01-09T03:39:32.020+0000,,FALSE,null
hh_8b1_urine_qtr,2024Q2,LAB10_Laboratory Name 10,HllvX50cXC0,HllvX50cXC0,652,user1,2024-07-08T06:19:39.594+0000,,FALSE,null
hh_8b1_urine_qtr,2024Q3,LAB10_Laboratory Name 10,HllvX50cXC0,HllvX50cXC0,733,user1,2024-10-10T03:40:22.502+0000,,FALSE,null
hh_8b1_urine_qtr,2025Q1,LAB10_Laboratory Name 10,HllvX50cXC0,HllvX50cXC0,386,user1,2025-04-09T06:30:06.221+0000,,FALSE,null
hh_8b2_urine_positive_qtr,2023Q2,LAB10_Laboratory Name 10,HllvX50cXC0,HllvX50cXC0,100,user2,2025-10-01T06:08:48.000+0000,,FALSE,null
hh_8b2_urine_positive_qtr,2023Q3,LAB10_Laboratory Name 10,HllvX50cXC0,HllvX50cXC0,67,user2,2025-10-01T06:08:48.000+0000,,FALSE,null
hh_8b2_urine_positive_qtr,2023Q4,LAB10_Laboratory Name 10,HllvX50cXC0,HllvX50cXC0,41,user2,2025-10-01T06:08:48.000+0000,,FALSE,null
hh_8b2_urine_positive_qtr,2023Q1,LAB10_Laboratory Name 10,HllvX50cXC0,HllvX50cXC0,68,user2,2025-10-01T06:08:48.000+0000,,FALSE,null
hh_8b2_urine_positive_qtr,2022Q1,LAB10_Laboratory Name 10,HllvX50cXC0,HllvX50cXC0,34,user2,2025-10-01T06:08:48.000+0000,,FALSE,null
hh_8b2_urine_positive_qtr,2021Q3,LAB10_Laboratory Name 10,HllvX50cXC0,HllvX50cXC0,57,user2,2025-10-01T06:08:48.000+0000,,FALSE,null
hh_8b2_urine_positive_qtr,2021Q1,LAB10_Laboratory Name 10,HllvX50cXC0,HllvX50cXC0,58,user2,2025-10-01T06:08:48.000+0000,,FALSE,null
hh_8b2_urine_positive_qtr,2021Q2,LAB10_Laboratory Name 10,HllvX50cXC0,HllvX50cXC0,59,user2,2025-10-01T06:08:48.000+0000,,FALSE,null
hh_8b2_urine_positive_qtr,2022Q4,LAB10_Laboratory Name 10,HllvX50cXC0,HllvX50cXC0,63,user2,2025-10-01T06:08:48.000+0000,,FALSE,null
hh_8b2_urine_positive_qtr,2022Q2,LAB10_Laboratory Name 10,HllvX50cXC0,HllvX50cXC0,40,user2,2025-10-01T06:08:48.000+0000,,FALSE,null
hh_8b2_urine_positive_qtr,2021Q4,LAB10_Laboratory Name 10,HllvX50cXC0,HllvX50cXC0,46,user2,2025-10-01T06:08:48.000+0000,,FALSE,null
hh_8b2_urine_positive_qtr,2022Q3,LAB10_Laboratory Name 10,HllvX50cXC0,HllvX50cXC0,74,user2,2025-10-01T06:08:48.000+0000,,FALSE,null
hh_8b2_urine_positive_qtr,2020Q4,LAB10_Laboratory Name 10,HllvX50cXC0,HllvX50cXC0,56,user2,2025-10-01T06:08:48.000+0000,,FALSE,null
hh_8b2_urine_positive_qtr,2024Q1,LAB10_Laboratory Name 10,HllvX50cXC0,HllvX50cXC0,75,user2,2025-10-01T06:08:48.000+0000,,FALSE,null
hh_8b2_urine_positive_qtr,2025Q2,LAB10_Laboratory Name 10,HllvX50cXC0,HllvX50cXC0,131,user1,2025-07-07T03:09:14.602+0000,,FALSE,null
hh_8b2_urine_positive_qtr,2024Q4,LAB10_Laboratory Name 10,HllvX50cXC0,HllvX50cXC0,102,user1,2025-01-09T03:39:34.912+0000,,FALSE,null
hh_8b2_urine_positive_qtr,2024Q2,LAB10_Laboratory Name 10,HllvX50cXC0,HllvX50cXC0,101,user1,2024-07-08T06:26:25.783+0000,,FALSE,null
hh_8b2_urine_positive_qtr,2024Q3,LAB10_Laboratory Name 10,HllvX50cXC0,HllvX50cXC0,156,user1,2024-10-10T03:40:25.733+0000,,FALSE,null
hh_8b2_urine_positive_qtr,2025Q1,LAB10_Laboratory Name 10,HllvX50cXC0,HllvX50cXC0,73,user1,2025-04-09T06:30:07.798+0000,,FALSE,null
hh_8c1_stool_qtr,2023Q2,LAB10_Laboratory Name 10,HllvX50cXC0,HllvX50cXC0,37,user2,2025-10-01T06:08:48.000+0000,,FALSE,null
hh_8c1_stool_qtr,2023Q3,LAB10_Laboratory Name 10,HllvX50cXC0,HllvX50cXC0,27,user2,2025-10-01T06:08:48.000+0000,,FALSE,null
hh_8c1_stool_qtr,2023Q4,LAB10_Laboratory Name 10,HllvX50cXC0,HllvX50cXC0,11,user2,2025-10-01T06:08:48.000+0000,,FALSE,null
hh_8c1_stool_qtr,2023Q1,LAB10_Laboratory Name 10,HllvX50cXC0,HllvX50cXC0,25,user2,2025-10-01T06:08:48.000+0000,,FALSE,null
hh_8c1_stool_qtr,2022Q1,LAB10_Laboratory Name 10,HllvX50cXC0,HllvX50cXC0,7,user2,2025-10-01T06:08:48.000+0000,,FALSE,null
hh_8c1_stool_qtr,2021Q3,LAB10_Laboratory Name 10,HllvX50cXC0,HllvX50cXC0,9,user2,2025-10-01T06:08:48.000+0000,,FALSE,null
hh_8c1_stool_qtr,2021Q1,LAB10_Laboratory Name 10,HllvX50cXC0,HllvX50cXC0,33,user2,2025-10-01T06:08:48.000+0000,,FALSE,null
hh_8c1_stool_qtr,2021Q2,LAB10_Laboratory Name 10,HllvX50cXC0,HllvX50cXC0,24,user2,2025-10-01T06:08:48.000+0000,,FALSE,null
hh_8c1_stool_qtr,2022Q4,LAB10_Laboratory Name 10,HllvX50cXC0,HllvX50cXC0,26,user2,2025-10-01T06:08:48.000+0000,,FALSE,null
hh_8c1_stool_qtr,2022Q2,LAB10_Laboratory Name 10,HllvX50cXC0,HllvX50cXC0,10,user2,2025-10-01T06:08:48.000+0000,,FALSE,null
hh_8c1_stool_qtr,2021Q4,LAB10_Laboratory Name 10,HllvX50cXC0,HllvX50cXC0,11,user2,2025-10-01T06:08:48.000+0000,,FALSE,null
hh_8c1_stool_qtr,2022Q3,LAB10_Laboratory Name 10,HllvX50cXC0,HllvX50cXC0,16,user2,2025-10-01T06:08:48.000+0000,,FALSE,null
hh_8c1_stool_qtr,2020Q4,LAB10_Laboratory Name 10,HllvX50cXC0,HllvX50cXC0,14,user2,2025-10-01T06:08:48.000+0000,,FALSE,null
hh_8c1_stool_qtr,2024Q1,LAB10_Laboratory Name 10,HllvX50cXC0,HllvX50cXC0,12,user2,2025-10-01T06:08:48.000+0000,,FALSE,null
hh_8c1_stool_qtr,2025Q2,LAB10_Laboratory Name 10,HllvX50cXC0,HllvX50cXC0,33,user1,2025-07-07T03:09:16.827+0000,,FALSE,null
hh_8c1_stool_qtr,2024Q4,LAB10_Laboratory Name 10,HllvX50cXC0,HllvX50cXC0,39,user1,2025-01-09T03:39:38.643+0000,,FALSE,null
hh_8c1_stool_qtr,2024Q2,LAB10_Laboratory Name 10,HllvX50cXC0,HllvX50cXC0,32,user1,2024-07-08T06:26:34.428+0000,,FALSE,null
hh_8c1_stool_qtr,2024Q3,LAB10_Laboratory Name 10,HllvX50cXC0,HllvX50cXC0,15,user1,2024-10-10T03:40:28.268+0000,,FALSE,null
hh_8c1_stool_qtr,2025Q1,LAB10_Laboratory Name 10,HllvX50cXC0,HllvX50cXC0,21,user1,2025-04-09T06:30:15.634+0000,,FALSE,null
hh_8c2_stool_positive_qtr,2023Q2,LAB10_Laboratory Name 10,HllvX50cXC0,HllvX50cXC0,2,user2,2025-10-01T06:08:48.000+0000,,FALSE,null
hh_8c2_stool_positive_qtr,2023Q3,LAB10_Laboratory Name 10,HllvX50cXC0,HllvX50cXC0,1,user2,2025-10-01T06:08:48.000+0000,,FALSE,null
hh_8c2_stool_positive_qtr,2023Q4,LAB10_Laboratory Name 10,HllvX50cXC0,HllvX50cXC0,0,user2,2025-10-01T06:08:48.000+0000,,FALSE,null
hh_8c2_stool_positive_qtr,2023Q1,LAB10_Laboratory Name 10,HllvX50cXC0,HllvX50cXC0,1,user2,2025-10-01T06:08:48.000+0000,,FALSE,null
hh_8c2_stool_positive_qtr,2022Q1,LAB10_Laboratory Name 10,HllvX50cXC0,HllvX50cXC0,0,user2,2025-10-01T06:08:48.000+0000,,FALSE,null
hh_8c2_stool_positive_qtr,2021Q3,LAB10_Laboratory Name 10,HllvX50cXC0,HllvX50cXC0,3,user2,2025-10-01T06:08:48.000+0000,,FALSE,null
hh_8c2_stool_positive_qtr,2021Q1,LAB10_Laboratory Name 10,HllvX50cXC0,HllvX50cXC0,4,user2,2025-10-01T06:08:48.000+0000,,FALSE,null
hh_8c2_stool_positive_qtr,2021Q2,LAB10_Laboratory Name 10,HllvX50cXC0,HllvX50cXC0,2,user2,2025-10-01T06:08:48.000+0000,,FALSE,null
hh_8c2_stool_positive_qtr,2022Q4,LAB10_Laboratory Name 10,HllvX50cXC0,HllvX50cXC0,4,user2,2025-10-01T06:08:48.000+0000,,FALSE,null
hh_8c2_stool_positive_qtr,2022Q2,LAB10_Laboratory Name 10,HllvX50cXC0,HllvX50cXC0,1,user2,2025-10-01T06:08:48.000+0000,,FALSE,null
hh_8c2_stool_positive_qtr,2021Q4,LAB10_Laboratory Name 10,HllvX50cXC0,HllvX50cXC0,0,user2,2025-10-01T06:08:48.000+0000,,FALSE,null
hh_8c2_stool_positive_qtr,2022Q3,LAB10_Laboratory Name 10,HllvX50cXC0,HllvX50cXC0,1,user2,2025-10-01T06:08:48.000+0000,,FALSE,null
hh_8c2_stool_positive_qtr,2020Q4,LAB10_Laboratory Name 10,HllvX50cXC0,HllvX50cXC0,2,user2,2025-10-01T06:08:48.000+0000,,FALSE,null
hh_8c2_stool_positive_qtr,2024Q1,LAB10_Laboratory Name 10,HllvX50cXC0,HllvX50cXC0,1,user2,2025-10-01T06:08:48.000+0000,,FALSE,null
hh_8c2_stool_positive_qtr,2025Q2,LAB10_Laboratory Name 10,HllvX50cXC0,HllvX50cXC0,4,user1,2025-07-07T03:09:19.223+0000,,FALSE,null
hh_8c2_stool_positive_qtr,2024Q4,LAB10_Laboratory Name 10,HllvX50cXC0,HllvX50cXC0,6,user1,2025-01-09T03:39:41.217+0000,,FALSE,null
hh_8c2_stool_positive_qtr,2024Q2,LAB10_Laboratory Name 10,HllvX50cXC0,HllvX50cXC0,1,user1,2024-07-08T06:26:37.337+0000,,FALSE,null
hh_8c2_stool_positive_qtr,2024Q3,LAB10_Laboratory Name 10,HllvX50cXC0,HllvX50cXC0,0,user1,2024-10-10T03:40:29.094+0000,,FALSE,null
hh_8c2_stool_positive_qtr,2025Q1,LAB10_Laboratory Name 10,HllvX50cXC0,HllvX50cXC0,6,user1,2025-04-09T06:30:16.810+0000,,FALSE,null
hh_8d1_pus_qtr,2023Q2,LAB10_Laboratory Name 10,HllvX50cXC0,HllvX50cXC0,433,user2,2025-10-01T06:08:48.000+0000,,FALSE,null
hh_8d1_pus_qtr,2023Q3,LAB10_Laboratory Name 10,HllvX50cXC0,HllvX50cXC0,365,user2,2025-10-01T06:08:48.000+0000,,FALSE,null
hh_8d1_pus_qtr,2023Q4,LAB10_Laboratory Name 10,HllvX50cXC0,HllvX50cXC0,81,user2,2025-10-01T06:08:48.000+0000,,FALSE,null
hh_8d1_pus_qtr,2023Q1,LAB10_Laboratory Name 10,HllvX50cXC0,HllvX50cXC0,279,user2,2025-10-01T06:08:48.000+0000,,FALSE,null
hh_8d1_pus_qtr,2022Q1,LAB10_Laboratory Name 10,HllvX50cXC0,HllvX50cXC0,196,user2,2025-10-01T06:08:48.000+0000,,FALSE,null
hh_8d1_pus_qtr,2021Q3,LAB10_Laboratory Name 10,HllvX50cXC0,HllvX50cXC0,361,user2,2025-10-01T06:08:48.000+0000,,FALSE,null
hh_8d1_pus_qtr,2021Q1,LAB10_Laboratory Name 10,HllvX50cXC0,HllvX50cXC0,3,user2,2025-10-01T06:08:48.000+0000,,FALSE,null
hh_8d1_pus_qtr,2021Q2,LAB10_Laboratory Name 10,HllvX50cXC0,HllvX50cXC0,4,user2,2025-10-01T06:08:48.000+0000,,FALSE,null
hh_8d1_pus_qtr,2022Q4,LAB10_Laboratory Name 10,HllvX50cXC0,HllvX50cXC0,362,user2,2025-10-01T06:08:48.000+0000,,FALSE,null
hh_8d1_pus_qtr,2022Q2,LAB10_Laboratory Name 10,HllvX50cXC0,HllvX50cXC0,260,user2,2025-10-01T06:08:48.000+0000,,FALSE,null
hh_8d1_pus_qtr,2021Q4,LAB10_Laboratory Name 10,HllvX50cXC0,HllvX50cXC0,256,user2,2025-10-01T06:08:48.000+0000,,FALSE,null
hh_8d1_pus_qtr,2022Q3,LAB10_Laboratory Name 10,HllvX50cXC0,HllvX50cXC0,320,user2,2025-10-01T06:08:48.000+0000,,FALSE,null
hh_8d1_pus_qtr,2020Q4,LAB10_Laboratory Name 10,HllvX50cXC0,HllvX50cXC0,255,user2,2025-10-01T06:08:48.000+0000,,FALSE,null
hh_8d1_pus_qtr,2024Q1,LAB10_Laboratory Name 10,HllvX50cXC0,HllvX50cXC0,381,user2,2025-10-01T06:08:48.000+0000,,FALSE,null
hh_8d1_pus_qtr,2025Q2,LAB10_Laboratory Name 10,HllvX50cXC0,HllvX50cXC0,465,user1,2025-07-07T03:09:21.192+0000,,FALSE,null
hh_8d1_pus_qtr,2024Q4,LAB10_Laboratory Name 10,HllvX50cXC0,HllvX50cXC0,329,user1,2025-01-09T03:39:47.506+0000,,FALSE,null
hh_8d1_pus_qtr,2024Q2,LAB10_Laboratory Name 10,HllvX50cXC0,HllvX50cXC0,119,user1,2024-07-08T06:26:48.382+0000,,FALSE,null
hh_8d1_pus_qtr,2024Q3,LAB10_Laboratory Name 10,HllvX50cXC0,HllvX50cXC0,360,user1,2024-10-10T03:40:34.063+0000,,FALSE,null
hh_8d1_pus_qtr,2025Q1,LAB10_Laboratory Name 10,HllvX50cXC0,HllvX50cXC0,365,user1,2025-04-09T06:30:23.977+0000,,FALSE,null
hh_8d2_pus_positive_qtr,2023Q2,LAB10_Laboratory Name 10,HllvX50cXC0,HllvX50cXC0,214,user2,2025-10-01T06:08:48.000+0000,,FALSE,null
hh_8d2_pus_positive_qtr,2023Q3,LAB10_Laboratory Name 10,HllvX50cXC0,HllvX50cXC0,172,user2,2025-10-01T06:08:48.000+0000,,FALSE,null
hh_8d2_pus_positive_qtr,2023Q4,LAB10_Laboratory Name 10,HllvX50cXC0,HllvX50cXC0,42,user2,2025-10-01T06:08:48.000+0000,,FALSE,null
hh_8d2_pus_positive_qtr,2023Q1,LAB10_Laboratory Name 10,HllvX50cXC0,HllvX50cXC0,150,user2,2025-10-01T06:08:48.000+0000,,FALSE,null
hh_8d2_pus_positive_qtr,2022Q1,LAB10_Laboratory Name 10,HllvX50cXC0,HllvX50cXC0,108,user2,2025-10-01T06:08:48.000+0000,,FALSE,null
hh_8d2_pus_positive_qtr,2021Q3,LAB10_Laboratory Name 10,HllvX50cXC0,HllvX50cXC0,61,user2,2025-10-01T06:08:48.000+0000,,FALSE,null
hh_8d2_pus_positive_qtr,2021Q1,LAB10_Laboratory Name 10,HllvX50cXC0,HllvX50cXC0,1,user2,2025-10-01T06:08:48.000+0000,,FALSE,null
hh_8d2_pus_positive_qtr,2021Q2,LAB10_Laboratory Name 10,HllvX50cXC0,HllvX50cXC0,1,user2,2025-10-01T06:08:48.000+0000,,FALSE,null
hh_8d2_pus_positive_qtr,2022Q4,LAB10_Laboratory Name 10,HllvX50cXC0,HllvX50cXC0,192,user2,2025-10-01T06:08:48.000+0000,,FALSE,null
hh_8d2_pus_positive_qtr,2022Q2,LAB10_Laboratory Name 10,HllvX50cXC0,HllvX50cXC0,100,user2,2025-10-01T06:08:48.000+0000,,FALSE,null
hh_8d2_pus_positive_qtr,2021Q4,LAB10_Laboratory Name 10,HllvX50cXC0,HllvX50cXC0,154,user2,2025-10-01T06:08:48.000+0000,,FALSE,null
hh_8d2_pus_positive_qtr,2022Q3,LAB10_Laboratory Name 10,HllvX50cXC0,HllvX50cXC0,149,user2,2025-10-01T06:08:48.000+0000,,FALSE,null
hh_8d2_pus_positive_qtr,2020Q4,LAB10_Laboratory Name 10,HllvX50cXC0,HllvX50cXC0,136,user2,2025-10-01T06:08:48.000+0000,,FALSE,null
hh_8d2_pus_positive_qtr,2024Q1,LAB10_Laboratory Name 10,HllvX50cXC0,HllvX50cXC0,164,user2,2025-10-01T06:08:48.000+0000,,FALSE,null
hh_8d2_pus_positive_qtr,2025Q2,LAB10_Laboratory Name 10,HllvX50cXC0,HllvX50cXC0,186,user1,2025-07-07T03:09:23.955+0000,,FALSE,null
hh_8d2_pus_positive_qtr,2024Q4,LAB10_Laboratory Name 10,HllvX50cXC0,HllvX50cXC0,149,user1,2025-01-09T03:39:51.321+0000,,FALSE,null
hh_8d2_pus_positive_qtr,2024Q2,LAB10_Laboratory Name 10,HllvX50cXC0,HllvX50cXC0,56,user1,2024-07-08T06:26:51.400+0000,,FALSE,null
hh_8d2_pus_positive_qtr,2024Q3,LAB10_Laboratory Name 10,HllvX50cXC0,HllvX50cXC0,160,user1,2024-10-10T03:40:35.942+0000,,FALSE,null
hh_8d2_pus_positive_qtr,2025Q1,LAB10_Laboratory Name 10,HllvX50cXC0,HllvX50cXC0,139,user1,2025-04-09T06:30:26.537+0000,,FALSE,null
hh_8e1_genitourinary_qtr,2023Q2,LAB10_Laboratory Name 10,HllvX50cXC0,HllvX50cXC0,9,user2,2025-10-01T06:08:48.000+0000,,FALSE,null
hh_8e1_genitourinary_qtr,2023Q3,LAB10_Laboratory Name 10,HllvX50cXC0,HllvX50cXC0,13,user2,2025-10-01T06:08:48.000+0000,,FALSE,null
hh_8e1_genitourinary_qtr,2023Q4,LAB10_Laboratory Name 10,HllvX50cXC0,HllvX50cXC0,5,user2,2025-10-01T06:08:48.000+0000,,FALSE,null
hh_8e1_genitourinary_qtr,2023Q1,LAB10_Laboratory Name 10,HllvX50cXC0,HllvX50cXC0,5,user2,2025-10-01T06:08:48.000+0000,,FALSE,null
hh_8e1_genitourinary_qtr,2022Q1,LAB10_Laboratory Name 10,HllvX50cXC0,HllvX50cXC0,3,user2,2025-10-01T06:08:48.000+0000,,FALSE,null
hh_8e1_genitourinary_qtr,2021Q3,LAB10_Laboratory Name 10,HllvX50cXC0,HllvX50cXC0,2,user2,2025-10-01T06:08:48.000+0000,,FALSE,null
hh_8e1_genitourinary_qtr,2021Q1,LAB10_Laboratory Name 10,HllvX50cXC0,HllvX50cXC0,3,user2,2025-10-01T06:08:48.000+0000,,FALSE,null
hh_8e1_genitourinary_qtr,2021Q2,LAB10_Laboratory Name 10,HllvX50cXC0,HllvX50cXC0,8,user2,2025-10-01T06:08:48.000+0000,,FALSE,null
hh_8e1_genitourinary_qtr,2022Q4,LAB10_Laboratory Name 10,HllvX50cXC0,HllvX50cXC0,6,user2,2025-10-01T06:08:48.000+0000,,FALSE,null
hh_8e1_genitourinary_qtr,2022Q2,LAB10_Laboratory Name 10,HllvX50cXC0,HllvX50cXC0,5,user2,2025-10-01T06:08:48.000+0000,,FALSE,null
hh_8e1_genitourinary_qtr,2021Q4,LAB10_Laboratory Name 10,HllvX50cXC0,HllvX50cXC0,9,user2,2025-10-01T06:08:48.000+0000,,FALSE,null
hh_8e1_genitourinary_qtr,2022Q3,LAB10_Laboratory Name 10,HllvX50cXC0,HllvX50cXC0,4,user2,2025-10-01T06:08:48.000+0000,,FALSE,null
hh_8e1_genitourinary_qtr,2020Q4,LAB10_Laboratory Name 10,HllvX50cXC0,HllvX50cXC0,6,user2,2025-10-01T06:08:48.000+0000,,FALSE,null
hh_8e1_genitourinary_qtr,2024Q1,LAB10_Laboratory Name 10,HllvX50cXC0,HllvX50cXC0,24,user2,2025-10-01T06:08:48.000+0000,,FALSE,null
hh_8e1_genitourinary_qtr,2025Q2,LAB10_Laboratory Name 10,HllvX50cXC0,HllvX50cXC0,40,user1,2025-07-07T03:09:26.335+0000,,FALSE,null
hh_8e1_genitourinary_qtr,2024Q4,LAB10_Laboratory Name 10,HllvX50cXC0,HllvX50cXC0,12,user1,2025-01-09T03:39:54.646+0000,,FALSE,null
hh_8e1_genitourinary_qtr,2024Q2,LAB10_Laboratory Name 10,HllvX50cXC0,HllvX50cXC0,17,user1,2024-07-08T06:26:58.730+0000,,FALSE,null
hh_8e1_genitourinary_qtr,2024Q3,LAB10_Laboratory Name 10,HllvX50cXC0,HllvX50cXC0,9,user1,2024-10-10T03:40:37.951+0000,,FALSE,null
hh_8e1_genitourinary_qtr,2025Q1,LAB10_Laboratory Name 10,HllvX50cXC0,HllvX50cXC0,24,user1,2025-04-09T06:30:33.398+0000,,FALSE,null
hh_8e2_genitourinary_positive_qtr,2023Q2,LAB10_Laboratory Name 10,HllvX50cXC0,HllvX50cXC0,5,user2,2025-10-01T06:08:48.000+0000,,FALSE,null
hh_8e2_genitourinary_positive_qtr,2023Q3,LAB10_Laboratory Name 10,HllvX50cXC0,HllvX50cXC0,2,user2,2025-10-01T06:08:48.000+0000,,FALSE,null
hh_8e2_genitourinary_positive_qtr,2023Q4,LAB10_Laboratory Name 10,HllvX50cXC0,HllvX50cXC0,3,user2,2025-10-01T06:08:48.000+0000,,FALSE,null
hh_8e2_genitourinary_positive_qtr,2023Q1,LAB10_Laboratory Name 10,HllvX50cXC0,HllvX50cXC0,3,user2,2025-10-01T06:08:48.000+0000,,FALSE,null
hh_8e2_genitourinary_positive_qtr,2022Q1,LAB10_Laboratory Name 10,HllvX50cXC0,HllvX50cXC0,0,user2,2025-10-01T06:08:48.000+0000,,FALSE,null
hh_8e2_genitourinary_positive_qtr,2021Q3,LAB10_Laboratory Name 10,HllvX50cXC0,HllvX50cXC0,1,user2,2025-10-01T06:08:48.000+0000,,FALSE,null
hh_8e2_genitourinary_positive_qtr,2021Q1,LAB10_Laboratory Name 10,HllvX50cXC0,HllvX50cXC0,0,user2,2025-10-01T06:08:48.000+0000,,FALSE,null
hh_8e2_genitourinary_positive_qtr,2021Q2,LAB10_Laboratory Name 10,HllvX50cXC0,HllvX50cXC0,3,user2,2025-10-01T06:08:48.000+0000,,FALSE,null
hh_8e2_genitourinary_positive_qtr,2022Q4,LAB10_Laboratory Name 10,HllvX50cXC0,HllvX50cXC0,3,user2,2025-10-01T06:08:48.000+0000,,FALSE,null
hh_8e2_genitourinary_positive_qtr,2022Q2,LAB10_Laboratory Name 10,HllvX50cXC0,HllvX50cXC0,1,user2,2025-10-01T06:08:48.000+0000,,FALSE,null
hh_8e2_genitourinary_positive_qtr,2021Q4,LAB10_Laboratory Name 10,HllvX50cXC0,HllvX50cXC0,5,user2,2025-10-01T06:08:48.000+0000,,FALSE,null
hh_8e2_genitourinary_positive_qtr,2022Q3,LAB10_Laboratory Name 10,HllvX50cXC0,HllvX50cXC0,2,user2,2025-10-01T06:08:48.000+0000,,FALSE,null
hh_8e2_genitourinary_positive_qtr,2020Q4,LAB10_Laboratory Name 10,HllvX50cXC0,HllvX50cXC0,3,user2,2025-10-01T06:08:48.000+0000,,FALSE,null
hh_8e2_genitourinary_positive_qtr,2024Q1,LAB10_Laboratory Name 10,HllvX50cXC0,HllvX50cXC0,8,user2,2025-10-01T06:08:48.000+0000,,FALSE,null
hh_8e2_genitourinary_positive_qtr,2025Q2,LAB10_Laboratory Name 10,HllvX50cXC0,HllvX50cXC0,17,user1,2025-07-07T03:09:28.921+0000,,FALSE,null
hh_8e2_genitourinary_positive_qtr,2024Q4,LAB10_Laboratory Name 10,HllvX50cXC0,HllvX50cXC0,9,user1,2025-01-09T03:39:56.972+0000,,FALSE,null
hh_8e2_genitourinary_positive_qtr,2024Q2,LAB10_Laboratory Name 10,HllvX50cXC0,HllvX50cXC0,7,user1,2024-07-08T06:27:01.397+0000,,FALSE,null
hh_8e2_genitourinary_positive_qtr,2024Q3,LAB10_Laboratory Name 10,HllvX50cXC0,HllvX50cXC0,1,user1,2024-10-10T03:40:38.686+0000,,FALSE,null
hh_8e2_genitourinary_positive_qtr,2025Q1,LAB10_Laboratory Name 10,HllvX50cXC0,HllvX50cXC0,12,user1,2025-04-09T06:30:34.732+0000,,FALSE,null
hh_8f1_blood_qtr,2023Q2,LAB10_Laboratory Name 10,HllvX50cXC0,HllvX50cXC0,298,user2,2025-10-01T06:08:48.000+0000,,FALSE,null
hh_8f1_blood_qtr,2023Q3,LAB10_Laboratory Name 10,HllvX50cXC0,HllvX50cXC0,242,user2,2025-10-01T06:08:48.000+0000,,FALSE,null
hh_8f1_blood_qtr,2023Q4,LAB10_Laboratory Name 10,HllvX50cXC0,HllvX50cXC0,129,user2,2025-10-01T06:08:48.000+0000,,FALSE,null
hh_8f1_blood_qtr,2023Q1,LAB10_Laboratory Name 10,HllvX50cXC0,HllvX50cXC0,265,user2,2025-10-01T06:08:48.000+0000,,FALSE,null
hh_8f1_blood_qtr,2022Q1,LAB10_Laboratory Name 10,HllvX50cXC0,HllvX50cXC0,113,user2,2025-10-01T06:08:48.000+0000,,FALSE,null
hh_8f1_blood_qtr,2021Q3,LAB10_Laboratory Name 10,HllvX50cXC0,HllvX50cXC0,214,user2,2025-10-01T06:08:48.000+0000,,FALSE,null
hh_8f1_blood_qtr,2021Q1,LAB10_Laboratory Name 10,HllvX50cXC0,HllvX50cXC0,239,user2,2025-10-01T06:08:48.000+0000,,FALSE,null
hh_8f1_blood_qtr,2021Q2,LAB10_Laboratory Name 10,HllvX50cXC0,HllvX50cXC0,224,user2,2025-10-01T06:08:48.000+0000,,FALSE,null
hh_8f1_blood_qtr,2022Q4,LAB10_Laboratory Name 10,HllvX50cXC0,HllvX50cXC0,242,user2,2025-10-01T06:08:48.000+0000,,FALSE,null
hh_8f1_blood_qtr,2022Q2,LAB10_Laboratory Name 10,HllvX50cXC0,HllvX50cXC0,186,user2,2025-10-01T06:08:48.000+0000,,FALSE,null
hh_8f1_blood_qtr,2021Q4,LAB10_Laboratory Name 10,HllvX50cXC0,HllvX50cXC0,135,user2,2025-10-01T06:08:48.000+0000,,FALSE,null
hh_8f1_blood_qtr,2022Q3,LAB10_Laboratory Name 10,HllvX50cXC0,HllvX50cXC0,254,user2,2025-10-01T06:08:48.000+0000,,FALSE,null
hh_8f1_blood_qtr,2020Q4,LAB10_Laboratory Name 10,HllvX50cXC0,HllvX50cXC0,162,user2,2025-10-01T06:08:48.000+0000,,FALSE,null
hh_8f1_blood_qtr,2024Q1,LAB10_Laboratory Name 10,HllvX50cXC0,HllvX50cXC0,206,user2,2025-10-01T06:08:48.000+0000,,FALSE,null
hh_8f1_blood_qtr,2025Q2,LAB10_Laboratory Name 10,HllvX50cXC0,HllvX50cXC0,311,user1,2025-07-07T03:09:31.929+0000,,FALSE,null
hh_8f1_blood_qtr,2024Q4,LAB10_Laboratory Name 10,HllvX50cXC0,HllvX50cXC0,203,user1,2025-01-09T03:40:00.236+0000,,FALSE,null
hh_8f1_blood_qtr,2024Q2,LAB10_Laboratory Name 10,HllvX50cXC0,HllvX50cXC0,211,user1,2024-07-08T06:27:07.427+0000,,FALSE,null
hh_8f1_blood_qtr,2024Q3,LAB10_Laboratory Name 10,HllvX50cXC0,HllvX50cXC0,171,user1,2024-10-10T03:40:41.349+0000,,FALSE,null
hh_8f1_blood_qtr,2025Q1,LAB10_Laboratory Name 10,HllvX50cXC0,HllvX50cXC0,216,user1,2025-04-09T06:30:41.795+0000,,FALSE,null
hh_8f2_blood_positive_qtr,2023Q2,LAB10_Laboratory Name 10,HllvX50cXC0,HllvX50cXC0,10,user2,2025-10-01T06:08:48.000+0000,,FALSE,null
hh_8f2_blood_positive_qtr,2023Q3,LAB10_Laboratory Name 10,HllvX50cXC0,HllvX50cXC0,6,user2,2025-10-01T06:08:48.000+0000,,FALSE,null
hh_8f2_blood_positive_qtr,2023Q4,LAB10_Laboratory Name 10,HllvX50cXC0,HllvX50cXC0,5,user2,2025-10-01T06:08:48.000+0000,,FALSE,null
hh_8f2_blood_positive_qtr,2023Q1,LAB10_Laboratory Name 10,HllvX50cXC0,HllvX50cXC0,3,user2,2025-10-01T06:08:48.000+0000,,FALSE,null
hh_8f2_blood_positive_qtr,2022Q1,LAB10_Laboratory Name 10,HllvX50cXC0,HllvX50cXC0,8,user2,2025-10-01T06:08:48.000+0000,,FALSE,null
hh_8f2_blood_positive_qtr,2021Q3,LAB10_Laboratory Name 10,HllvX50cXC0,HllvX50cXC0,8,user2,2025-10-01T06:08:48.000+0000,,FALSE,null
hh_8f2_blood_positive_qtr,2021Q1,LAB10_Laboratory Name 10,HllvX50cXC0,HllvX50cXC0,1,user2,2025-10-01T06:08:48.000+0000,,FALSE,null
hh_8f2_blood_positive_qtr,2021Q2,LAB10_Laboratory Name 10,HllvX50cXC0,HllvX50cXC0,2,user2,2025-10-01T06:08:48.000+0000,,FALSE,null
hh_8f2_blood_positive_qtr,2022Q4,LAB10_Laboratory Name 10,HllvX50cXC0,HllvX50cXC0,5,user2,2025-10-01T06:08:48.000+0000,,FALSE,null
hh_8f2_blood_positive_qtr,2022Q2,LAB10_Laboratory Name 10,HllvX50cXC0,HllvX50cXC0,4,user2,2025-10-01T06:08:48.000+0000,,FALSE,null
hh_8f2_blood_positive_qtr,2021Q4,LAB10_Laboratory Name 10,HllvX50cXC0,HllvX50cXC0,7,user2,2025-10-01T06:08:48.000+0000,,FALSE,null
hh_8f2_blood_positive_qtr,2022Q3,LAB10_Laboratory Name 10,HllvX50cXC0,HllvX50cXC0,5,user2,2025-10-01T06:08:48.000+0000,,FALSE,null
hh_8f2_blood_positive_qtr,2020Q4,LAB10_Laboratory Name 10,HllvX50cXC0,HllvX50cXC0,3,user2,2025-10-01T06:08:48.000+0000,,FALSE,null
hh_8f2_blood_positive_qtr,2024Q1,LAB10_Laboratory Name 10,HllvX50cXC0,HllvX50cXC0,4,user2,2025-10-01T06:08:48.000+0000,,FALSE,null
hh_8f2_blood_positive_qtr,2025Q2,LAB10_Laboratory Name 10,HllvX50cXC0,HllvX50cXC0,33,user1,2025-07-07T03:09:33.799+0000,,FALSE,null
hh_8f2_blood_positive_qtr,2024Q4,LAB10_Laboratory Name 10,HllvX50cXC0,HllvX50cXC0,19,user1,2025-01-09T03:40:03.065+0000,,FALSE,null
hh_8f2_blood_positive_qtr,2024Q2,LAB10_Laboratory Name 10,HllvX50cXC0,HllvX50cXC0,22,user1,2024-07-08T06:27:11.641+0000,,FALSE,null
hh_8f2_blood_positive_qtr,2024Q3,LAB10_Laboratory Name 10,HllvX50cXC0,HllvX50cXC0,11,user1,2024-10-10T03:40:42.917+0000,,FALSE,null
hh_8f2_blood_positive_qtr,2025Q1,LAB10_Laboratory Name 10,HllvX50cXC0,HllvX50cXC0,29,user1,2025-04-09T06:30:43.689+0000,,FALSE,null
hh_8g1_other_qtr,2025Q2,LAB10_Laboratory Name 10,HllvX50cXC0,HllvX50cXC0,0,user1,2025-07-07T03:09:34.909+0000,,FALSE,null
hh_8g1_other_qtr,2024Q4,LAB10_Laboratory Name 10,HllvX50cXC0,HllvX50cXC0,0,user1,2025-01-09T03:40:05.101+0000,,FALSE,null
hh_8g1_other_qtr,2024Q2,LAB10_Laboratory Name 10,HllvX50cXC0,HllvX50cXC0,0,user1,2024-07-30T16:02:10.056+0000,,FALSE,null
hh_8g1_other_qtr,2024Q3,LAB10_Laboratory Name 10,HllvX50cXC0,HllvX50cXC0,0,user1,2024-10-10T03:40:44.623+0000,,FALSE,null
hh_8g1_other_qtr,2025Q1,LAB10_Laboratory Name 10,HllvX50cXC0,HllvX50cXC0,0,user1,2025-04-09T06:30:45.072+0000,,FALSE,null
hh_8g2_other_positive_qtr,2025Q2,LAB10_Laboratory Name 10,HllvX50cXC0,HllvX50cXC0,0,user1,2025-07-07T03:09:35.242+0000,,FALSE,null
hh_8g2_other_positive_qtr,2024Q4,LAB10_Laboratory Name 10,HllvX50cXC0,HllvX50cXC0,0,user1,2025-01-09T03:40:06.000+0000,,FALSE,null
hh_8g2_other_positive_qtr,2024Q2,LAB10_Laboratory Name 10,HllvX50cXC0,HllvX50cXC0,0,user1,2024-07-30T16:02:20.207+0000,,FALSE,null
hh_8g2_other_positive_qtr,2024Q3,LAB10_Laboratory Name 10,HllvX50cXC0,HllvX50cXC0,0,user1,2024-10-10T03:40:45.264+0000,,FALSE,null
hh_8g2_other_positive_qtr,2025Q1,LAB10_Laboratory Name 10,HllvX50cXC0,HllvX50cXC0,0,user1,2025-04-09T06:30:45.891+0000,,FALSE,null
ah_10a1_env_farm_qtr,2025Q2,LAB10_Laboratory Name 10,HllvX50cXC0,HllvX50cXC0,0,user1,2025-07-07T03:09:41.982+0000,,FALSE,null
ah_10a1_env_farm_qtr,2024Q4,LAB10_Laboratory Name 10,HllvX50cXC0,HllvX50cXC0,0,user1,2025-01-10T03:28:30.336+0000,,FALSE,null
ah_10a1_env_farm_qtr,2025Q1,LAB10_Laboratory Name 10,HllvX50cXC0,HllvX50cXC0,0,user1,2025-04-09T06:30:46.711+0000,,FALSE,null
ah_10a2_env_abattoir_qtr,2025Q2,LAB10_Laboratory Name 10,HllvX50cXC0,HllvX50cXC0,0,user1,2025-07-07T03:09:42.391+0000,,FALSE,null
ah_10a2_env_abattoir_qtr,2024Q4,LAB10_Laboratory Name 10,HllvX50cXC0,HllvX50cXC0,0,user1,2025-01-10T03:28:31.367+0000,,FALSE,null
ah_10a2_env_abattoir_qtr,2025Q1,LAB10_Laboratory Name 10,HllvX50cXC0,HllvX50cXC0,0,user1,2025-04-09T06:30:47.325+0000,,FALSE,null
ah_10a3_env_drinking_qtr,2025Q2,LAB10_Laboratory Name 10,HllvX50cXC0,HllvX50cXC0,0,user1,2025-07-07T03:09:42.829+0000,,FALSE,null
ah_10a3_env_drinking_qtr,2024Q4,LAB10_Laboratory Name 10,HllvX50cXC0,HllvX50cXC0,0,user1,2025-01-10T03:28:31.736+0000,,FALSE,null
ah_10a3_env_drinking_qtr,2025Q1,LAB10_Laboratory Name 10,HllvX50cXC0,HllvX50cXC0,0,user1,2025-04-09T06:30:48.145+0000,,FALSE,null
ah_10a4_env_sewage_qtr,2025Q2,LAB10_Laboratory Name 10,HllvX50cXC0,HllvX50cXC0,0,user1,2025-07-07T03:09:43.210+0000,,FALSE,null
ah_10a4_env_sewage_qtr,2024Q4,LAB10_Laboratory Name 10,HllvX50cXC0,HllvX50cXC0,0,user1,2025-01-10T03:28:32.246+0000,,FALSE,null
ah_10a4_env_sewage_qtr,2025Q1,LAB10_Laboratory Name 10,HllvX50cXC0,HllvX50cXC0,0,user1,2025-04-09T06:30:48.714+0000,,FALSE,null
ah_10a5_env_surfacewtr_qtr,2025Q2,LAB10_Laboratory Name 10,HllvX50cXC0,HllvX50cXC0,0,user1,2025-07-07T03:09:43.616+0000,,FALSE,null
ah_10a5_env_surfacewtr_qtr,2024Q4,LAB10_Laboratory Name 10,HllvX50cXC0,HllvX50cXC0,0,user1,2025-01-10T03:28:33.001+0000,,FALSE,null
ah_10a5_env_surfacewtr_qtr,2025Q1,LAB10_Laboratory Name 10,HllvX50cXC0,HllvX50cXC0,0,user1,2025-04-09T06:30:49.590+0000,,FALSE,null
ah_10a6_env_tap_qtr,2025Q2,LAB10_Laboratory Name 10,HllvX50cXC0,HllvX50cXC0,0,user1,2025-07-07T03:09:45.458+0000,,FALSE,null
ah_10a6_env_tap_qtr,2024Q4,LAB10_Laboratory Name 10,HllvX50cXC0,HllvX50cXC0,0,user1,2025-01-10T03:28:33.338+0000,,FALSE,null
ah_10a6_env_tap_qtr,2025Q1,LAB10_Laboratory Name 10,HllvX50cXC0,HllvX50cXC0,0,user1,2025-04-09T06:30:50.397+0000,,FALSE,null
ah_10a7_env_bottledwtr_qtr,2025Q2,LAB10_Laboratory Name 10,HllvX50cXC0,HllvX50cXC0,0,user1,2025-07-07T03:09:44.861+0000,,FALSE,null
ah_10a7_env_bottledwtr_qtr,2024Q4,LAB10_Laboratory Name 10,HllvX50cXC0,HllvX50cXC0,0,user1,2025-01-10T03:28:33.701+0000,,FALSE,null
ah_10a7_env_bottledwtr_qtr,2025Q1,LAB10_Laboratory Name 10,HllvX50cXC0,HllvX50cXC0,0,user1,2025-04-09T06:30:50.998+0000,,FALSE,null
ah_10a8_env_aquaculture_qtr,2025Q2,LAB10_Laboratory Name 10,HllvX50cXC0,HllvX50cXC0,0,user1,2025-07-07T03:09:45.978+0000,,FALSE,null
ah_10a8_env_aquaculture_qtr,2024Q4,LAB10_Laboratory Name 10,HllvX50cXC0,HllvX50cXC0,0,user1,2025-01-10T03:28:34.589+0000,,FALSE,null
ah_10a8_env_aquaculture_qtr,2025Q1,LAB10_Laboratory Name 10,HllvX50cXC0,HllvX50cXC0,0,user1,2025-04-09T06:30:51.787+0000,,FALSE,null
ah_10a9_env_other_qtr,2025Q2,LAB10_Laboratory Name 10,HllvX50cXC0,HllvX50cXC0,0,user1,2025-07-07T03:09:46.545+0000,,FALSE,null
ah_10a9_env_other_qtr,2024Q4,LAB10_Laboratory Name 10,HllvX50cXC0,HllvX50cXC0,0,user1,2025-01-10T03:28:36.079+0000,,FALSE,null
ah_10a9_env_other_qtr,2025Q1,LAB10_Laboratory Name 10,HllvX50cXC0,HllvX50cXC0,0,user1,2025-04-09T06:30:52.488+0000,,FALSE,null
ah_11a1_food_chicken_qtr,2025Q2,LAB10_Laboratory Name 10,HllvX50cXC0,HllvX50cXC0,0,user1,2025-07-07T03:10:20.468+0000,,FALSE,null
ah_11a1_food_chicken_qtr,2024Q4,LAB10_Laboratory Name 10,HllvX50cXC0,HllvX50cXC0,0,user1,2025-01-10T03:29:04.449+0000,,FALSE,null
ah_11a1_food_chicken_qtr,2025Q1,LAB10_Laboratory Name 10,HllvX50cXC0,HllvX50cXC0,0,user1,2025-04-09T06:30:53.367+0000,,FALSE,null
ah_11a2_food_egg_qtr,2025Q2,LAB10_Laboratory Name 10,HllvX50cXC0,HllvX50cXC0,0,user1,2025-07-07T03:10:21.021+0000,,FALSE,null
ah_11a2_food_egg_qtr,2024Q4,LAB10_Laboratory Name 10,HllvX50cXC0,HllvX50cXC0,0,user1,2025-01-10T03:29:05.022+0000,,FALSE,null
ah_11a2_food_egg_qtr,2025Q1,LAB10_Laboratory Name 10,HllvX50cXC0,HllvX50cXC0,0,user1,2025-04-09T06:30:54.426+0000,,FALSE,null
ah_11a3_food_pork_qtr,2025Q2,LAB10_Laboratory Name 10,HllvX50cXC0,HllvX50cXC0,0,user1,2025-07-07T03:10:21.401+0000,,FALSE,null
ah_11a3_food_pork_qtr,2024Q4,LAB10_Laboratory Name 10,HllvX50cXC0,HllvX50cXC0,0,user1,2025-01-10T03:29:05.234+0000,,FALSE,null
ah_11a3_food_pork_qtr,2025Q1,LAB10_Laboratory Name 10,HllvX50cXC0,HllvX50cXC0,0,user1,2025-04-09T06:30:55.238+0000,,FALSE,null
ah_11a4_food_beef_qtr,2025Q2,LAB10_Laboratory Name 10,HllvX50cXC0,HllvX50cXC0,0,user1,2025-07-07T03:10:21.824+0000,,FALSE,null
ah_11a4_food_beef_qtr,2024Q4,LAB10_Laboratory Name 10,HllvX50cXC0,HllvX50cXC0,0,user1,2025-01-10T03:29:06.546+0000,,FALSE,null
ah_11a4_food_beef_qtr,2025Q1,LAB10_Laboratory Name 10,HllvX50cXC0,HllvX50cXC0,0,user1,2025-04-09T06:30:57.054+0000,,FALSE,null
ah_11a5_food_SmallRuminantMeat_qtr,2025Q2,LAB10_Laboratory Name 10,HllvX50cXC0,HllvX50cXC0,0,user1,2025-07-07T03:10:22.250+0000,,FALSE,null
ah_11a5_food_SmallRuminantMeat_qtr,2024Q4,LAB10_Laboratory Name 10,HllvX50cXC0,HllvX50cXC0,0,user1,2025-01-10T03:29:07.445+0000,,FALSE,null
ah_11a5_food_SmallRuminantMeat_qtr,2025Q1,LAB10_Laboratory Name 10,HllvX50cXC0,HllvX50cXC0,0,user1,2025-04-09T06:30:57.742+0000,,FALSE,null
ah_11a6_food_milk_qtr,2025Q2,LAB10_Laboratory Name 10,HllvX50cXC0,HllvX50cXC0,0,user1,2025-07-07T03:10:22.634+0000,,FALSE,null
ah_11a6_food_milk_qtr,2024Q4,LAB10_Laboratory Name 10,HllvX50cXC0,HllvX50cXC0,0,user1,2025-01-10T03:29:08.161+0000,,FALSE,null
ah_11a6_food_milk_qtr,2025Q1,LAB10_Laboratory Name 10,HllvX50cXC0,HllvX50cXC0,0,user1,2025-04-09T06:30:58.487+0000,,FALSE,null
ah_11a7_food_aquatic_qtr,2025Q2,LAB10_Laboratory Name 10,HllvX50cXC0,HllvX50cXC0,0,user1,2025-07-07T03:10:23.074+0000,,FALSE,null
ah_11a7_food_aquatic_qtr,2024Q4,LAB10_Laboratory Name 10,HllvX50cXC0,HllvX50cXC0,0,user1,2025-01-10T03:29:08.849+0000,,FALSE,null
ah_11a7_food_aquatic_qtr,2025Q1,LAB10_Laboratory Name 10,HllvX50cXC0,HllvX50cXC0,0,user1,2025-04-09T06:30:59.146+0000,,FALSE,null
ah_11a8_food_plants_qtr,2025Q2,LAB10_Laboratory Name 10,HllvX50cXC0,HllvX50cXC0,0,user1,2025-07-07T03:10:23.577+0000,,FALSE,null
ah_11a8_food_plants_qtr,2024Q4,LAB10_Laboratory Name 10,HllvX50cXC0,HllvX50cXC0,0,user1,2025-01-10T03:29:09.662+0000,,FALSE,null
ah_11a8_food_plants_qtr,2025Q1,LAB10_Laboratory Name 10,HllvX50cXC0,HllvX50cXC0,0,user1,2025-04-09T06:30:59.802+0000,,FALSE,null
ah_11a9_food_other_qtr,2025Q2,LAB10_Laboratory Name 10,HllvX50cXC0,HllvX50cXC0,0,user1,2025-07-07T03:10:23.907+0000,,FALSE,null
ah_11a9_food_other_qtr,2024Q4,LAB10_Laboratory Name 10,HllvX50cXC0,HllvX50cXC0,0,user1,2025-01-10T03:29:12.042+0000,,FALSE,null
ah_11a9_food_other_qtr,2025Q1,LAB10_Laboratory Name 10,HllvX50cXC0,HllvX50cXC0,0,user1,2025-04-09T06:31:00.841+0000,,FALSE,null
env_samples_qtr,2025Q2,LAB10_Laboratory Name 10,HllvX50cXC0,HllvX50cXC0,FALSE,user1,2025-07-07T03:09:04.064+0000,,FALSE,null
env_samples_qtr,2024Q4,LAB10_Laboratory Name 10,HllvX50cXC0,HllvX50cXC0,FALSE,user1,2025-01-09T03:39:18.356+0000,,FALSE,null
env_samples_qtr,2024Q3,LAB10_Laboratory Name 10,HllvX50cXC0,HllvX50cXC0,FALSE,user1,2024-10-10T03:39:59.288+0000,,FALSE,null
env_samples_qtr,2025Q1,LAB10_Laboratory Name 10,HllvX50cXC0,HllvX50cXC0,FALSE,user1,2025-04-09T06:29:25.711+0000,,FALSE,null
food_samples_qtr,2025Q2,LAB10_Laboratory Name 10,HllvX50cXC0,HllvX50cXC0,FALSE,user1,2025-07-07T03:09:04.577+0000,,FALSE,null
food_samples_qtr,2024Q4,LAB10_Laboratory Name 10,HllvX50cXC0,HllvX50cXC0,FALSE,user1,2025-01-09T03:39:18.784+0000,,FALSE,null
food_samples_qtr,2024Q3,LAB10_Laboratory Name 10,HllvX50cXC0,HllvX50cXC0,FALSE,user1,2024-10-10T03:39:59.811+0000,,FALSE,null
food_samples_qtr,2025Q1,LAB10_Laboratory Name 10,HllvX50cXC0,HllvX50cXC0,FALSE,user1,2025-04-09T06:29:26.734+0000,,FALSE,null
hh_samples_qtr,2025Q2,LAB10_Laboratory Name 10,HllvX50cXC0,HllvX50cXC0,TRUE,user1,2025-07-07T03:09:03.462+0000,,FALSE,null
hh_samples_qtr,2024Q4,LAB10_Laboratory Name 10,HllvX50cXC0,HllvX50cXC0,TRUE,user1,2025-01-09T03:39:18.356+0000,,FALSE,null
hh_samples_qtr,2024Q3,LAB10_Laboratory Name 10,HllvX50cXC0,HllvX50cXC0,TRUE,user1,2024-10-10T03:39:58.767+0000,,FALSE,null
hh_samples_qtr,2025Q1,LAB10_Laboratory Name 10,HllvX50cXC0,HllvX50cXC0,TRUE,user1,2025-04-09T06:29:24.790+0000,,FALSE,null
hh_8a1_cerebrospinalfluid_qtr,2023Q2,LAB06_Laboratory Name 6,HllvX50cXC0,HllvX50cXC0,52,user2,2025-10-01T06:08:48.000+0000,,FALSE,null
hh_8a1_cerebrospinalfluid_qtr,2023Q3,LAB06_Laboratory Name 6,HllvX50cXC0,HllvX50cXC0,50,user2,2025-10-01T06:08:48.000+0000,,FALSE,null
hh_8a1_cerebrospinalfluid_qtr,2023Q4,LAB06_Laboratory Name 6,HllvX50cXC0,HllvX50cXC0,55,user2,2025-10-01T06:08:48.000+0000,,FALSE,null
hh_8a1_cerebrospinalfluid_qtr,2023Q1,LAB06_Laboratory Name 6,HllvX50cXC0,HllvX50cXC0,40,user2,2025-10-01T06:08:48.000+0000,,FALSE,null
hh_8a1_cerebrospinalfluid_qtr,2022Q1,LAB06_Laboratory Name 6,HllvX50cXC0,HllvX50cXC0,48,user2,2025-10-01T06:08:48.000+0000,,FALSE,null
hh_8a1_cerebrospinalfluid_qtr,2021Q3,LAB06_Laboratory Name 6,HllvX50cXC0,HllvX50cXC0,30,user2,2025-10-01T06:08:48.000+0000,,FALSE,null
hh_8a1_cerebrospinalfluid_qtr,2021Q1,LAB06_Laboratory Name 6,HllvX50cXC0,HllvX50cXC0,103,user2,2025-10-01T06:08:48.000+0000,,FALSE,null
hh_8a1_cerebrospinalfluid_qtr,2021Q2,LAB06_Laboratory Name 6,HllvX50cXC0,HllvX50cXC0,82,user2,2025-10-01T06:08:48.000+0000,,FALSE,null
hh_8a1_cerebrospinalfluid_qtr,2022Q4,LAB06_Laboratory Name 6,HllvX50cXC0,HllvX50cXC0,60,user2,2025-10-01T06:08:48.000+0000,,FALSE,null
hh_8a1_cerebrospinalfluid_qtr,2022Q2,LAB06_Laboratory Name 6,HllvX50cXC0,HllvX50cXC0,67,user2,2025-10-01T06:08:48.000+0000,,FALSE,null
hh_8a1_cerebrospinalfluid_qtr,2021Q4,LAB06_Laboratory Name 6,HllvX50cXC0,HllvX50cXC0,40,user2,2025-10-01T06:08:48.000+0000,,FALSE,null
hh_8a1_cerebrospinalfluid_qtr,2022Q3,LAB06_Laboratory Name 6,HllvX50cXC0,HllvX50cXC0,67,user2,2025-10-01T06:08:48.000+0000,,FALSE,null
hh_8a1_cerebrospinalfluid_qtr,2024Q1,LAB06_Laboratory Name 6,HllvX50cXC0,HllvX50cXC0,73,user2,2025-10-01T06:08:48.000+0000,,FALSE,null
hh_8a1_cerebrospinalfluid_qtr,2025Q2,LAB06_Laboratory Name 6,HllvX50cXC0,HllvX50cXC0,62,user1,2025-07-07T03:02:46.292+0000,,FALSE,null
hh_8a1_cerebrospinalfluid_qtr,2024Q4,LAB06_Laboratory Name 6,HllvX50cXC0,HllvX50cXC0,58,user1,2025-01-09T03:11:40.237+0000,,FALSE,null
hh_8a1_cerebrospinalfluid_qtr,2024Q2,LAB06_Laboratory Name 6,HllvX50cXC0,HllvX50cXC0,79,user1,2024-07-08T04:39:22.266+0000,,FALSE,null
hh_8a1_cerebrospinalfluid_qtr,2024Q3,LAB06_Laboratory Name 6,HllvX50cXC0,HllvX50cXC0,75,user1,2024-10-10T03:26:55.390+0000,,FALSE,null
hh_8a1_cerebrospinalfluid_qtr,2025Q1,LAB06_Laboratory Name 6,HllvX50cXC0,HllvX50cXC0,44,user1,2025-04-09T05:47:30.527+0000,,FALSE,null
hh_8a2_cerebrospinalfluid_positive_qtr,2023Q2,LAB06_Laboratory Name 6,HllvX50cXC0,HllvX50cXC0,1,user2,2025-10-01T06:08:48.000+0000,,FALSE,null
hh_8a2_cerebrospinalfluid_positive_qtr,2023Q3,LAB06_Laboratory Name 6,HllvX50cXC0,HllvX50cXC0,4,user2,2025-10-01T06:08:48.000+0000,,FALSE,null
hh_8a2_cerebrospinalfluid_positive_qtr,2023Q4,LAB06_Laboratory Name 6,HllvX50cXC0,HllvX50cXC0,0,user2,2025-10-01T06:08:48.000+0000,,FALSE,null
hh_8a2_cerebrospinalfluid_positive_qtr,2023Q1,LAB06_Laboratory Name 6,HllvX50cXC0,HllvX50cXC0,4,user2,2025-10-01T06:08:48.000+0000,,FALSE,null
hh_8a2_cerebrospinalfluid_positive_qtr,2022Q1,LAB06_Laboratory Name 6,HllvX50cXC0,HllvX50cXC0,1,user2,2025-10-01T06:08:48.000+0000,,FALSE,null
hh_8a2_cerebrospinalfluid_positive_qtr,2021Q3,LAB06_Laboratory Name 6,HllvX50cXC0,HllvX50cXC0,2,user2,2025-10-01T06:08:48.000+0000,,FALSE,null
hh_8a2_cerebrospinalfluid_positive_qtr,2021Q1,LAB06_Laboratory Name 6,HllvX50cXC0,HllvX50cXC0,0,user2,2025-10-01T06:08:48.000+0000,,FALSE,null
hh_8a2_cerebrospinalfluid_positive_qtr,2021Q2,LAB06_Laboratory Name 6,HllvX50cXC0,HllvX50cXC0,1,user2,2025-10-01T06:08:48.000+0000,,FALSE,null
hh_8a2_cerebrospinalfluid_positive_qtr,2022Q4,LAB06_Laboratory Name 6,HllvX50cXC0,HllvX50cXC0,3,user2,2025-10-01T06:08:48.000+0000,,FALSE,null
hh_8a2_cerebrospinalfluid_positive_qtr,2022Q2,LAB06_Laboratory Name 6,HllvX50cXC0,HllvX50cXC0,2,user2,2025-10-01T06:08:48.000+0000,,FALSE,null
hh_8a2_cerebrospinalfluid_positive_qtr,2021Q4,LAB06_Laboratory Name 6,HllvX50cXC0,HllvX50cXC0,0,user2,2025-10-01T06:08:48.000+0000,,FALSE,null
hh_8a2_cerebrospinalfluid_positive_qtr,2022Q3,LAB06_Laboratory Name 6,HllvX50cXC0,HllvX50cXC0,1,user2,2025-10-01T06:08:48.000+0000,,FALSE,null
hh_8a2_cerebrospinalfluid_positive_qtr,2024Q1,LAB06_Laboratory Name 6,HllvX50cXC0,HllvX50cXC0,1,user2,2025-10-01T06:08:48.000+0000,,FALSE,null
hh_8a2_cerebrospinalfluid_positive_qtr,2025Q2,LAB06_Laboratory Name 6,HllvX50cXC0,HllvX50cXC0,2,user1,2025-07-07T03:02:46.883+0000,,FALSE,null
hh_8a2_cerebrospinalfluid_positive_qtr,2024Q4,LAB06_Laboratory Name 6,HllvX50cXC0,HllvX50cXC0,1,user1,2025-01-09T03:11:42.797+0000,,FALSE,null
hh_8a2_cerebrospinalfluid_positive_qtr,2024Q2,LAB06_Laboratory Name 6,HllvX50cXC0,HllvX50cXC0,1,user1,2024-07-08T04:39:29.557+0000,,FALSE,null
hh_8a2_cerebrospinalfluid_positive_qtr,2024Q3,LAB06_Laboratory Name 6,HllvX50cXC0,HllvX50cXC0,2,user1,2024-10-10T03:26:57.195+0000,,FALSE,null
hh_8a2_cerebrospinalfluid_positive_qtr,2025Q1,LAB06_Laboratory Name 6,HllvX50cXC0,HllvX50cXC0,2,user1,2025-04-09T05:47:32.357+0000,,FALSE,null
hh_8b1_urine_qtr,2023Q2,LAB06_Laboratory Name 6,HllvX50cXC0,HllvX50cXC0,446,user2,2025-10-01T06:08:48.000+0000,,FALSE,null
hh_8b1_urine_qtr,2023Q3,LAB06_Laboratory Name 6,HllvX50cXC0,HllvX50cXC0,414,user2,2025-10-01T06:08:48.000+0000,,FALSE,null
hh_8b1_urine_qtr,2023Q4,LAB06_Laboratory Name 6,HllvX50cXC0,HllvX50cXC0,417,user2,2025-10-01T06:08:48.000+0000,,FALSE,null
hh_8b1_urine_qtr,2023Q1,LAB06_Laboratory Name 6,HllvX50cXC0,HllvX50cXC0,266,user2,2025-10-01T06:08:48.000+0000,,FALSE,null
hh_8b1_urine_qtr,2022Q1,LAB06_Laboratory Name 6,HllvX50cXC0,HllvX50cXC0,214,user2,2025-10-01T06:08:48.000+0000,,FALSE,null
hh_8b1_urine_qtr,2021Q3,LAB06_Laboratory Name 6,HllvX50cXC0,HllvX50cXC0,164,user2,2025-10-01T06:08:48.000+0000,,FALSE,null
hh_8b1_urine_qtr,2021Q1,LAB06_Laboratory Name 6,HllvX50cXC0,HllvX50cXC0,242,user2,2025-10-01T06:08:48.000+0000,,FALSE,null
hh_8b1_urine_qtr,2021Q2,LAB06_Laboratory Name 6,HllvX50cXC0,HllvX50cXC0,320,user2,2025-10-01T06:08:48.000+0000,,FALSE,null
hh_8b1_urine_qtr,2022Q4,LAB06_Laboratory Name 6,HllvX50cXC0,HllvX50cXC0,314,user2,2025-10-01T06:08:48.000+0000,,FALSE,null
hh_8b1_urine_qtr,2022Q2,LAB06_Laboratory Name 6,HllvX50cXC0,HllvX50cXC0,398,user2,2025-10-01T06:08:48.000+0000,,FALSE,null
hh_8b1_urine_qtr,2021Q4,LAB06_Laboratory Name 6,HllvX50cXC0,HllvX50cXC0,243,user2,2025-10-01T06:08:48.000+0000,,FALSE,null
hh_8b1_urine_qtr,2022Q3,LAB06_Laboratory Name 6,HllvX50cXC0,HllvX50cXC0,383,user2,2025-10-01T06:08:48.000+0000,,FALSE,null
hh_8b1_urine_qtr,2024Q1,LAB06_Laboratory Name 6,HllvX50cXC0,HllvX50cXC0,452,user2,2025-10-01T06:08:48.000+0000,,FALSE,null
hh_8b1_urine_qtr,2025Q2,LAB06_Laboratory Name 6,HllvX50cXC0,HllvX50cXC0,603,user1,2025-07-07T03:02:53.153+0000,,FALSE,null
hh_8b1_urine_qtr,2024Q4,LAB06_Laboratory Name 6,HllvX50cXC0,HllvX50cXC0,627,user1,2025-01-09T03:11:46.153+0000,,FALSE,null
hh_8b1_urine_qtr,2024Q2,LAB06_Laboratory Name 6,HllvX50cXC0,HllvX50cXC0,654,user1,2024-07-08T04:39:35.489+0000,,FALSE,null
hh_8b1_urine_qtr,2024Q3,LAB06_Laboratory Name 6,HllvX50cXC0,HllvX50cXC0,710,user1,2024-10-10T03:26:58.497+0000,,FALSE,null
hh_8b1_urine_qtr,2025Q1,LAB06_Laboratory Name 6,HllvX50cXC0,HllvX50cXC0,458,user1,2025-04-09T05:47:57.953+0000,,FALSE,null
hh_8b2_urine_positive_qtr,2023Q2,LAB06_Laboratory Name 6,HllvX50cXC0,HllvX50cXC0,119,user2,2025-10-01T06:08:48.000+0000,,FALSE,null
hh_8b2_urine_positive_qtr,2023Q3,LAB06_Laboratory Name 6,HllvX50cXC0,HllvX50cXC0,119,user2,2025-10-01T06:08:48.000+0000,,FALSE,null
hh_8b2_urine_positive_qtr,2023Q4,LAB06_Laboratory Name 6,HllvX50cXC0,HllvX50cXC0,98,user2,2025-10-01T06:08:48.000+0000,,FALSE,null
hh_8b2_urine_positive_qtr,2023Q1,LAB06_Laboratory Name 6,HllvX50cXC0,HllvX50cXC0,83,user2,2025-10-01T06:08:48.000+0000,,FALSE,null
hh_8b2_urine_positive_qtr,2022Q1,LAB06_Laboratory Name 6,HllvX50cXC0,HllvX50cXC0,66,user2,2025-10-01T06:08:48.000+0000,,FALSE,null
hh_8b2_urine_positive_qtr,2021Q3,LAB06_Laboratory Name 6,HllvX50cXC0,HllvX50cXC0,33,user2,2025-10-01T06:08:48.000+0000,,FALSE,null
hh_8b2_urine_positive_qtr,2021Q1,LAB06_Laboratory Name 6,HllvX50cXC0,HllvX50cXC0,54,user2,2025-10-01T06:08:48.000+0000,,FALSE,null
hh_8b2_urine_positive_qtr,2021Q2,LAB06_Laboratory Name 6,HllvX50cXC0,HllvX50cXC0,81,user2,2025-10-01T06:08:48.000+0000,,FALSE,null
hh_8b2_urine_positive_qtr,2022Q4,LAB06_Laboratory Name 6,HllvX50cXC0,HllvX50cXC0,105,user2,2025-10-01T06:08:48.000+0000,,FALSE,null
hh_8b2_urine_positive_qtr,2022Q2,LAB06_Laboratory Name 6,HllvX50cXC0,HllvX50cXC0,92,user2,2025-10-01T06:08:48.000+0000,,FALSE,null
hh_8b2_urine_positive_qtr,2021Q4,LAB06_Laboratory Name 6,HllvX50cXC0,HllvX50cXC0,66,user2,2025-10-01T06:08:48.000+0000,,FALSE,null
hh_8b2_urine_positive_qtr,2022Q3,LAB06_Laboratory Name 6,HllvX50cXC0,HllvX50cXC0,96,user2,2025-10-01T06:08:48.000+0000,,FALSE,null
hh_8b2_urine_positive_qtr,2024Q1,LAB06_Laboratory Name 6,HllvX50cXC0,HllvX50cXC0,151,user2,2025-10-01T06:08:48.000+0000,,FALSE,null
hh_8b2_urine_positive_qtr,2025Q2,LAB06_Laboratory Name 6,HllvX50cXC0,HllvX50cXC0,177,user1,2025-07-07T03:02:56.179+0000,,FALSE,null
hh_8b2_urine_positive_qtr,2024Q4,LAB06_Laboratory Name 6,HllvX50cXC0,HllvX50cXC0,192,user1,2025-01-09T03:11:48.858+0000,,FALSE,null
hh_8b2_urine_positive_qtr,2024Q2,LAB06_Laboratory Name 6,HllvX50cXC0,HllvX50cXC0,220,user1,2024-07-08T04:49:13.113+0000,,FALSE,null
hh_8b2_urine_positive_qtr,2024Q3,LAB06_Laboratory Name 6,HllvX50cXC0,HllvX50cXC0,229,user1,2024-10-10T03:27:00.895+0000,,FALSE,null
hh_8b2_urine_positive_qtr,2025Q1,LAB06_Laboratory Name 6,HllvX50cXC0,HllvX50cXC0,167,user1,2025-04-09T05:48:03.501+0000,,FALSE,null
hh_8c1_stool_qtr,2023Q2,LAB06_Laboratory Name 6,HllvX50cXC0,HllvX50cXC0,31,user2,2025-10-01T06:08:48.000+0000,,FALSE,null
hh_8c1_stool_qtr,2023Q3,LAB06_Laboratory Name 6,HllvX50cXC0,HllvX50cXC0,35,user2,2025-10-01T06:08:48.000+0000,,FALSE,null
hh_8c1_stool_qtr,2023Q4,LAB06_Laboratory Name 6,HllvX50cXC0,HllvX50cXC0,25,user2,2025-10-01T06:08:48.000+0000,,FALSE,null
hh_8c1_stool_qtr,2023Q1,LAB06_Laboratory Name 6,HllvX50cXC0,HllvX50cXC0,25,user2,2025-10-01T06:08:48.000+0000,,FALSE,null
hh_8c1_stool_qtr,2022Q1,LAB06_Laboratory Name 6,HllvX50cXC0,HllvX50cXC0,15,user2,2025-10-01T06:08:48.000+0000,,FALSE,null
hh_8c1_stool_qtr,2021Q3,LAB06_Laboratory Name 6,HllvX50cXC0,HllvX50cXC0,19,user2,2025-10-01T06:08:48.000+0000,,FALSE,null
hh_8c1_stool_qtr,2021Q1,LAB06_Laboratory Name 6,HllvX50cXC0,HllvX50cXC0,37,user2,2025-10-01T06:08:48.000+0000,,FALSE,null
hh_8c1_stool_qtr,2021Q2,LAB06_Laboratory Name 6,HllvX50cXC0,HllvX50cXC0,54,user2,2025-10-01T06:08:48.000+0000,,FALSE,null
hh_8c1_stool_qtr,2022Q4,LAB06_Laboratory Name 6,HllvX50cXC0,HllvX50cXC0,46,user2,2025-10-01T06:08:48.000+0000,,FALSE,null
hh_8c1_stool_qtr,2022Q2,LAB06_Laboratory Name 6,HllvX50cXC0,HllvX50cXC0,56,user2,2025-10-01T06:08:48.000+0000,,FALSE,null
hh_8c1_stool_qtr,2021Q4,LAB06_Laboratory Name 6,HllvX50cXC0,HllvX50cXC0,38,user2,2025-10-01T06:08:48.000+0000,,FALSE,null
hh_8c1_stool_qtr,2022Q3,LAB06_Laboratory Name 6,HllvX50cXC0,HllvX50cXC0,45,user2,2025-10-01T06:08:48.000+0000,,FALSE,null
hh_8c1_stool_qtr,2024Q1,LAB06_Laboratory Name 6,HllvX50cXC0,HllvX50cXC0,47,user2,2025-10-01T06:08:48.000+0000,,FALSE,null
hh_8c1_stool_qtr,2025Q2,LAB06_Laboratory Name 6,HllvX50cXC0,HllvX50cXC0,94,user1,2025-07-07T03:02:58.762+0000,,FALSE,null
hh_8c1_stool_qtr,2024Q4,LAB06_Laboratory Name 6,HllvX50cXC0,HllvX50cXC0,69,user1,2025-01-09T03:11:51.446+0000,,FALSE,null
hh_8c1_stool_qtr,2024Q2,LAB06_Laboratory Name 6,HllvX50cXC0,HllvX50cXC0,65,user1,2024-07-08T04:49:26.300+0000,,FALSE,null
hh_8c1_stool_qtr,2024Q3,LAB06_Laboratory Name 6,HllvX50cXC0,HllvX50cXC0,86,user1,2024-10-10T03:27:04.030+0000,,FALSE,null
hh_8c1_stool_qtr,2025Q1,LAB06_Laboratory Name 6,HllvX50cXC0,HllvX50cXC0,48,user1,2025-04-09T05:48:15.995+0000,,FALSE,null
hh_8c2_stool_positive_qtr,2023Q2,LAB06_Laboratory Name 6,HllvX50cXC0,HllvX50cXC0,5,user2,2025-10-01T06:08:48.000+0000,,FALSE,null
hh_8c2_stool_positive_qtr,2023Q3,LAB06_Laboratory Name 6,HllvX50cXC0,HllvX50cXC0,6,user2,2025-10-01T06:08:48.000+0000,,FALSE,null
hh_8c2_stool_positive_qtr,2023Q4,LAB06_Laboratory Name 6,HllvX50cXC0,HllvX50cXC0,3,user2,2025-10-01T06:08:48.000+0000,,FALSE,null
hh_8c2_stool_positive_qtr,2023Q1,LAB06_Laboratory Name 6,HllvX50cXC0,HllvX50cXC0,2,user2,2025-10-01T06:08:48.000+0000,,FALSE,null
hh_8c2_stool_positive_qtr,2022Q1,LAB06_Laboratory Name 6,HllvX50cXC0,HllvX50cXC0,0,user2,2025-10-01T06:08:48.000+0000,,FALSE,null
hh_8c2_stool_positive_qtr,2021Q3,LAB06_Laboratory Name 6,HllvX50cXC0,HllvX50cXC0,0,user2,2025-10-01T06:08:48.000+0000,,FALSE,null
hh_8c2_stool_positive_qtr,2021Q1,LAB06_Laboratory Name 6,HllvX50cXC0,HllvX50cXC0,2,user2,2025-10-01T06:08:48.000+0000,,FALSE,null
hh_8c2_stool_positive_qtr,2021Q2,LAB06_Laboratory Name 6,HllvX50cXC0,HllvX50cXC0,5,user2,2025-10-01T06:08:48.000+0000,,FALSE,null
hh_8c2_stool_positive_qtr,2022Q4,LAB06_Laboratory Name 6,HllvX50cXC0,HllvX50cXC0,1,user2,2025-10-01T06:08:48.000+0000,,FALSE,null
hh_8c2_stool_positive_qtr,2022Q2,LAB06_Laboratory Name 6,HllvX50cXC0,HllvX50cXC0,4,user2,2025-10-01T06:08:48.000+0000,,FALSE,null
hh_8c2_stool_positive_qtr,2021Q4,LAB06_Laboratory Name 6,HllvX50cXC0,HllvX50cXC0,1,user2,2025-10-01T06:08:48.000+0000,,FALSE,null
hh_8c2_stool_positive_qtr,2022Q3,LAB06_Laboratory Name 6,HllvX50cXC0,HllvX50cXC0,1,user2,2025-10-01T06:08:48.000+0000,,FALSE,null
hh_8c2_stool_positive_qtr,2024Q1,LAB06_Laboratory Name 6,HllvX50cXC0,HllvX50cXC0,8,user2,2025-10-01T06:08:48.000+0000,,FALSE,null
hh_8c2_stool_positive_qtr,2025Q2,LAB06_Laboratory Name 6,HllvX50cXC0,HllvX50cXC0,14,user1,2025-07-07T03:03:02.503+0000,,FALSE,null
hh_8c2_stool_positive_qtr,2024Q4,LAB06_Laboratory Name 6,HllvX50cXC0,HllvX50cXC0,12,user1,2025-01-09T03:11:53.739+0000,,FALSE,null
hh_8c2_stool_positive_qtr,2024Q2,LAB06_Laboratory Name 6,HllvX50cXC0,HllvX50cXC0,9,user1,2024-07-08T04:49:30.432+0000,,FALSE,null
hh_8c2_stool_positive_qtr,2024Q3,LAB06_Laboratory Name 6,HllvX50cXC0,HllvX50cXC0,14,user1,2024-10-10T03:27:05.107+0000,,FALSE,null
hh_8c2_stool_positive_qtr,2025Q1,LAB06_Laboratory Name 6,HllvX50cXC0,HllvX50cXC0,4,user1,2025-04-09T05:48:18.334+0000,,FALSE,null
hh_8d1_pus_qtr,2023Q2,LAB06_Laboratory Name 6,HllvX50cXC0,HllvX50cXC0,326,user2,2025-10-01T06:08:48.000+0000,,FALSE,null
hh_8d1_pus_qtr,2023Q3,LAB06_Laboratory Name 6,HllvX50cXC0,HllvX50cXC0,304,user2,2025-10-01T06:08:48.000+0000,,FALSE,null
hh_8d1_pus_qtr,2023Q4,LAB06_Laboratory Name 6,HllvX50cXC0,HllvX50cXC0,240,user2,2025-10-01T06:08:48.000+0000,,FALSE,null
hh_8d1_pus_qtr,2023Q1,LAB06_Laboratory Name 6,HllvX50cXC0,HllvX50cXC0,309,user2,2025-10-01T06:08:48.000+0000,,FALSE,null
hh_8d1_pus_qtr,2022Q1,LAB06_Laboratory Name 6,HllvX50cXC0,HllvX50cXC0,162,user2,2025-10-01T06:08:48.000+0000,,FALSE,null
hh_8d1_pus_qtr,2021Q3,LAB06_Laboratory Name 6,HllvX50cXC0,HllvX50cXC0,118,user2,2025-10-01T06:08:48.000+0000,,FALSE,null
hh_8d1_pus_qtr,2021Q1,LAB06_Laboratory Name 6,HllvX50cXC0,HllvX50cXC0,0,user2,2025-10-01T06:08:48.000+0000,,FALSE,null
hh_8d1_pus_qtr,2021Q2,LAB06_Laboratory Name 6,HllvX50cXC0,HllvX50cXC0,0,user2,2025-10-01T06:08:48.000+0000,,FALSE,null
hh_8d1_pus_qtr,2022Q4,LAB06_Laboratory Name 6,HllvX50cXC0,HllvX50cXC0,308,user2,2025-10-01T06:08:48.000+0000,,FALSE,null
hh_8d1_pus_qtr,2022Q2,LAB06_Laboratory Name 6,HllvX50cXC0,HllvX50cXC0,300,user2,2025-10-01T06:08:48.000+0000,,FALSE,null
hh_8d1_pus_qtr,2021Q4,LAB06_Laboratory Name 6,HllvX50cXC0,HllvX50cXC0,170,user2,2025-10-01T06:08:48.000+0000,,FALSE,null
hh_8d1_pus_qtr,2022Q3,LAB06_Laboratory Name 6,HllvX50cXC0,HllvX50cXC0,251,user2,2025-10-01T06:08:48.000+0000,,FALSE,null
hh_8d1_pus_qtr,2024Q1,LAB06_Laboratory Name 6,HllvX50cXC0,HllvX50cXC0,225,user2,2025-10-01T06:08:48.000+0000,,FALSE,null
hh_8d1_pus_qtr,2025Q2,LAB06_Laboratory Name 6,HllvX50cXC0,HllvX50cXC0,201,user1,2025-07-07T03:03:05.647+0000,,FALSE,null
hh_8d1_pus_qtr,2024Q4,LAB06_Laboratory Name 6,HllvX50cXC0,HllvX50cXC0,301,user1,2025-01-09T03:11:56.958+0000,,FALSE,null
hh_8d1_pus_qtr,2024Q2,LAB06_Laboratory Name 6,HllvX50cXC0,HllvX50cXC0,273,user1,2024-07-08T04:49:42.658+0000,,FALSE,null
hh_8d1_pus_qtr,2024Q3,LAB06_Laboratory Name 6,HllvX50cXC0,HllvX50cXC0,294,user1,2024-10-10T03:27:08.326+0000,,FALSE,null
hh_8d1_pus_qtr,2025Q1,LAB06_Laboratory Name 6,HllvX50cXC0,HllvX50cXC0,200,user1,2025-04-09T05:48:32.948+0000,,FALSE,null
hh_8d2_pus_positive_qtr,2023Q2,LAB06_Laboratory Name 6,HllvX50cXC0,HllvX50cXC0,152,user2,2025-10-01T06:08:48.000+0000,,FALSE,null
hh_8d2_pus_positive_qtr,2023Q3,LAB06_Laboratory Name 6,HllvX50cXC0,HllvX50cXC0,172,user2,2025-10-01T06:08:48.000+0000,,FALSE,null
hh_8d2_pus_positive_qtr,2023Q4,LAB06_Laboratory Name 6,HllvX50cXC0,HllvX50cXC0,114,user2,2025-10-01T06:08:48.000+0000,,FALSE,null
hh_8d2_pus_positive_qtr,2023Q1,LAB06_Laboratory Name 6,HllvX50cXC0,HllvX50cXC0,148,user2,2025-10-01T06:08:48.000+0000,,FALSE,null
hh_8d2_pus_positive_qtr,2022Q1,LAB06_Laboratory Name 6,HllvX50cXC0,HllvX50cXC0,82,user2,2025-10-01T06:08:48.000+0000,,FALSE,null
hh_8d2_pus_positive_qtr,2021Q3,LAB06_Laboratory Name 6,HllvX50cXC0,HllvX50cXC0,68,user2,2025-10-01T06:08:48.000+0000,,FALSE,null
hh_8d2_pus_positive_qtr,2021Q1,LAB06_Laboratory Name 6,HllvX50cXC0,HllvX50cXC0,0,user2,2025-10-01T06:08:48.000+0000,,FALSE,null
hh_8d2_pus_positive_qtr,2021Q2,LAB06_Laboratory Name 6,HllvX50cXC0,HllvX50cXC0,0,user2,2025-10-01T06:08:48.000+0000,,FALSE,null
hh_8d2_pus_positive_qtr,2022Q4,LAB06_Laboratory Name 6,HllvX50cXC0,HllvX50cXC0,161,user2,2025-10-01T06:08:48.000+0000,,FALSE,null
hh_8d2_pus_positive_qtr,2022Q2,LAB06_Laboratory Name 6,HllvX50cXC0,HllvX50cXC0,158,user2,2025-10-01T06:08:48.000+0000,,FALSE,null
hh_8d2_pus_positive_qtr,2021Q4,LAB06_Laboratory Name 6,HllvX50cXC0,HllvX50cXC0,104,user2,2025-10-01T06:08:48.000+0000,,FALSE,null
hh_8d2_pus_positive_qtr,2022Q3,LAB06_Laboratory Name 6,HllvX50cXC0,HllvX50cXC0,128,user2,2025-10-01T06:08:48.000+0000,,FALSE,null
hh_8d2_pus_positive_qtr,2024Q1,LAB06_Laboratory Name 6,HllvX50cXC0,HllvX50cXC0,107,user2,2025-10-01T06:08:48.000+0000,,FALSE,null
hh_8d2_pus_positive_qtr,2025Q2,LAB06_Laboratory Name 6,HllvX50cXC0,HllvX50cXC0,109,user1,2025-07-07T03:03:08.077+0000,,FALSE,null
hh_8d2_pus_positive_qtr,2024Q4,LAB06_Laboratory Name 6,HllvX50cXC0,HllvX50cXC0,166,user1,2025-01-09T03:12:00.097+0000,,FALSE,null
hh_8d2_pus_positive_qtr,2024Q2,LAB06_Laboratory Name 6,HllvX50cXC0,HllvX50cXC0,153,user1,2024-07-08T04:49:48.988+0000,,FALSE,null
hh_8d2_pus_positive_qtr,2024Q3,LAB06_Laboratory Name 6,HllvX50cXC0,HllvX50cXC0,163,user1,2024-10-10T03:27:10.247+0000,,FALSE,null
hh_8d2_pus_positive_qtr,2025Q1,LAB06_Laboratory Name 6,HllvX50cXC0,HllvX50cXC0,93,user1,2025-04-09T05:48:34.632+0000,,FALSE,null
hh_8e1_genitourinary_qtr,2023Q2,LAB06_Laboratory Name 6,HllvX50cXC0,HllvX50cXC0,4,user2,2025-10-01T06:08:48.000+0000,,FALSE,null
hh_8e1_genitourinary_qtr,2023Q3,LAB06_Laboratory Name 6,HllvX50cXC0,HllvX50cXC0,4,user2,2025-10-01T06:08:48.000+0000,,FALSE,null
hh_8e1_genitourinary_qtr,2023Q4,LAB06_Laboratory Name 6,HllvX50cXC0,HllvX50cXC0,9,user2,2025-10-01T06:08:48.000+0000,,FALSE,null
hh_8e1_genitourinary_qtr,2023Q1,LAB06_Laboratory Name 6,HllvX50cXC0,HllvX50cXC0,4,user2,2025-10-01T06:08:48.000+0000,,FALSE,null
hh_8e1_genitourinary_qtr,2022Q1,LAB06_Laboratory Name 6,HllvX50cXC0,HllvX50cXC0,0,user2,2025-10-01T06:08:48.000+0000,,FALSE,null
hh_8e1_genitourinary_qtr,2021Q3,LAB06_Laboratory Name 6,HllvX50cXC0,HllvX50cXC0,4,user2,2025-10-01T06:08:48.000+0000,,FALSE,null
hh_8e1_genitourinary_qtr,2021Q1,LAB06_Laboratory Name 6,HllvX50cXC0,HllvX50cXC0,6,user2,2025-10-01T06:08:48.000+0000,,FALSE,null
hh_8e1_genitourinary_qtr,2021Q2,LAB06_Laboratory Name 6,HllvX50cXC0,HllvX50cXC0,5,user2,2025-10-01T06:08:48.000+0000,,FALSE,null
hh_8e1_genitourinary_qtr,2022Q4,LAB06_Laboratory Name 6,HllvX50cXC0,HllvX50cXC0,1,user2,2025-10-01T06:08:48.000+0000,,FALSE,null
hh_8e1_genitourinary_qtr,2022Q2,LAB06_Laboratory Name 6,HllvX50cXC0,HllvX50cXC0,1,user2,2025-10-01T06:08:48.000+0000,,FALSE,null
hh_8e1_genitourinary_qtr,2021Q4,LAB06_Laboratory Name 6,HllvX50cXC0,HllvX50cXC0,3,user2,2025-10-01T06:08:48.000+0000,,FALSE,null
hh_8e1_genitourinary_qtr,2022Q3,LAB06_Laboratory Name 6,HllvX50cXC0,HllvX50cXC0,10,user2,2025-10-01T06:08:48.000+0000,,FALSE,null
hh_8e1_genitourinary_qtr,2024Q1,LAB06_Laboratory Name 6,HllvX50cXC0,HllvX50cXC0,2,user2,2025-10-01T06:08:48.000+0000,,FALSE,null
hh_8e1_genitourinary_qtr,2025Q2,LAB06_Laboratory Name 6,HllvX50cXC0,HllvX50cXC0,2,user1,2025-07-07T03:03:10.032+0000,,FALSE,null
hh_8e1_genitourinary_qtr,2024Q4,LAB06_Laboratory Name 6,HllvX50cXC0,HllvX50cXC0,2,user1,2025-01-09T03:25:32.390+0000,,FALSE,null
hh_8e1_genitourinary_qtr,2024Q2,LAB06_Laboratory Name 6,HllvX50cXC0,HllvX50cXC0,1,user1,2024-07-08T04:49:51.120+0000,,FALSE,null
hh_8e1_genitourinary_qtr,2024Q3,LAB06_Laboratory Name 6,HllvX50cXC0,HllvX50cXC0,1,user1,2024-10-10T03:27:14.100+0000,,FALSE,null
hh_8e1_genitourinary_qtr,2025Q1,LAB06_Laboratory Name 6,HllvX50cXC0,HllvX50cXC0,2,user1,2025-04-09T05:48:48.150+0000,,FALSE,null
hh_8e2_genitourinary_positive_qtr,2023Q2,LAB06_Laboratory Name 6,HllvX50cXC0,HllvX50cXC0,3,user2,2025-10-01T06:08:48.000+0000,,FALSE,null
hh_8e2_genitourinary_positive_qtr,2023Q3,LAB06_Laboratory Name 6,HllvX50cXC0,HllvX50cXC0,2,user2,2025-10-01T06:08:48.000+0000,,FALSE,null
hh_8e2_genitourinary_positive_qtr,2023Q4,LAB06_Laboratory Name 6,HllvX50cXC0,HllvX50cXC0,0,user2,2025-10-01T06:08:48.000+0000,,FALSE,null
hh_8e2_genitourinary_positive_qtr,2023Q1,LAB06_Laboratory Name 6,HllvX50cXC0,HllvX50cXC0,2,user2,2025-10-01T06:08:48.000+0000,,FALSE,null
hh_8e2_genitourinary_positive_qtr,2022Q1,LAB06_Laboratory Name 6,HllvX50cXC0,HllvX50cXC0,0,user2,2025-10-01T06:08:48.000+0000,,FALSE,null
hh_8e2_genitourinary_positive_qtr,2021Q3,LAB06_Laboratory Name 6,HllvX50cXC0,HllvX50cXC0,2,user2,2025-10-01T06:08:48.000+0000,,FALSE,null
hh_8e2_genitourinary_positive_qtr,2021Q1,LAB06_Laboratory Name 6,HllvX50cXC0,HllvX50cXC0,4,user2,2025-10-01T06:08:48.000+0000,,FALSE,null
hh_8e2_genitourinary_positive_qtr,2021Q2,LAB06_Laboratory Name 6,HllvX50cXC0,HllvX50cXC0,0,user2,2025-10-01T06:08:48.000+0000,,FALSE,null
hh_8e2_genitourinary_positive_qtr,2022Q4,LAB06_Laboratory Name 6,HllvX50cXC0,HllvX50cXC0,1,user2,2025-10-01T06:08:48.000+0000,,FALSE,null
hh_8e2_genitourinary_positive_qtr,2022Q2,LAB06_Laboratory Name 6,HllvX50cXC0,HllvX50cXC0,1,user2,2025-10-01T06:08:48.000+0000,,FALSE,null
hh_8e2_genitourinary_positive_qtr,2021Q4,LAB06_Laboratory Name 6,HllvX50cXC0,HllvX50cXC0,1,user2,2025-10-01T06:08:48.000+0000,,FALSE,null
hh_8e2_genitourinary_positive_qtr,2022Q3,LAB06_Laboratory Name 6,HllvX50cXC0,HllvX50cXC0,1,user2,2025-10-01T06:08:48.000+0000,,FALSE,null
hh_8e2_genitourinary_positive_qtr,2024Q1,LAB06_Laboratory Name 6,HllvX50cXC0,HllvX50cXC0,1,user2,2025-10-01T06:08:48.000+0000,,FALSE,null
hh_8e2_genitourinary_positive_qtr,2025Q2,LAB06_Laboratory Name 6,HllvX50cXC0,HllvX50cXC0,1,user1,2025-07-07T03:03:12.918+0000,,FALSE,null
hh_8e2_genitourinary_positive_qtr,2024Q4,LAB06_Laboratory Name 6,HllvX50cXC0,HllvX50cXC0,1,user1,2025-01-09T03:12:02.765+0000,,FALSE,null
hh_8e2_genitourinary_positive_qtr,2024Q2,LAB06_Laboratory Name 6,HllvX50cXC0,HllvX50cXC0,0,user1,2024-07-08T04:49:54.400+0000,,FALSE,null
hh_8e2_genitourinary_positive_qtr,2024Q3,LAB06_Laboratory Name 6,HllvX50cXC0,HllvX50cXC0,1,user1,2024-10-10T03:27:15.576+0000,,FALSE,null
hh_8e2_genitourinary_positive_qtr,2025Q1,LAB06_Laboratory Name 6,HllvX50cXC0,HllvX50cXC0,1,user1,2025-04-09T05:48:49.891+0000,,FALSE,null
hh_8f1_blood_qtr,2023Q2,LAB06_Laboratory Name 6,HllvX50cXC0,HllvX50cXC0,459,user2,2025-10-01T06:08:48.000+0000,,FALSE,null
hh_8f1_blood_qtr,2023Q3,LAB06_Laboratory Name 6,HllvX50cXC0,HllvX50cXC0,506,user2,2025-10-01T06:08:48.000+0000,,FALSE,null
hh_8f1_blood_qtr,2023Q4,LAB06_Laboratory Name 6,HllvX50cXC0,HllvX50cXC0,929,user2,2025-10-01T06:08:48.000+0000,,FALSE,null
hh_8f1_blood_qtr,2023Q1,LAB06_Laboratory Name 6,HllvX50cXC0,HllvX50cXC0,201,user2,2025-10-01T06:08:48.000+0000,,FALSE,null
hh_8f1_blood_qtr,2022Q1,LAB06_Laboratory Name 6,HllvX50cXC0,HllvX50cXC0,547,user2,2025-10-01T06:08:48.000+0000,,FALSE,null
hh_8f1_blood_qtr,2021Q3,LAB06_Laboratory Name 6,HllvX50cXC0,HllvX50cXC0,418,user2,2025-10-01T06:08:48.000+0000,,FALSE,null
hh_8f1_blood_qtr,2021Q1,LAB06_Laboratory Name 6,HllvX50cXC0,HllvX50cXC0,939,user2,2025-10-01T06:08:48.000+0000,,FALSE,null
hh_8f1_blood_qtr,2021Q2,LAB06_Laboratory Name 6,HllvX50cXC0,HllvX50cXC0,703,user2,2025-10-01T06:08:48.000+0000,,FALSE,null
hh_8f1_blood_qtr,2022Q4,LAB06_Laboratory Name 6,HllvX50cXC0,HllvX50cXC0,552,user2,2025-10-01T06:08:48.000+0000,,FALSE,null
hh_8f1_blood_qtr,2022Q2,LAB06_Laboratory Name 6,HllvX50cXC0,HllvX50cXC0,936,user2,2025-10-01T06:08:48.000+0000,,FALSE,null
hh_8f1_blood_qtr,2021Q4,LAB06_Laboratory Name 6,HllvX50cXC0,HllvX50cXC0,723,user2,2025-10-01T06:08:48.000+0000,,FALSE,null
hh_8f1_blood_qtr,2022Q3,LAB06_Laboratory Name 6,HllvX50cXC0,HllvX50cXC0,605,user2,2025-10-01T06:08:48.000+0000,,FALSE,null
hh_8f1_blood_qtr,2024Q1,LAB06_Laboratory Name 6,HllvX50cXC0,HllvX50cXC0,1122,user2,2025-10-01T06:08:48.000+0000,,FALSE,null
hh_8f1_blood_qtr,2025Q2,LAB06_Laboratory Name 6,HllvX50cXC0,HllvX50cXC0,1304,user1,2025-07-07T03:03:17.659+0000,,FALSE,null
hh_8f1_blood_qtr,2024Q4,LAB06_Laboratory Name 6,HllvX50cXC0,HllvX50cXC0,1214,user1,2025-01-09T03:12:05.836+0000,,FALSE,null
hh_8f1_blood_qtr,2024Q2,LAB06_Laboratory Name 6,HllvX50cXC0,HllvX50cXC0,1362,user1,2024-07-08T04:50:21.643+0000,,FALSE,null
hh_8f1_blood_qtr,2024Q3,LAB06_Laboratory Name 6,HllvX50cXC0,HllvX50cXC0,1346,user1,2024-10-10T03:27:20.736+0000,,FALSE,null
hh_8f1_blood_qtr,2025Q1,LAB06_Laboratory Name 6,HllvX50cXC0,HllvX50cXC0,1039,user1,2025-04-09T05:49:15.135+0000,,FALSE,null
hh_8f2_blood_positive_qtr,2023Q2,LAB06_Laboratory Name 6,HllvX50cXC0,HllvX50cXC0,73,user2,2025-10-01T06:08:48.000+0000,,FALSE,null
hh_8f2_blood_positive_qtr,2023Q3,LAB06_Laboratory Name 6,HllvX50cXC0,HllvX50cXC0,63,user2,2025-10-01T06:08:48.000+0000,,FALSE,null
hh_8f2_blood_positive_qtr,2023Q4,LAB06_Laboratory Name 6,HllvX50cXC0,HllvX50cXC0,51,user2,2025-10-01T06:08:48.000+0000,,FALSE,null
hh_8f2_blood_positive_qtr,2023Q1,LAB06_Laboratory Name 6,HllvX50cXC0,HllvX50cXC0,18,user2,2025-10-01T06:08:48.000+0000,,FALSE,null
hh_8f2_blood_positive_qtr,2022Q1,LAB06_Laboratory Name 6,HllvX50cXC0,HllvX50cXC0,84,user2,2025-10-01T06:08:48.000+0000,,FALSE,null
hh_8f2_blood_positive_qtr,2021Q3,LAB06_Laboratory Name 6,HllvX50cXC0,HllvX50cXC0,71,user2,2025-10-01T06:08:48.000+0000,,FALSE,null
hh_8f2_blood_positive_qtr,2021Q1,LAB06_Laboratory Name 6,HllvX50cXC0,HllvX50cXC0,143,user2,2025-10-01T06:08:48.000+0000,,FALSE,null
hh_8f2_blood_positive_qtr,2021Q2,LAB06_Laboratory Name 6,HllvX50cXC0,HllvX50cXC0,126,user2,2025-10-01T06:08:48.000+0000,,FALSE,null
hh_8f2_blood_positive_qtr,2022Q4,LAB06_Laboratory Name 6,HllvX50cXC0,HllvX50cXC0,50,user2,2025-10-01T06:08:48.000+0000,,FALSE,null
hh_8f2_blood_positive_qtr,2022Q2,LAB06_Laboratory Name 6,HllvX50cXC0,HllvX50cXC0,115,user2,2025-10-01T06:08:48.000+0000,,FALSE,null
hh_8f2_blood_positive_qtr,2021Q4,LAB06_Laboratory Name 6,HllvX50cXC0,HllvX50cXC0,128,user2,2025-10-01T06:08:48.000+0000,,FALSE,null
hh_8f2_blood_positive_qtr,2022Q3,LAB06_Laboratory Name 6,HllvX50cXC0,HllvX50cXC0,63,user2,2025-10-01T06:08:48.000+0000,,FALSE,null
hh_8f2_blood_positive_qtr,2024Q1,LAB06_Laboratory Name 6,HllvX50cXC0,HllvX50cXC0,130,user2,2025-10-01T06:08:48.000+0000,,FALSE,null
hh_8f2_blood_positive_qtr,2025Q2,LAB06_Laboratory Name 6,HllvX50cXC0,HllvX50cXC0,125,user1,2025-07-07T03:03:20.079+0000,,FALSE,null
hh_8f2_blood_positive_qtr,2024Q4,LAB06_Laboratory Name 6,HllvX50cXC0,HllvX50cXC0,112,user1,2025-01-09T03:12:08.333+0000,,FALSE,null
hh_8f2_blood_positive_qtr,2024Q2,LAB06_Laboratory Name 6,HllvX50cXC0,HllvX50cXC0,152,user1,2024-07-08T04:50:28.668+0000,,FALSE,null
hh_8f2_blood_positive_qtr,2024Q3,LAB06_Laboratory Name 6,HllvX50cXC0,HllvX50cXC0,137,user1,2024-10-10T03:27:22.649+0000,,FALSE,null
hh_8f2_blood_positive_qtr,2025Q1,LAB06_Laboratory Name 6,HllvX50cXC0,HllvX50cXC0,67,user1,2025-04-09T05:49:05.045+0000,,FALSE,null
hh_8g1_other_qtr,2025Q2,LAB06_Laboratory Name 6,HllvX50cXC0,HllvX50cXC0,0,user1,2025-07-07T03:03:22.256+0000,,FALSE,null
hh_8g1_other_qtr,2024Q4,LAB06_Laboratory Name 6,HllvX50cXC0,HllvX50cXC0,0,user1,2025-01-09T03:12:10.239+0000,,FALSE,null
hh_8g1_other_qtr,2024Q2,LAB06_Laboratory Name 6,HllvX50cXC0,HllvX50cXC0,0,user1,2024-07-30T15:45:07.989+0000,,FALSE,null
hh_8g1_other_qtr,2024Q3,LAB06_Laboratory Name 6,HllvX50cXC0,HllvX50cXC0,0,user1,2024-10-10T03:27:26.253+0000,,FALSE,null
hh_8g1_other_qtr,2025Q1,LAB06_Laboratory Name 6,HllvX50cXC0,HllvX50cXC0,0,user1,2025-04-09T05:50:01.982+0000,,FALSE,null
hh_8g2_other_positive_qtr,2025Q2,LAB06_Laboratory Name 6,HllvX50cXC0,HllvX50cXC0,0,user1,2025-07-07T03:03:22.721+0000,,FALSE,null
hh_8g2_other_positive_qtr,2024Q4,LAB06_Laboratory Name 6,HllvX50cXC0,HllvX50cXC0,0,user1,2025-01-09T03:12:11.097+0000,,FALSE,null
hh_8g2_other_positive_qtr,2024Q2,LAB06_Laboratory Name 6,HllvX50cXC0,HllvX50cXC0,0,user1,2024-07-30T15:45:16.786+0000,,FALSE,null
hh_8g2_other_positive_qtr,2024Q3,LAB06_Laboratory Name 6,HllvX50cXC0,HllvX50cXC0,0,user1,2024-10-10T03:27:26.951+0000,,FALSE,null
hh_8g2_other_positive_qtr,2025Q1,LAB06_Laboratory Name 6,HllvX50cXC0,HllvX50cXC0,0,user1,2025-04-09T05:50:03.006+0000,,FALSE,null
ah_10a1_env_farm_qtr,2025Q2,LAB06_Laboratory Name 6,HllvX50cXC0,HllvX50cXC0,0,user1,2025-06-30T08:26:07.611+0000,,FALSE,null
ah_10a1_env_farm_qtr,2024Q4,LAB06_Laboratory Name 6,HllvX50cXC0,HllvX50cXC0,0,user1,2025-01-10T02:32:10.650+0000,,FALSE,null
ah_10a1_env_farm_qtr,2025Q1,LAB06_Laboratory Name 6,HllvX50cXC0,HllvX50cXC0,0,user1,2025-04-09T05:50:20.565+0000,,FALSE,null
ah_10a2_env_abattoir_qtr,2025Q2,LAB06_Laboratory Name 6,HllvX50cXC0,HllvX50cXC0,0,user1,2025-06-30T08:26:08.008+0000,,FALSE,null
ah_10a2_env_abattoir_qtr,2024Q4,LAB06_Laboratory Name 6,HllvX50cXC0,HllvX50cXC0,0,user1,2025-01-10T02:33:35.999+0000,,FALSE,null
ah_10a2_env_abattoir_qtr,2025Q1,LAB06_Laboratory Name 6,HllvX50cXC0,HllvX50cXC0,0,user1,2025-04-09T05:50:21.847+0000,,FALSE,null
ah_10a3_env_drinking_qtr,2025Q2,LAB06_Laboratory Name 6,HllvX50cXC0,HllvX50cXC0,0,user1,2025-06-30T08:26:08.421+0000,,FALSE,null
ah_10a3_env_drinking_qtr,2024Q4,LAB06_Laboratory Name 6,HllvX50cXC0,HllvX50cXC0,0,user1,2025-01-10T02:33:36.187+0000,,FALSE,null
ah_10a3_env_drinking_qtr,2025Q1,LAB06_Laboratory Name 6,HllvX50cXC0,HllvX50cXC0,0,user1,2025-04-09T05:50:22.627+0000,,FALSE,null
ah_10a4_env_sewage_qtr,2025Q2,LAB06_Laboratory Name 6,HllvX50cXC0,HllvX50cXC0,0,user1,2025-06-30T08:26:08.834+0000,,FALSE,null
ah_10a4_env_sewage_qtr,2024Q4,LAB06_Laboratory Name 6,HllvX50cXC0,HllvX50cXC0,0,user1,2025-01-10T02:33:37.523+0000,,FALSE,null
ah_10a4_env_sewage_qtr,2025Q1,LAB06_Laboratory Name 6,HllvX50cXC0,HllvX50cXC0,0,user1,2025-04-09T05:50:23.384+0000,,FALSE,null
ah_10a5_env_surfacewtr_qtr,2025Q2,LAB06_Laboratory Name 6,HllvX50cXC0,HllvX50cXC0,0,user1,2025-06-30T08:26:09.242+0000,,FALSE,null
ah_10a5_env_surfacewtr_qtr,2024Q4,LAB06_Laboratory Name 6,HllvX50cXC0,HllvX50cXC0,0,user1,2025-01-10T02:33:38.107+0000,,FALSE,null
ah_10a5_env_surfacewtr_qtr,2025Q1,LAB06_Laboratory Name 6,HllvX50cXC0,HllvX50cXC0,0,user1,2025-04-09T05:50:24.202+0000,,FALSE,null
ah_10a6_env_tap_qtr,2025Q2,LAB06_Laboratory Name 6,HllvX50cXC0,HllvX50cXC0,0,user1,2025-06-30T08:26:09.818+0000,,FALSE,null
ah_10a6_env_tap_qtr,2024Q4,LAB06_Laboratory Name 6,HllvX50cXC0,HllvX50cXC0,0,user1,2025-01-10T02:33:38.712+0000,,FALSE,null
ah_10a6_env_tap_qtr,2025Q1,LAB06_Laboratory Name 6,HllvX50cXC0,HllvX50cXC0,0,user1,2025-04-09T05:50:24.919+0000,,FALSE,null
ah_10a7_env_bottledwtr_qtr,2025Q2,LAB06_Laboratory Name 6,HllvX50cXC0,HllvX50cXC0,0,user1,2025-06-30T08:26:10.839+0000,,FALSE,null
ah_10a7_env_bottledwtr_qtr,2024Q4,LAB06_Laboratory Name 6,HllvX50cXC0,HllvX50cXC0,0,user1,2025-01-10T02:33:39.923+0000,,FALSE,null
ah_10a7_env_bottledwtr_qtr,2025Q1,LAB06_Laboratory Name 6,HllvX50cXC0,HllvX50cXC0,0,user1,2025-04-09T05:50:25.738+0000,,FALSE,null
ah_10a8_env_aquaculture_qtr,2025Q2,LAB06_Laboratory Name 6,HllvX50cXC0,HllvX50cXC0,0,user1,2025-06-30T08:26:11.711+0000,,FALSE,null
ah_10a8_env_aquaculture_qtr,2024Q4,LAB06_Laboratory Name 6,HllvX50cXC0,HllvX50cXC0,0,user1,2025-01-10T02:33:40.399+0000,,FALSE,null
ah_10a8_env_aquaculture_qtr,2025Q1,LAB06_Laboratory Name 6,HllvX50cXC0,HllvX50cXC0,0,user1,2025-04-09T05:50:26.557+0000,,FALSE,null
ah_10a9_env_other_qtr,2025Q2,LAB06_Laboratory Name 6,HllvX50cXC0,HllvX50cXC0,0,user1,2025-06-30T08:26:11.265+0000,,FALSE,null
ah_10a9_env_other_qtr,2024Q4,LAB06_Laboratory Name 6,HllvX50cXC0,HllvX50cXC0,0,user1,2025-01-10T02:33:41.659+0000,,FALSE,null
ah_10a9_env_other_qtr,2025Q1,LAB06_Laboratory Name 6,HllvX50cXC0,HllvX50cXC0,0,user1,2025-04-09T05:50:27.376+0000,,FALSE,null
ah_11a1_food_chicken_qtr,2025Q2,LAB06_Laboratory Name 6,HllvX50cXC0,HllvX50cXC0,0,user1,2025-06-30T08:26:13.760+0000,,FALSE,null
ah_11a1_food_chicken_qtr,2024Q4,LAB06_Laboratory Name 6,HllvX50cXC0,HllvX50cXC0,0,user1,2025-01-10T02:33:56.727+0000,,FALSE,null
ah_11a1_food_chicken_qtr,2025Q1,LAB06_Laboratory Name 6,HllvX50cXC0,HllvX50cXC0,0,user1,2025-04-09T05:50:28.196+0000,,FALSE,null
ah_11a2_food_egg_qtr,2025Q2,LAB06_Laboratory Name 6,HllvX50cXC0,HllvX50cXC0,0,user1,2025-06-30T08:26:14.315+0000,,FALSE,null
ah_11a2_food_egg_qtr,2024Q4,LAB06_Laboratory Name 6,HllvX50cXC0,HllvX50cXC0,0,user1,2025-01-10T02:33:57.369+0000,,FALSE,null
ah_11a2_food_egg_qtr,2025Q1,LAB06_Laboratory Name 6,HllvX50cXC0,HllvX50cXC0,0,user1,2025-04-09T05:50:28.912+0000,,FALSE,null
ah_11a3_food_pork_qtr,2025Q2,LAB06_Laboratory Name 6,HllvX50cXC0,HllvX50cXC0,0,user1,2025-06-30T08:26:14.845+0000,,FALSE,null
ah_11a3_food_pork_qtr,2024Q4,LAB06_Laboratory Name 6,HllvX50cXC0,HllvX50cXC0,0,user1,2025-01-10T02:33:58.466+0000,,FALSE,null
ah_11a3_food_pork_qtr,2025Q1,LAB06_Laboratory Name 6,HllvX50cXC0,HllvX50cXC0,0,user1,2025-04-09T05:50:29.629+0000,,FALSE,null
ah_11a4_food_beef_qtr,2025Q2,LAB06_Laboratory Name 6,HllvX50cXC0,HllvX50cXC0,0,user1,2025-06-30T08:26:15.357+0000,,FALSE,null
ah_11a4_food_beef_qtr,2024Q4,LAB06_Laboratory Name 6,HllvX50cXC0,HllvX50cXC0,0,user1,2025-01-10T02:33:59.078+0000,,FALSE,null
ah_11a4_food_beef_qtr,2025Q1,LAB06_Laboratory Name 6,HllvX50cXC0,HllvX50cXC0,0,user1,2025-04-09T05:50:30.653+0000,,FALSE,null
ah_11a5_food_SmallRuminantMeat_qtr,2025Q2,LAB06_Laboratory Name 6,HllvX50cXC0,HllvX50cXC0,0,user1,2025-06-30T08:26:15.867+0000,,FALSE,null
ah_11a5_food_SmallRuminantMeat_qtr,2024Q4,LAB06_Laboratory Name 6,HllvX50cXC0,HllvX50cXC0,0,user1,2025-01-10T02:34:00.327+0000,,FALSE,null
ah_11a5_food_SmallRuminantMeat_qtr,2025Q1,LAB06_Laboratory Name 6,HllvX50cXC0,HllvX50cXC0,0,user1,2025-04-09T05:50:31.471+0000,,FALSE,null
ah_11a6_food_milk_qtr,2025Q2,LAB06_Laboratory Name 6,HllvX50cXC0,HllvX50cXC0,0,user1,2025-06-30T08:26:16.391+0000,,FALSE,null
ah_11a6_food_milk_qtr,2024Q4,LAB06_Laboratory Name 6,HllvX50cXC0,HllvX50cXC0,0,user1,2025-01-10T02:34:00.944+0000,,FALSE,null
ah_11a6_food_milk_qtr,2025Q1,LAB06_Laboratory Name 6,HllvX50cXC0,HllvX50cXC0,0,user1,2025-04-09T05:50:32.394+0000,,FALSE,null
ah_11a7_food_aquatic_qtr,2025Q2,LAB06_Laboratory Name 6,HllvX50cXC0,HllvX50cXC0,0,user1,2025-06-30T08:26:16.845+0000,,FALSE,null
ah_11a7_food_aquatic_qtr,2024Q4,LAB06_Laboratory Name 6,HllvX50cXC0,HllvX50cXC0,0,user1,2025-01-10T02:34:01.570+0000,,FALSE,null
ah_11a7_food_aquatic_qtr,2025Q1,LAB06_Laboratory Name 6,HllvX50cXC0,HllvX50cXC0,0,user1,2025-04-09T05:50:33.111+0000,,FALSE,null
ah_11a8_food_plants_qtr,2025Q2,LAB06_Laboratory Name 6,HllvX50cXC0,HllvX50cXC0,0,user1,2025-06-30T08:26:17.324+0000,,FALSE,null
ah_11a8_food_plants_qtr,2024Q4,LAB06_Laboratory Name 6,HllvX50cXC0,HllvX50cXC0,0,user1,2025-01-10T02:34:02.158+0000,,FALSE,null
ah_11a8_food_plants_qtr,2025Q1,LAB06_Laboratory Name 6,HllvX50cXC0,HllvX50cXC0,0,user1,2025-04-09T05:50:33.828+0000,,FALSE,null
ah_11a9_food_other_qtr,2025Q2,LAB06_Laboratory Name 6,HllvX50cXC0,HllvX50cXC0,0,user1,2025-06-30T08:26:18.299+0000,,FALSE,null
ah_11a9_food_other_qtr,2024Q4,LAB06_Laboratory Name 6,HllvX50cXC0,HllvX50cXC0,0,user1,2025-01-10T02:34:02.849+0000,,FALSE,null
ah_11a9_food_other_qtr,2025Q1,LAB06_Laboratory Name 6,HllvX50cXC0,HllvX50cXC0,0,user1,2025-04-09T05:50:34.545+0000,,FALSE,null
env_samples_qtr,2025Q2,LAB06_Laboratory Name 6,HllvX50cXC0,HllvX50cXC0,FALSE,user1,2025-07-07T03:02:42.019+0000,,FALSE,null
env_samples_qtr,2024Q4,LAB06_Laboratory Name 6,HllvX50cXC0,HllvX50cXC0,FALSE,user1,2025-01-09T03:11:34.328+0000,,FALSE,null
env_samples_qtr,2024Q3,LAB06_Laboratory Name 6,HllvX50cXC0,HllvX50cXC0,FALSE,user1,2024-10-08T01:58:50.374+0000,,FALSE,null
env_samples_qtr,2025Q1,LAB06_Laboratory Name 6,HllvX50cXC0,HllvX50cXC0,FALSE,user1,2025-04-09T05:44:47.478+0000,,FALSE,null
food_samples_qtr,2025Q2,LAB06_Laboratory Name 6,HllvX50cXC0,HllvX50cXC0,FALSE,user1,2025-07-07T03:02:42.630+0000,,FALSE,null
food_samples_qtr,2024Q4,LAB06_Laboratory Name 6,HllvX50cXC0,HllvX50cXC0,FALSE,user1,2025-01-09T03:11:35.330+0000,,FALSE,null
food_samples_qtr,2024Q3,LAB06_Laboratory Name 6,HllvX50cXC0,HllvX50cXC0,FALSE,user1,2024-10-08T01:58:57.906+0000,,FALSE,null
food_samples_qtr,2025Q1,LAB06_Laboratory Name 6,HllvX50cXC0,HllvX50cXC0,FALSE,user1,2025-04-09T05:44:48.630+0000,,FALSE,null
hh_samples_qtr,2025Q2,LAB06_Laboratory Name 6,HllvX50cXC0,HllvX50cXC0,TRUE,user1,2025-07-07T03:02:41.386+0000,,FALSE,null
hh_samples_qtr,2024Q4,LAB06_Laboratory Name 6,HllvX50cXC0,HllvX50cXC0,TRUE,user1,2025-01-09T03:11:33.252+0000,,FALSE,null
hh_samples_qtr,2024Q3,LAB06_Laboratory Name 6,HllvX50cXC0,HllvX50cXC0,TRUE,user1,2024-10-08T01:58:48.034+0000,,FALSE,null
hh_samples_qtr,2025Q1,LAB06_Laboratory Name 6,HllvX50cXC0,HllvX50cXC0,TRUE,user1,2025-04-09T05:44:46.397+0000,,FALSE,null
hh_8a1_cerebrospinalfluid_qtr,2023Q2,LAB02_Laboratory Name 2,HllvX50cXC0,HllvX50cXC0,1601,user2,2025-10-01T06:08:48.000+0000,,FALSE,null
hh_8a1_cerebrospinalfluid_qtr,2023Q3,LAB02_Laboratory Name 2,HllvX50cXC0,HllvX50cXC0,1602,user2,2025-10-01T06:08:48.000+0000,,FALSE,null
hh_8a1_cerebrospinalfluid_qtr,2023Q4,LAB02_Laboratory Name 2,HllvX50cXC0,HllvX50cXC0,1631,user2,2025-10-01T06:08:48.000+0000,,FALSE,null
hh_8a1_cerebrospinalfluid_qtr,2023Q1,LAB02_Laboratory Name 2,HllvX50cXC0,HllvX50cXC0,1543,user2,2025-10-01T06:08:48.000+0000,,FALSE,null
hh_8a1_cerebrospinalfluid_qtr,2022Q1,LAB02_Laboratory Name 2,HllvX50cXC0,HllvX50cXC0,884,user2,2025-10-01T06:08:48.000+0000,,FALSE,null
hh_8a1_cerebrospinalfluid_qtr,2021Q3,LAB02_Laboratory Name 2,HllvX50cXC0,HllvX50cXC0,579,user2,2025-10-01T06:08:48.000+0000,,FALSE,null
hh_8a1_cerebrospinalfluid_qtr,2021Q1,LAB02_Laboratory Name 2,HllvX50cXC0,HllvX50cXC0,1589,user2,2025-10-01T06:08:48.000+0000,,FALSE,null
hh_8a1_cerebrospinalfluid_qtr,2021Q2,LAB02_Laboratory Name 2,HllvX50cXC0,HllvX50cXC0,903,user2,2025-10-01T06:08:48.000+0000,,FALSE,null
hh_8a1_cerebrospinalfluid_qtr,2022Q4,LAB02_Laboratory Name 2,HllvX50cXC0,HllvX50cXC0,1414,user2,2025-10-01T06:08:48.000+0000,,FALSE,null
hh_8a1_cerebrospinalfluid_qtr,2022Q2,LAB02_Laboratory Name 2,HllvX50cXC0,HllvX50cXC0,1450,user2,2025-10-01T06:08:48.000+0000,,FALSE,null
hh_8a1_cerebrospinalfluid_qtr,2022Q3,LAB02_Laboratory Name 2,HllvX50cXC0,HllvX50cXC0,1442,user2,2025-10-01T06:08:48.000+0000,,FALSE,null
hh_8a1_cerebrospinalfluid_qtr,2024Q1,LAB02_Laboratory Name 2,HllvX50cXC0,HllvX50cXC0,960,user2,2025-10-01T06:08:48.000+0000,,FALSE,null
hh_8a1_cerebrospinalfluid_qtr,2025Q2,LAB02_Laboratory Name 2,HllvX50cXC0,HllvX50cXC0,1365,user1,2025-07-07T03:00:51.853+0000,,FALSE,null
hh_8a1_cerebrospinalfluid_qtr,2024Q4,LAB02_Laboratory Name 2,HllvX50cXC0,HllvX50cXC0,1772,user1,2025-01-09T02:55:16.693+0000,,FALSE,null
hh_8a1_cerebrospinalfluid_qtr,2024Q2,LAB02_Laboratory Name 2,HllvX50cXC0,HllvX50cXC0,1251,user1,2024-07-08T05:59:30.480+0000,,FALSE,null
hh_8a1_cerebrospinalfluid_qtr,2024Q3,LAB02_Laboratory Name 2,HllvX50cXC0,HllvX50cXC0,1608,user1,2024-10-10T03:08:56.144+0000,,FALSE,null
hh_8a1_cerebrospinalfluid_qtr,2025Q1,LAB02_Laboratory Name 2,HllvX50cXC0,HllvX50cXC0,1773,user1,2025-04-09T07:18:19.054+0000,,FALSE,null
hh_8a2_cerebrospinalfluid_positive_qtr,2023Q2,LAB02_Laboratory Name 2,HllvX50cXC0,HllvX50cXC0,20,user2,2025-10-01T06:08:48.000+0000,,FALSE,null
hh_8a2_cerebrospinalfluid_positive_qtr,2023Q3,LAB02_Laboratory Name 2,HllvX50cXC0,HllvX50cXC0,29,user2,2025-10-01T06:08:48.000+0000,,FALSE,null
hh_8a2_cerebrospinalfluid_positive_qtr,2023Q4,LAB02_Laboratory Name 2,HllvX50cXC0,HllvX50cXC0,16,user2,2025-10-01T06:08:48.000+0000,,FALSE,null
hh_8a2_cerebrospinalfluid_positive_qtr,2023Q1,LAB02_Laboratory Name 2,HllvX50cXC0,HllvX50cXC0,32,user2,2025-10-01T06:08:48.000+0000,,FALSE,null
hh_8a2_cerebrospinalfluid_positive_qtr,2022Q1,LAB02_Laboratory Name 2,HllvX50cXC0,HllvX50cXC0,12,user2,2025-10-01T06:08:48.000+0000,,FALSE,null
hh_8a2_cerebrospinalfluid_positive_qtr,2021Q3,LAB02_Laboratory Name 2,HllvX50cXC0,HllvX50cXC0,9,user2,2025-10-01T06:08:48.000+0000,,FALSE,null
hh_8a2_cerebrospinalfluid_positive_qtr,2021Q1,LAB02_Laboratory Name 2,HllvX50cXC0,HllvX50cXC0,35,user2,2025-10-01T06:08:48.000+0000,,FALSE,null
hh_8a2_cerebrospinalfluid_positive_qtr,2021Q2,LAB02_Laboratory Name 2,HllvX50cXC0,HllvX50cXC0,13,user2,2025-10-01T06:08:48.000+0000,,FALSE,null
hh_8a2_cerebrospinalfluid_positive_qtr,2022Q4,LAB02_Laboratory Name 2,HllvX50cXC0,HllvX50cXC0,27,user2,2025-10-01T06:08:48.000+0000,,FALSE,null
hh_8a2_cerebrospinalfluid_positive_qtr,2022Q2,LAB02_Laboratory Name 2,HllvX50cXC0,HllvX50cXC0,24,user2,2025-10-01T06:08:48.000+0000,,FALSE,null
hh_8a2_cerebrospinalfluid_positive_qtr,2022Q3,LAB02_Laboratory Name 2,HllvX50cXC0,HllvX50cXC0,14,user2,2025-10-01T06:08:48.000+0000,,FALSE,null
hh_8a2_cerebrospinalfluid_positive_qtr,2024Q1,LAB02_Laboratory Name 2,HllvX50cXC0,HllvX50cXC0,19,user2,2025-10-01T06:08:48.000+0000,,FALSE,null
hh_8a2_cerebrospinalfluid_positive_qtr,2025Q2,LAB02_Laboratory Name 2,HllvX50cXC0,HllvX50cXC0,11,user1,2025-07-07T03:00:53.126+0000,,FALSE,null
hh_8a2_cerebrospinalfluid_positive_qtr,2024Q4,LAB02_Laboratory Name 2,HllvX50cXC0,HllvX50cXC0,19,user1,2025-01-09T02:55:20.270+0000,,FALSE,null
hh_8a2_cerebrospinalfluid_positive_qtr,2024Q2,LAB02_Laboratory Name 2,HllvX50cXC0,HllvX50cXC0,19,user1,2024-07-08T05:59:36.342+0000,,FALSE,null
hh_8a2_cerebrospinalfluid_positive_qtr,2024Q3,LAB02_Laboratory Name 2,HllvX50cXC0,HllvX50cXC0,30,user1,2024-10-10T03:08:59.299+0000,,FALSE,null
hh_8a2_cerebrospinalfluid_positive_qtr,2025Q1,LAB02_Laboratory Name 2,HllvX50cXC0,HllvX50cXC0,27,user1,2025-04-09T07:18:24.219+0000,,FALSE,null
hh_8b1_urine_qtr,2023Q2,LAB02_Laboratory Name 2,HllvX50cXC0,HllvX50cXC0,3849,user2,2025-10-01T06:08:48.000+0000,,FALSE,null
hh_8b1_urine_qtr,2023Q3,LAB02_Laboratory Name 2,HllvX50cXC0,HllvX50cXC0,4494,user2,2025-10-01T06:08:48.000+0000,,FALSE,null
hh_8b1_urine_qtr,2023Q4,LAB02_Laboratory Name 2,HllvX50cXC0,HllvX50cXC0,4246,user2,2025-10-01T06:08:48.000+0000,,FALSE,null
hh_8b1_urine_qtr,2023Q1,LAB02_Laboratory Name 2,HllvX50cXC0,HllvX50cXC0,3180,user2,2025-10-01T06:08:48.000+0000,,FALSE,null
hh_8b1_urine_qtr,2022Q1,LAB02_Laboratory Name 2,HllvX50cXC0,HllvX50cXC0,2363,user2,2025-10-01T06:08:48.000+0000,,FALSE,null
hh_8b1_urine_qtr,2021Q3,LAB02_Laboratory Name 2,HllvX50cXC0,HllvX50cXC0,2027,user2,2025-10-01T06:08:48.000+0000,,FALSE,null
hh_8b1_urine_qtr,2021Q1,LAB02_Laboratory Name 2,HllvX50cXC0,HllvX50cXC0,4091,user2,2025-10-01T06:08:48.000+0000,,FALSE,null
hh_8b1_urine_qtr,2021Q2,LAB02_Laboratory Name 2,HllvX50cXC0,HllvX50cXC0,2511,user2,2025-10-01T06:08:48.000+0000,,FALSE,null
hh_8b1_urine_qtr,2022Q4,LAB02_Laboratory Name 2,HllvX50cXC0,HllvX50cXC0,3444,user2,2025-10-01T06:08:48.000+0000,,FALSE,null
hh_8b1_urine_qtr,2022Q2,LAB02_Laboratory Name 2,HllvX50cXC0,HllvX50cXC0,3939,user2,2025-10-01T06:08:48.000+0000,,FALSE,null
hh_8b1_urine_qtr,2022Q3,LAB02_Laboratory Name 2,HllvX50cXC0,HllvX50cXC0,3128,user2,2025-10-01T06:08:48.000+0000,,FALSE,null
hh_8b1_urine_qtr,2024Q1,LAB02_Laboratory Name 2,HllvX50cXC0,HllvX50cXC0,2025,user2,2025-10-01T06:08:48.000+0000,,FALSE,null
hh_8b1_urine_qtr,2025Q2,LAB02_Laboratory Name 2,HllvX50cXC0,HllvX50cXC0,3403,user1,2025-07-07T03:01:12.614+0000,,FALSE,null
hh_8b1_urine_qtr,2024Q4,LAB02_Laboratory Name 2,HllvX50cXC0,HllvX50cXC0,4370,user1,2025-01-09T02:55:27.274+0000,,FALSE,null
hh_8b1_urine_qtr,2024Q2,LAB02_Laboratory Name 2,HllvX50cXC0,HllvX50cXC0,3497,user1,2024-07-08T05:59:48.168+0000,,FALSE,null
hh_8b1_urine_qtr,2024Q3,LAB02_Laboratory Name 2,HllvX50cXC0,HllvX50cXC0,4318,user1,2024-10-10T03:18:15.053+0000,,FALSE,null
hh_8b1_urine_qtr,2025Q1,LAB02_Laboratory Name 2,HllvX50cXC0,HllvX50cXC0,3571,user1,2025-04-09T07:18:29.872+0000,,FALSE,null
hh_8b2_urine_positive_qtr,2023Q2,LAB02_Laboratory Name 2,HllvX50cXC0,HllvX50cXC0,1042,user2,2025-10-01T06:08:48.000+0000,,FALSE,null
hh_8b2_urine_positive_qtr,2023Q3,LAB02_Laboratory Name 2,HllvX50cXC0,HllvX50cXC0,1150,user2,2025-10-01T06:08:48.000+0000,,FALSE,null
hh_8b2_urine_positive_qtr,2023Q4,LAB02_Laboratory Name 2,HllvX50cXC0,HllvX50cXC0,1048,user2,2025-10-01T06:08:48.000+0000,,FALSE,null
hh_8b2_urine_positive_qtr,2023Q1,LAB02_Laboratory Name 2,HllvX50cXC0,HllvX50cXC0,827,user2,2025-10-01T06:08:48.000+0000,,FALSE,null
hh_8b2_urine_positive_qtr,2022Q1,LAB02_Laboratory Name 2,HllvX50cXC0,HllvX50cXC0,663,user2,2025-10-01T06:08:48.000+0000,,FALSE,null
hh_8b2_urine_positive_qtr,2021Q3,LAB02_Laboratory Name 2,HllvX50cXC0,HllvX50cXC0,593,user2,2025-10-01T06:08:48.000+0000,,FALSE,null
hh_8b2_urine_positive_qtr,2021Q1,LAB02_Laboratory Name 2,HllvX50cXC0,HllvX50cXC0,1139,user2,2025-10-01T06:08:48.000+0000,,FALSE,null
hh_8b2_urine_positive_qtr,2021Q2,LAB02_Laboratory Name 2,HllvX50cXC0,HllvX50cXC0,825,user2,2025-10-01T06:08:48.000+0000,,FALSE,null
hh_8b2_urine_positive_qtr,2022Q4,LAB02_Laboratory Name 2,HllvX50cXC0,HllvX50cXC0,847,user2,2025-10-01T06:08:48.000+0000,,FALSE,null
hh_8b2_urine_positive_qtr,2022Q2,LAB02_Laboratory Name 2,HllvX50cXC0,HllvX50cXC0,1099,user2,2025-10-01T06:08:48.000+0000,,FALSE,null
hh_8b2_urine_positive_qtr,2022Q3,LAB02_Laboratory Name 2,HllvX50cXC0,HllvX50cXC0,600,user2,2025-10-01T06:08:48.000+0000,,FALSE,null
hh_8b2_urine_positive_qtr,2024Q1,LAB02_Laboratory Name 2,HllvX50cXC0,HllvX50cXC0,521,user2,2025-10-01T06:08:48.000+0000,,FALSE,null
hh_8b2_urine_positive_qtr,2025Q2,LAB02_Laboratory Name 2,HllvX50cXC0,HllvX50cXC0,793,user1,2025-07-07T03:01:16.759+0000,,FALSE,null
hh_8b2_urine_positive_qtr,2024Q4,LAB02_Laboratory Name 2,HllvX50cXC0,HllvX50cXC0,1134,user1,2025-01-09T02:55:30.028+0000,,FALSE,null
hh_8b2_urine_positive_qtr,2024Q2,LAB02_Laboratory Name 2,HllvX50cXC0,HllvX50cXC0,944,user1,2024-07-08T06:00:07.745+0000,,FALSE,null
hh_8b2_urine_positive_qtr,2024Q3,LAB02_Laboratory Name 2,HllvX50cXC0,HllvX50cXC0,1203,user1,2024-10-10T03:18:19.264+0000,,FALSE,null
hh_8b2_urine_positive_qtr,2025Q1,LAB02_Laboratory Name 2,HllvX50cXC0,HllvX50cXC0,962,user1,2025-04-09T07:18:32.964+0000,,FALSE,null
hh_8c1_stool_qtr,2023Q2,LAB02_Laboratory Name 2,HllvX50cXC0,HllvX50cXC0,349,user2,2025-10-01T06:08:48.000+0000,,FALSE,null
hh_8c1_stool_qtr,2023Q3,LAB02_Laboratory Name 2,HllvX50cXC0,HllvX50cXC0,376,user2,2025-10-01T06:08:48.000+0000,,FALSE,null
hh_8c1_stool_qtr,2023Q4,LAB02_Laboratory Name 2,HllvX50cXC0,HllvX50cXC0,325,user2,2025-10-01T06:08:48.000+0000,,FALSE,null
hh_8c1_stool_qtr,2023Q1,LAB02_Laboratory Name 2,HllvX50cXC0,HllvX50cXC0,325,user2,2025-10-01T06:08:48.000+0000,,FALSE,null
hh_8c1_stool_qtr,2022Q1,LAB02_Laboratory Name 2,HllvX50cXC0,HllvX50cXC0,232,user2,2025-10-01T06:08:48.000+0000,,FALSE,null
hh_8c1_stool_qtr,2021Q3,LAB02_Laboratory Name 2,HllvX50cXC0,HllvX50cXC0,207,user2,2025-10-01T06:08:48.000+0000,,FALSE,null
hh_8c1_stool_qtr,2021Q1,LAB02_Laboratory Name 2,HllvX50cXC0,HllvX50cXC0,408,user2,2025-10-01T06:08:48.000+0000,,FALSE,null
hh_8c1_stool_qtr,2021Q2,LAB02_Laboratory Name 2,HllvX50cXC0,HllvX50cXC0,258,user2,2025-10-01T06:08:48.000+0000,,FALSE,null
hh_8c1_stool_qtr,2022Q4,LAB02_Laboratory Name 2,HllvX50cXC0,HllvX50cXC0,283,user2,2025-10-01T06:08:48.000+0000,,FALSE,null
hh_8c1_stool_qtr,2022Q2,LAB02_Laboratory Name 2,HllvX50cXC0,HllvX50cXC0,367,user2,2025-10-01T06:08:48.000+0000,,FALSE,null
hh_8c1_stool_qtr,2022Q3,LAB02_Laboratory Name 2,HllvX50cXC0,HllvX50cXC0,228,user2,2025-10-01T06:08:48.000+0000,,FALSE,null
hh_8c1_stool_qtr,2024Q1,LAB02_Laboratory Name 2,HllvX50cXC0,HllvX50cXC0,168,user2,2025-10-01T06:08:48.000+0000,,FALSE,null
hh_8c1_stool_qtr,2025Q2,LAB02_Laboratory Name 2,HllvX50cXC0,HllvX50cXC0,277,user1,2025-07-07T03:01:26.815+0000,,FALSE,null
hh_8c1_stool_qtr,2024Q4,LAB02_Laboratory Name 2,HllvX50cXC0,HllvX50cXC0,294,user1,2025-01-09T02:55:34.388+0000,,FALSE,null
hh_8c1_stool_qtr,2024Q2,LAB02_Laboratory Name 2,HllvX50cXC0,HllvX50cXC0,272,user1,2024-07-08T06:00:13.957+0000,,FALSE,null
hh_8c1_stool_qtr,2024Q3,LAB02_Laboratory Name 2,HllvX50cXC0,HllvX50cXC0,278,user1,2024-10-10T03:18:27.572+0000,,FALSE,null
hh_8c1_stool_qtr,2025Q1,LAB02_Laboratory Name 2,HllvX50cXC0,HllvX50cXC0,258,user1,2025-04-09T07:18:39.813+0000,,FALSE,null
hh_8c2_stool_positive_qtr,2023Q2,LAB02_Laboratory Name 2,HllvX50cXC0,HllvX50cXC0,5,user2,2025-10-01T06:08:48.000+0000,,FALSE,null
hh_8c2_stool_positive_qtr,2023Q3,LAB02_Laboratory Name 2,HllvX50cXC0,HllvX50cXC0,4,user2,2025-10-01T06:08:48.000+0000,,FALSE,null
hh_8c2_stool_positive_qtr,2023Q4,LAB02_Laboratory Name 2,HllvX50cXC0,HllvX50cXC0,6,user2,2025-10-01T06:08:48.000+0000,,FALSE,null
hh_8c2_stool_positive_qtr,2023Q1,LAB02_Laboratory Name 2,HllvX50cXC0,HllvX50cXC0,8,user2,2025-10-01T06:08:48.000+0000,,FALSE,null
hh_8c2_stool_positive_qtr,2022Q1,LAB02_Laboratory Name 2,HllvX50cXC0,HllvX50cXC0,3,user2,2025-10-01T06:08:48.000+0000,,FALSE,null
hh_8c2_stool_positive_qtr,2021Q3,LAB02_Laboratory Name 2,HllvX50cXC0,HllvX50cXC0,4,user2,2025-10-01T06:08:48.000+0000,,FALSE,null
hh_8c2_stool_positive_qtr,2021Q1,LAB02_Laboratory Name 2,HllvX50cXC0,HllvX50cXC0,10,user2,2025-10-01T06:08:48.000+0000,,FALSE,null
hh_8c2_stool_positive_qtr,2021Q2,LAB02_Laboratory Name 2,HllvX50cXC0,HllvX50cXC0,5,user2,2025-10-01T06:08:48.000+0000,,FALSE,null
hh_8c2_stool_positive_qtr,2022Q4,LAB02_Laboratory Name 2,HllvX50cXC0,HllvX50cXC0,5,user2,2025-10-01T06:08:48.000+0000,,FALSE,null
hh_8c2_stool_positive_qtr,2022Q2,LAB02_Laboratory Name 2,HllvX50cXC0,HllvX50cXC0,8,user2,2025-10-01T06:08:48.000+0000,,FALSE,null
hh_8c2_stool_positive_qtr,2022Q3,LAB02_Laboratory Name 2,HllvX50cXC0,HllvX50cXC0,1,user2,2025-10-01T06:08:48.000+0000,,FALSE,null
hh_8c2_stool_positive_qtr,2024Q1,LAB02_Laboratory Name 2,HllvX50cXC0,HllvX50cXC0,4,user2,2025-10-01T06:08:48.000+0000,,FALSE,null
hh_8c2_stool_positive_qtr,2025Q2,LAB02_Laboratory Name 2,HllvX50cXC0,HllvX50cXC0,2,user1,2025-07-07T03:01:27.866+0000,,FALSE,null
hh_8c2_stool_positive_qtr,2024Q4,LAB02_Laboratory Name 2,HllvX50cXC0,HllvX50cXC0,6,user1,2025-01-09T02:55:38.016+0000,,FALSE,null
hh_8c2_stool_positive_qtr,2024Q2,LAB02_Laboratory Name 2,HllvX50cXC0,HllvX50cXC0,3,user1,2024-07-08T06:00:18.787+0000,,FALSE,null
hh_8c2_stool_positive_qtr,2024Q3,LAB02_Laboratory Name 2,HllvX50cXC0,HllvX50cXC0,5,user1,2024-10-10T03:18:34.939+0000,,FALSE,null
hh_8c2_stool_positive_qtr,2025Q1,LAB02_Laboratory Name 2,HllvX50cXC0,HllvX50cXC0,2,user1,2025-04-09T07:18:42.780+0000,,FALSE,null
hh_8d1_pus_qtr,2023Q2,LAB02_Laboratory Name 2,HllvX50cXC0,HllvX50cXC0,1013,user2,2025-10-01T06:08:48.000+0000,,FALSE,null
hh_8d1_pus_qtr,2023Q3,LAB02_Laboratory Name 2,HllvX50cXC0,HllvX50cXC0,1002,user2,2025-10-01T06:08:48.000+0000,,FALSE,null
hh_8d1_pus_qtr,2023Q4,LAB02_Laboratory Name 2,HllvX50cXC0,HllvX50cXC0,1061,user2,2025-10-01T06:08:48.000+0000,,FALSE,null
hh_8d1_pus_qtr,2023Q1,LAB02_Laboratory Name 2,HllvX50cXC0,HllvX50cXC0,912,user2,2025-10-01T06:08:48.000+0000,,FALSE,null
hh_8d1_pus_qtr,2022Q1,LAB02_Laboratory Name 2,HllvX50cXC0,HllvX50cXC0,570,user2,2025-10-01T06:08:48.000+0000,,FALSE,null
hh_8d1_pus_qtr,2021Q3,LAB02_Laboratory Name 2,HllvX50cXC0,HllvX50cXC0,401,user2,2025-10-01T06:08:48.000+0000,,FALSE,null
hh_8d1_pus_qtr,2021Q1,LAB02_Laboratory Name 2,HllvX50cXC0,HllvX50cXC0,780,user2,2025-10-01T06:08:48.000+0000,,FALSE,null
hh_8d1_pus_qtr,2021Q2,LAB02_Laboratory Name 2,HllvX50cXC0,HllvX50cXC0,305,user2,2025-10-01T06:08:48.000+0000,,FALSE,null
hh_8d1_pus_qtr,2022Q4,LAB02_Laboratory Name 2,HllvX50cXC0,HllvX50cXC0,836,user2,2025-10-01T06:08:48.000+0000,,FALSE,null
hh_8d1_pus_qtr,2022Q2,LAB02_Laboratory Name 2,HllvX50cXC0,HllvX50cXC0,963,user2,2025-10-01T06:08:48.000+0000,,FALSE,null
hh_8d1_pus_qtr,2022Q3,LAB02_Laboratory Name 2,HllvX50cXC0,HllvX50cXC0,708,user2,2025-10-01T06:08:48.000+0000,,FALSE,null
hh_8d1_pus_qtr,2024Q1,LAB02_Laboratory Name 2,HllvX50cXC0,HllvX50cXC0,573,user2,2025-10-01T06:08:48.000+0000,,FALSE,null
hh_8d1_pus_qtr,2025Q2,LAB02_Laboratory Name 2,HllvX50cXC0,HllvX50cXC0,910,user1,2025-07-07T03:01:32.197+0000,,FALSE,null
hh_8d1_pus_qtr,2024Q4,LAB02_Laboratory Name 2,HllvX50cXC0,HllvX50cXC0,1423,user1,2025-01-09T02:55:42.934+0000,,FALSE,null
hh_8d1_pus_qtr,2024Q2,LAB02_Laboratory Name 2,HllvX50cXC0,HllvX50cXC0,977,user1,2024-07-08T06:00:25.328+0000,,FALSE,null
hh_8d1_pus_qtr,2024Q3,LAB02_Laboratory Name 2,HllvX50cXC0,HllvX50cXC0,1400,user1,2024-10-10T03:19:02.045+0000,,FALSE,null
hh_8d1_pus_qtr,2025Q1,LAB02_Laboratory Name 2,HllvX50cXC0,HllvX50cXC0,1207,user1,2025-04-09T07:18:47.912+0000,,FALSE,null
hh_8d2_pus_positive_qtr,2023Q2,LAB02_Laboratory Name 2,HllvX50cXC0,HllvX50cXC0,536,user2,2025-10-01T06:08:48.000+0000,,FALSE,null
hh_8d2_pus_positive_qtr,2023Q3,LAB02_Laboratory Name 2,HllvX50cXC0,HllvX50cXC0,486,user2,2025-10-01T06:08:48.000+0000,,FALSE,null
hh_8d2_pus_positive_qtr,2023Q4,LAB02_Laboratory Name 2,HllvX50cXC0,HllvX50cXC0,499,user2,2025-10-01T06:08:48.000+0000,,FALSE,null
hh_8d2_pus_positive_qtr,2023Q1,LAB02_Laboratory Name 2,HllvX50cXC0,HllvX50cXC0,476,user2,2025-10-01T06:08:48.000+0000,,FALSE,null
hh_8d2_pus_positive_qtr,2022Q1,LAB02_Laboratory Name 2,HllvX50cXC0,HllvX50cXC0,276,user2,2025-10-01T06:08:48.000+0000,,FALSE,null
hh_8d2_pus_positive_qtr,2021Q3,LAB02_Laboratory Name 2,HllvX50cXC0,HllvX50cXC0,202,user2,2025-10-01T06:08:48.000+0000,,FALSE,null
hh_8d2_pus_positive_qtr,2021Q1,LAB02_Laboratory Name 2,HllvX50cXC0,HllvX50cXC0,367,user2,2025-10-01T06:08:48.000+0000,,FALSE,null
hh_8d2_pus_positive_qtr,2021Q2,LAB02_Laboratory Name 2,HllvX50cXC0,HllvX50cXC0,38,user2,2025-10-01T06:08:48.000+0000,,FALSE,null
hh_8d2_pus_positive_qtr,2022Q4,LAB02_Laboratory Name 2,HllvX50cXC0,HllvX50cXC0,418,user2,2025-10-01T06:08:48.000+0000,,FALSE,null
hh_8d2_pus_positive_qtr,2022Q2,LAB02_Laboratory Name 2,HllvX50cXC0,HllvX50cXC0,195,user2,2025-10-01T06:08:48.000+0000,,FALSE,null
hh_8d2_pus_positive_qtr,2022Q3,LAB02_Laboratory Name 2,HllvX50cXC0,HllvX50cXC0,367,user2,2025-10-01T06:08:48.000+0000,,FALSE,null
hh_8d2_pus_positive_qtr,2024Q1,LAB02_Laboratory Name 2,HllvX50cXC0,HllvX50cXC0,274,user2,2025-10-01T06:08:48.000+0000,,FALSE,null
hh_8d2_pus_positive_qtr,2025Q2,LAB02_Laboratory Name 2,HllvX50cXC0,HllvX50cXC0,426,user1,2025-07-07T03:01:35.615+0000,,FALSE,null
hh_8d2_pus_positive_qtr,2024Q4,LAB02_Laboratory Name 2,HllvX50cXC0,HllvX50cXC0,715,user1,2025-01-09T02:55:47.057+0000,,FALSE,null
hh_8d2_pus_positive_qtr,2024Q2,LAB02_Laboratory Name 2,HllvX50cXC0,HllvX50cXC0,495,user1,2024-07-08T06:00:29.861+0000,,FALSE,null
hh_8d2_pus_positive_qtr,2024Q3,LAB02_Laboratory Name 2,HllvX50cXC0,HllvX50cXC0,704,user1,2024-10-10T03:19:05.708+0000,,FALSE,null
hh_8d2_pus_positive_qtr,2025Q1,LAB02_Laboratory Name 2,HllvX50cXC0,HllvX50cXC0,596,user1,2025-04-09T07:18:51.607+0000,,FALSE,null
hh_8e1_genitourinary_qtr,2023Q2,LAB02_Laboratory Name 2,HllvX50cXC0,HllvX50cXC0,73,user2,2025-10-01T06:08:48.000+0000,,FALSE,null
hh_8e1_genitourinary_qtr,2023Q3,LAB02_Laboratory Name 2,HllvX50cXC0,HllvX50cXC0,177,user2,2025-10-01T06:08:48.000+0000,,FALSE,null
hh_8e1_genitourinary_qtr,2023Q4,LAB02_Laboratory Name 2,HllvX50cXC0,HllvX50cXC0,143,user2,2025-10-01T06:08:48.000+0000,,FALSE,null
hh_8e1_genitourinary_qtr,2023Q1,LAB02_Laboratory Name 2,HllvX50cXC0,HllvX50cXC0,53,user2,2025-10-01T06:08:48.000+0000,,FALSE,null
hh_8e1_genitourinary_qtr,2022Q1,LAB02_Laboratory Name 2,HllvX50cXC0,HllvX50cXC0,30,user2,2025-10-01T06:08:48.000+0000,,FALSE,null
hh_8e1_genitourinary_qtr,2021Q3,LAB02_Laboratory Name 2,HllvX50cXC0,HllvX50cXC0,346,user2,2025-10-01T06:08:48.000+0000,,FALSE,null
hh_8e1_genitourinary_qtr,2021Q1,LAB02_Laboratory Name 2,HllvX50cXC0,HllvX50cXC0,842,user2,2025-10-01T06:08:48.000+0000,,FALSE,null
hh_8e1_genitourinary_qtr,2021Q2,LAB02_Laboratory Name 2,HllvX50cXC0,HllvX50cXC0,20,user2,2025-10-01T06:08:48.000+0000,,FALSE,null
hh_8e1_genitourinary_qtr,2022Q4,LAB02_Laboratory Name 2,HllvX50cXC0,HllvX50cXC0,64,user2,2025-10-01T06:08:48.000+0000,,FALSE,null
hh_8e1_genitourinary_qtr,2022Q2,LAB02_Laboratory Name 2,HllvX50cXC0,HllvX50cXC0,60,user2,2025-10-01T06:08:48.000+0000,,FALSE,null
hh_8e1_genitourinary_qtr,2022Q3,LAB02_Laboratory Name 2,HllvX50cXC0,HllvX50cXC0,48,user2,2025-10-01T06:08:48.000+0000,,FALSE,null
hh_8e1_genitourinary_qtr,2024Q1,LAB02_Laboratory Name 2,HllvX50cXC0,HllvX50cXC0,45,user2,2025-10-01T06:08:48.000+0000,,FALSE,null
hh_8e1_genitourinary_qtr,2025Q2,LAB02_Laboratory Name 2,HllvX50cXC0,HllvX50cXC0,83,user1,2025-07-07T03:01:38.464+0000,,FALSE,null
hh_8e1_genitourinary_qtr,2024Q4,LAB02_Laboratory Name 2,HllvX50cXC0,HllvX50cXC0,232,user1,2025-01-09T02:55:51.334+0000,,FALSE,null
hh_8e1_genitourinary_qtr,2024Q2,LAB02_Laboratory Name 2,HllvX50cXC0,HllvX50cXC0,155,user1,2024-07-08T06:00:53.979+0000,,FALSE,null
hh_8e1_genitourinary_qtr,2024Q3,LAB02_Laboratory Name 2,HllvX50cXC0,HllvX50cXC0,285,user1,2024-10-10T03:19:14.524+0000,,FALSE,null
hh_8e1_genitourinary_qtr,2025Q1,LAB02_Laboratory Name 2,HllvX50cXC0,HllvX50cXC0,114,user1,2025-04-09T07:18:56.623+0000,,FALSE,null
hh_8e2_genitourinary_positive_qtr,2023Q2,LAB02_Laboratory Name 2,HllvX50cXC0,HllvX50cXC0,10,user2,2025-10-01T06:08:48.000+0000,,FALSE,null
hh_8e2_genitourinary_positive_qtr,2023Q3,LAB02_Laboratory Name 2,HllvX50cXC0,HllvX50cXC0,42,user2,2025-10-01T06:08:48.000+0000,,FALSE,null
hh_8e2_genitourinary_positive_qtr,2023Q4,LAB02_Laboratory Name 2,HllvX50cXC0,HllvX50cXC0,26,user2,2025-10-01T06:08:48.000+0000,,FALSE,null
hh_8e2_genitourinary_positive_qtr,2023Q1,LAB02_Laboratory Name 2,HllvX50cXC0,HllvX50cXC0,4,user2,2025-10-01T06:08:48.000+0000,,FALSE,null
hh_8e2_genitourinary_positive_qtr,2022Q1,LAB02_Laboratory Name 2,HllvX50cXC0,HllvX50cXC0,5,user2,2025-10-01T06:08:48.000+0000,,FALSE,null
hh_8e2_genitourinary_positive_qtr,2021Q3,LAB02_Laboratory Name 2,HllvX50cXC0,HllvX50cXC0,65,user2,2025-10-01T06:08:48.000+0000,,FALSE,null
hh_8e2_genitourinary_positive_qtr,2021Q1,LAB02_Laboratory Name 2,HllvX50cXC0,HllvX50cXC0,158,user2,2025-10-01T06:08:48.000+0000,,FALSE,null
hh_8e2_genitourinary_positive_qtr,2021Q2,LAB02_Laboratory Name 2,HllvX50cXC0,HllvX50cXC0,5,user2,2025-10-01T06:08:48.000+0000,,FALSE,null
hh_8e2_genitourinary_positive_qtr,2022Q4,LAB02_Laboratory Name 2,HllvX50cXC0,HllvX50cXC0,12,user2,2025-10-01T06:08:48.000+0000,,FALSE,null
hh_8e2_genitourinary_positive_qtr,2022Q2,LAB02_Laboratory Name 2,HllvX50cXC0,HllvX50cXC0,10,user2,2025-10-01T06:08:48.000+0000,,FALSE,null
hh_8e2_genitourinary_positive_qtr,2022Q3,LAB02_Laboratory Name 2,HllvX50cXC0,HllvX50cXC0,6,user2,2025-10-01T06:08:48.000+0000,,FALSE,null
hh_8e2_genitourinary_positive_qtr,2024Q1,LAB02_Laboratory Name 2,HllvX50cXC0,HllvX50cXC0,1,user2,2025-10-01T06:08:48.000+0000,,FALSE,null
hh_8e2_genitourinary_positive_qtr,2025Q2,LAB02_Laboratory Name 2,HllvX50cXC0,HllvX50cXC0,10,user1,2025-07-07T03:01:40.236+0000,,FALSE,null
hh_8e2_genitourinary_positive_qtr,2024Q4,LAB02_Laboratory Name 2,HllvX50cXC0,HllvX50cXC0,31,user1,2025-01-09T02:55:53.994+0000,,FALSE,null
hh_8e2_genitourinary_positive_qtr,2024Q2,LAB02_Laboratory Name 2,HllvX50cXC0,HllvX50cXC0,18,user1,2024-07-08T06:01:02.212+0000,,FALSE,null
hh_8e2_genitourinary_positive_qtr,2024Q3,LAB02_Laboratory Name 2,HllvX50cXC0,HllvX50cXC0,49,user1,2024-10-10T03:19:16.812+0000,,FALSE,null
hh_8e2_genitourinary_positive_qtr,2025Q1,LAB02_Laboratory Name 2,HllvX50cXC0,HllvX50cXC0,21,user1,2025-04-09T07:18:59.733+0000,,FALSE,null
hh_8f1_blood_qtr,2023Q2,LAB02_Laboratory Name 2,HllvX50cXC0,HllvX50cXC0,13097,user2,2025-10-01T06:08:48.000+0000,,FALSE,null
hh_8f1_blood_qtr,2023Q3,LAB02_Laboratory Name 2,HllvX50cXC0,HllvX50cXC0,14160,user2,2025-10-01T06:08:48.000+0000,,FALSE,null
hh_8f1_blood_qtr,2023Q4,LAB02_Laboratory Name 2,HllvX50cXC0,HllvX50cXC0,14958,user2,2025-10-01T06:08:48.000+0000,,FALSE,null
hh_8f1_blood_qtr,2023Q1,LAB02_Laboratory Name 2,HllvX50cXC0,HllvX50cXC0,12225,user2,2025-10-01T06:08:48.000+0000,,FALSE,null
hh_8f1_blood_qtr,2022Q1,LAB02_Laboratory Name 2,HllvX50cXC0,HllvX50cXC0,7004,user2,2025-10-01T06:08:48.000+0000,,FALSE,null
hh_8f1_blood_qtr,2021Q3,LAB02_Laboratory Name 2,HllvX50cXC0,HllvX50cXC0,5918,user2,2025-10-01T06:08:48.000+0000,,FALSE,null
hh_8f1_blood_qtr,2021Q2,LAB02_Laboratory Name 2,HllvX50cXC0,HllvX50cXC0,7810,user2,2025-10-01T06:08:48.000+0000,,FALSE,null
hh_8f1_blood_qtr,2022Q4,LAB02_Laboratory Name 2,HllvX50cXC0,HllvX50cXC0,11889,user2,2025-10-01T06:08:48.000+0000,,FALSE,null
hh_8f1_blood_qtr,2022Q2,LAB02_Laboratory Name 2,HllvX50cXC0,HllvX50cXC0,12082,user2,2025-10-01T06:08:48.000+0000,,FALSE,null
hh_8f1_blood_qtr,2022Q3,LAB02_Laboratory Name 2,HllvX50cXC0,HllvX50cXC0,10554,user2,2025-10-01T06:08:48.000+0000,,FALSE,null
hh_8f1_blood_qtr,2024Q1,LAB02_Laboratory Name 2,HllvX50cXC0,HllvX50cXC0,7000,user2,2025-10-01T06:08:48.000+0000,,FALSE,null
hh_8f1_blood_qtr,2025Q2,LAB02_Laboratory Name 2,HllvX50cXC0,HllvX50cXC0,11537,user1,2025-07-07T03:01:43.522+0000,,FALSE,null
hh_8f1_blood_qtr,2024Q4,LAB02_Laboratory Name 2,HllvX50cXC0,HllvX50cXC0,14786,user1,2025-01-09T02:56:00.407+0000,,FALSE,null
hh_8f1_blood_qtr,2024Q2,LAB02_Laboratory Name 2,HllvX50cXC0,HllvX50cXC0,11859,user1,2024-07-08T06:01:14.552+0000,,FALSE,null
hh_8f1_blood_qtr,2024Q3,LAB02_Laboratory Name 2,HllvX50cXC0,HllvX50cXC0,15775,user1,2024-10-10T03:19:23.351+0000,,FALSE,null
hh_8f1_blood_qtr,2025Q1,LAB02_Laboratory Name 2,HllvX50cXC0,HllvX50cXC0,14675,user1,2025-04-09T07:19:10.515+0000,,FALSE,null
hh_8f2_blood_positive_qtr,2023Q2,LAB02_Laboratory Name 2,HllvX50cXC0,HllvX50cXC0,1041,user2,2025-10-01T06:08:48.000+0000,,FALSE,null
hh_8f2_blood_positive_qtr,2023Q3,LAB02_Laboratory Name 2,HllvX50cXC0,HllvX50cXC0,1105,user2,2025-10-01T06:08:48.000+0000,,FALSE,null
hh_8f2_blood_positive_qtr,2023Q4,LAB02_Laboratory Name 2,HllvX50cXC0,HllvX50cXC0,1141,user2,2025-10-01T06:08:48.000+0000,,FALSE,null
hh_8f2_blood_positive_qtr,2023Q1,LAB02_Laboratory Name 2,HllvX50cXC0,HllvX50cXC0,1089,user2,2025-10-01T06:08:48.000+0000,,FALSE,null
hh_8f2_blood_positive_qtr,2022Q1,LAB02_Laboratory Name 2,HllvX50cXC0,HllvX50cXC0,600,user2,2025-10-01T06:08:48.000+0000,,FALSE,null
hh_8f2_blood_positive_qtr,2021Q3,LAB02_Laboratory Name 2,HllvX50cXC0,HllvX50cXC0,502,user2,2025-10-01T06:08:48.000+0000,,FALSE,null
hh_8f2_blood_positive_qtr,2021Q2,LAB02_Laboratory Name 2,HllvX50cXC0,HllvX50cXC0,625,user2,2025-10-01T06:08:48.000+0000,,FALSE,null
hh_8f2_blood_positive_qtr,2022Q4,LAB02_Laboratory Name 2,HllvX50cXC0,HllvX50cXC0,1048,user2,2025-10-01T06:08:48.000+0000,,FALSE,null
hh_8f2_blood_positive_qtr,2022Q2,LAB02_Laboratory Name 2,HllvX50cXC0,HllvX50cXC0,990,user2,2025-10-01T06:08:48.000+0000,,FALSE,null
hh_8f2_blood_positive_qtr,2022Q3,LAB02_Laboratory Name 2,HllvX50cXC0,HllvX50cXC0,974,user2,2025-10-01T06:08:48.000+0000,,FALSE,null
hh_8f2_blood_positive_qtr,2024Q1,LAB02_Laboratory Name 2,HllvX50cXC0,HllvX50cXC0,548,user2,2025-10-01T06:08:48.000+0000,,FALSE,null
hh_8f2_blood_positive_qtr,2025Q2,LAB02_Laboratory Name 2,HllvX50cXC0,HllvX50cXC0,967,user1,2025-07-07T03:01:46.656+0000,,FALSE,null
hh_8f2_blood_positive_qtr,2024Q4,LAB02_Laboratory Name 2,HllvX50cXC0,HllvX50cXC0,1270,user1,2025-01-09T02:56:03.379+0000,,FALSE,null
hh_8f2_blood_positive_qtr,2024Q2,LAB02_Laboratory Name 2,HllvX50cXC0,HllvX50cXC0,1169,user1,2024-07-08T06:01:46.054+0000,,FALSE,null
hh_8f2_blood_positive_qtr,2024Q3,LAB02_Laboratory Name 2,HllvX50cXC0,HllvX50cXC0,1545,user1,2024-10-10T03:19:30.924+0000,,FALSE,null
hh_8f2_blood_positive_qtr,2025Q1,LAB02_Laboratory Name 2,HllvX50cXC0,HllvX50cXC0,1201,user1,2025-04-09T07:19:14.199+0000,,FALSE,null
hh_8g1_other_qtr,2025Q2,LAB02_Laboratory Name 2,HllvX50cXC0,HllvX50cXC0,0,user1,2025-07-07T03:01:50.854+0000,,FALSE,null
hh_8g1_other_qtr,2024Q4,LAB02_Laboratory Name 2,HllvX50cXC0,HllvX50cXC0,0,user1,2025-01-09T02:56:12.387+0000,,FALSE,null
hh_8g1_other_qtr,2024Q2,LAB02_Laboratory Name 2,HllvX50cXC0,HllvX50cXC0,0,user1,2024-07-30T15:44:49.524+0000,,FALSE,null
hh_8g1_other_qtr,2024Q3,LAB02_Laboratory Name 2,HllvX50cXC0,HllvX50cXC0,0,user1,2024-10-10T03:09:26.770+0000,,FALSE,null
hh_8g1_other_qtr,2025Q1,LAB02_Laboratory Name 2,HllvX50cXC0,HllvX50cXC0,0,user1,2025-04-09T04:55:07.434+0000,,FALSE,null
hh_8g2_other_positive_qtr,2025Q2,LAB02_Laboratory Name 2,HllvX50cXC0,HllvX50cXC0,0,user1,2025-07-07T03:01:53.334+0000,,FALSE,null
hh_8g2_other_positive_qtr,2024Q4,LAB02_Laboratory Name 2,HllvX50cXC0,HllvX50cXC0,0,user1,2025-01-09T02:56:12.392+0000,,FALSE,null
hh_8g2_other_positive_qtr,2024Q2,LAB02_Laboratory Name 2,HllvX50cXC0,HllvX50cXC0,0,user1,2024-07-30T15:44:53.539+0000,,FALSE,null
hh_8g2_other_positive_qtr,2024Q3,LAB02_Laboratory Name 2,HllvX50cXC0,HllvX50cXC0,0,user1,2024-10-10T03:09:28.717+0000,,FALSE,null
hh_8g2_other_positive_qtr,2025Q1,LAB02_Laboratory Name 2,HllvX50cXC0,HllvX50cXC0,0,user1,2025-04-09T04:55:08.648+0000,,FALSE,null
ah_10a1_env_farm_qtr,2025Q2,LAB02_Laboratory Name 2,HllvX50cXC0,HllvX50cXC0,0,user1,2025-06-30T08:25:35.082+0000,,FALSE,null
ah_10a1_env_farm_qtr,2024Q4,LAB02_Laboratory Name 2,HllvX50cXC0,HllvX50cXC0,0,user1,2025-01-10T02:35:21.123+0000,,FALSE,null
ah_10a1_env_farm_qtr,2025Q1,LAB02_Laboratory Name 2,HllvX50cXC0,HllvX50cXC0,0,user1,2025-04-09T04:56:22.523+0000,,FALSE,null
ah_10a2_env_abattoir_qtr,2025Q2,LAB02_Laboratory Name 2,HllvX50cXC0,HllvX50cXC0,0,user1,2025-06-30T08:25:35.454+0000,,FALSE,null
ah_10a2_env_abattoir_qtr,2024Q4,LAB02_Laboratory Name 2,HllvX50cXC0,HllvX50cXC0,0,user1,2025-01-10T02:35:21.770+0000,,FALSE,null
ah_10a2_env_abattoir_qtr,2025Q1,LAB02_Laboratory Name 2,HllvX50cXC0,HllvX50cXC0,0,user1,2025-04-09T04:56:23.510+0000,,FALSE,null
ah_10a3_env_drinking_qtr,2025Q2,LAB02_Laboratory Name 2,HllvX50cXC0,HllvX50cXC0,0,user1,2025-06-30T08:25:35.900+0000,,FALSE,null
ah_10a3_env_drinking_qtr,2024Q4,LAB02_Laboratory Name 2,HllvX50cXC0,HllvX50cXC0,0,user1,2025-01-10T02:35:22.062+0000,,FALSE,null
ah_10a3_env_drinking_qtr,2025Q1,LAB02_Laboratory Name 2,HllvX50cXC0,HllvX50cXC0,0,user1,2025-04-09T04:56:24.244+0000,,FALSE,null
ah_10a4_env_sewage_qtr,2025Q2,LAB02_Laboratory Name 2,HllvX50cXC0,HllvX50cXC0,0,user1,2025-06-30T08:25:36.308+0000,,FALSE,null
ah_10a4_env_sewage_qtr,2024Q4,LAB02_Laboratory Name 2,HllvX50cXC0,HllvX50cXC0,0,user1,2025-01-10T02:35:23.202+0000,,FALSE,null
ah_10a4_env_sewage_qtr,2025Q1,LAB02_Laboratory Name 2,HllvX50cXC0,HllvX50cXC0,0,user1,2025-04-09T04:56:24.940+0000,,FALSE,null
ah_10a5_env_surfacewtr_qtr,2025Q2,LAB02_Laboratory Name 2,HllvX50cXC0,HllvX50cXC0,0,user1,2025-06-30T08:25:38.278+0000,,FALSE,null
ah_10a5_env_surfacewtr_qtr,2024Q4,LAB02_Laboratory Name 2,HllvX50cXC0,HllvX50cXC0,0,user1,2025-01-10T02:35:23.738+0000,,FALSE,null
ah_10a5_env_surfacewtr_qtr,2025Q1,LAB02_Laboratory Name 2,HllvX50cXC0,HllvX50cXC0,0,user1,2025-04-09T04:56:25.756+0000,,FALSE,null
ah_10a6_env_tap_qtr,2025Q2,LAB02_Laboratory Name 2,HllvX50cXC0,HllvX50cXC0,0,user1,2025-06-30T08:25:37.194+0000,,FALSE,null
ah_10a6_env_tap_qtr,2024Q4,LAB02_Laboratory Name 2,HllvX50cXC0,HllvX50cXC0,0,user1,2025-01-10T02:35:24.218+0000,,FALSE,null
ah_10a6_env_tap_qtr,2025Q1,LAB02_Laboratory Name 2,HllvX50cXC0,HllvX50cXC0,0,user1,2025-04-09T04:56:26.506+0000,,FALSE,null
ah_10a7_env_bottledwtr_qtr,2025Q2,LAB02_Laboratory Name 2,HllvX50cXC0,HllvX50cXC0,0,user1,2025-06-30T08:25:39.083+0000,,FALSE,null
ah_10a7_env_bottledwtr_qtr,2024Q4,LAB02_Laboratory Name 2,HllvX50cXC0,HllvX50cXC0,0,user1,2025-01-10T02:35:25.318+0000,,FALSE,null
ah_10a7_env_bottledwtr_qtr,2025Q1,LAB02_Laboratory Name 2,HllvX50cXC0,HllvX50cXC0,0,user1,2025-04-09T04:56:27.635+0000,,FALSE,null
ah_10a8_env_aquaculture_qtr,2025Q2,LAB02_Laboratory Name 2,HllvX50cXC0,HllvX50cXC0,0,user1,2025-06-30T08:25:39.577+0000,,FALSE,null
ah_10a8_env_aquaculture_qtr,2024Q4,LAB02_Laboratory Name 2,HllvX50cXC0,HllvX50cXC0,0,user1,2025-01-10T02:35:25.785+0000,,FALSE,null
ah_10a8_env_aquaculture_qtr,2025Q1,LAB02_Laboratory Name 2,HllvX50cXC0,HllvX50cXC0,0,user1,2025-04-09T04:56:28.453+0000,,FALSE,null
ah_10a9_env_other_qtr,2025Q2,LAB02_Laboratory Name 2,HllvX50cXC0,HllvX50cXC0,0,user1,2025-06-30T08:25:40.110+0000,,FALSE,null
ah_10a9_env_other_qtr,2024Q4,LAB02_Laboratory Name 2,HllvX50cXC0,HllvX50cXC0,0,user1,2025-01-10T02:35:27.134+0000,,FALSE,null
ah_10a9_env_other_qtr,2025Q1,LAB02_Laboratory Name 2,HllvX50cXC0,HllvX50cXC0,0,user1,2025-04-09T04:56:29.382+0000,,FALSE,null
ah_11a1_food_chicken_qtr,2025Q2,LAB02_Laboratory Name 2,HllvX50cXC0,HllvX50cXC0,0,user1,2025-06-30T08:25:41.976+0000,,FALSE,null
ah_11a1_food_chicken_qtr,2024Q4,LAB02_Laboratory Name 2,HllvX50cXC0,HllvX50cXC0,0,user1,2025-01-10T02:35:27.746+0000,,FALSE,null
ah_11a1_food_chicken_qtr,2025Q1,LAB02_Laboratory Name 2,HllvX50cXC0,HllvX50cXC0,0,user1,2025-04-09T04:56:30.339+0000,,FALSE,null
ah_11a2_food_egg_qtr,2025Q2,LAB02_Laboratory Name 2,HllvX50cXC0,HllvX50cXC0,0,user1,2025-06-30T08:25:42.539+0000,,FALSE,null
ah_11a2_food_egg_qtr,2024Q4,LAB02_Laboratory Name 2,HllvX50cXC0,HllvX50cXC0,0,user1,2025-01-10T02:35:28.691+0000,,FALSE,null
ah_11a2_food_egg_qtr,2025Q1,LAB02_Laboratory Name 2,HllvX50cXC0,HllvX50cXC0,0,user1,2025-04-09T04:56:31.154+0000,,FALSE,null
ah_11a3_food_pork_qtr,2025Q2,LAB02_Laboratory Name 2,HllvX50cXC0,HllvX50cXC0,0,user1,2025-06-30T08:25:45.394+0000,,FALSE,null
ah_11a3_food_pork_qtr,2024Q4,LAB02_Laboratory Name 2,HllvX50cXC0,HllvX50cXC0,0,user1,2025-01-10T02:35:29.206+0000,,FALSE,null
ah_11a3_food_pork_qtr,2025Q1,LAB02_Laboratory Name 2,HllvX50cXC0,HllvX50cXC0,0,user1,2025-04-09T04:56:31.913+0000,,FALSE,null
ah_11a4_food_beef_qtr,2025Q2,LAB02_Laboratory Name 2,HllvX50cXC0,HllvX50cXC0,0,user1,2025-06-30T08:25:44.133+0000,,FALSE,null
ah_11a4_food_beef_qtr,2024Q4,LAB02_Laboratory Name 2,HllvX50cXC0,HllvX50cXC0,0,user1,2025-01-10T02:35:29.858+0000,,FALSE,null
ah_11a4_food_beef_qtr,2025Q1,LAB02_Laboratory Name 2,HllvX50cXC0,HllvX50cXC0,0,user1,2025-04-09T04:56:32.662+0000,,FALSE,null
ah_11a5_food_SmallRuminantMeat_qtr,2025Q2,LAB02_Laboratory Name 2,HllvX50cXC0,HllvX50cXC0,0,user1,2025-06-30T08:25:46.010+0000,,FALSE,null
ah_11a5_food_SmallRuminantMeat_qtr,2024Q4,LAB02_Laboratory Name 2,HllvX50cXC0,HllvX50cXC0,0,user1,2025-01-10T02:35:30.654+0000,,FALSE,null
ah_11a5_food_SmallRuminantMeat_qtr,2025Q1,LAB02_Laboratory Name 2,HllvX50cXC0,HllvX50cXC0,0,user1,2025-04-09T04:56:33.471+0000,,FALSE,null
ah_11a6_food_milk_qtr,2025Q2,LAB02_Laboratory Name 2,HllvX50cXC0,HllvX50cXC0,0,user1,2025-06-30T08:25:46.545+0000,,FALSE,null
ah_11a6_food_milk_qtr,2024Q4,LAB02_Laboratory Name 2,HllvX50cXC0,HllvX50cXC0,0,user1,2025-01-10T02:35:31.114+0000,,FALSE,null
ah_11a6_food_milk_qtr,2025Q1,LAB02_Laboratory Name 2,HllvX50cXC0,HllvX50cXC0,0,user1,2025-04-09T04:56:34.463+0000,,FALSE,null
ah_11a7_food_aquatic_qtr,2025Q2,LAB02_Laboratory Name 2,HllvX50cXC0,HllvX50cXC0,0,user1,2025-06-30T08:25:47.236+0000,,FALSE,null
ah_11a7_food_aquatic_qtr,2024Q4,LAB02_Laboratory Name 2,HllvX50cXC0,HllvX50cXC0,0,user1,2025-01-10T02:35:31.586+0000,,FALSE,null
ah_11a7_food_aquatic_qtr,2025Q1,LAB02_Laboratory Name 2,HllvX50cXC0,HllvX50cXC0,0,user1,2025-04-09T04:56:35.319+0000,,FALSE,null
ah_11a8_food_plants_qtr,2025Q2,LAB02_Laboratory Name 2,HllvX50cXC0,HllvX50cXC0,0,user1,2025-06-30T08:25:47.939+0000,,FALSE,null
ah_11a8_food_plants_qtr,2024Q4,LAB02_Laboratory Name 2,HllvX50cXC0,HllvX50cXC0,0,user1,2025-01-10T02:35:34.006+0000,,FALSE,null
ah_11a8_food_plants_qtr,2025Q1,LAB02_Laboratory Name 2,HllvX50cXC0,HllvX50cXC0,0,user1,2025-04-09T04:56:36.099+0000,,FALSE,null
ah_11a9_food_other_qtr,2025Q2,LAB02_Laboratory Name 2,HllvX50cXC0,HllvX50cXC0,0,user1,2025-06-30T08:25:48.395+0000,,FALSE,null
ah_11a9_food_other_qtr,2024Q4,LAB02_Laboratory Name 2,HllvX50cXC0,HllvX50cXC0,0,user1,2025-01-10T02:35:33.370+0000,,FALSE,null
ah_11a9_food_other_qtr,2025Q1,LAB02_Laboratory Name 2,HllvX50cXC0,HllvX50cXC0,0,user1,2025-04-09T04:56:36.895+0000,,FALSE,null
env_samples_qtr,2025Q2,LAB02_Laboratory Name 2,HllvX50cXC0,HllvX50cXC0,FALSE,user1,2025-06-30T07:58:30.426+0000,,FALSE,null
env_samples_qtr,2024Q4,LAB02_Laboratory Name 2,HllvX50cXC0,HllvX50cXC0,FALSE,user1,2025-01-09T02:54:43.289+0000,,FALSE,null
env_samples_qtr,2024Q3,LAB02_Laboratory Name 2,HllvX50cXC0,HllvX50cXC0,FALSE,user1,2024-10-10T03:06:20.923+0000,,FALSE,null
env_samples_qtr,2025Q1,LAB02_Laboratory Name 2,HllvX50cXC0,HllvX50cXC0,FALSE,user1,2025-04-09T04:54:44.845+0000,,FALSE,null
food_samples_qtr,2025Q2,LAB02_Laboratory Name 2,HllvX50cXC0,HllvX50cXC0,FALSE,user1,2025-06-30T07:58:31.099+0000,,FALSE,null
food_samples_qtr,2024Q4,LAB02_Laboratory Name 2,HllvX50cXC0,HllvX50cXC0,FALSE,user1,2025-01-09T02:54:44.338+0000,,FALSE,null
food_samples_qtr,2024Q3,LAB02_Laboratory Name 2,HllvX50cXC0,HllvX50cXC0,FALSE,user1,2024-10-10T03:06:25.207+0000,,FALSE,null
food_samples_qtr,2025Q1,LAB02_Laboratory Name 2,HllvX50cXC0,HllvX50cXC0,FALSE,user1,2025-04-09T04:54:46.044+0000,,FALSE,null
hh_samples_qtr,2025Q2,LAB02_Laboratory Name 2,HllvX50cXC0,HllvX50cXC0,TRUE,user1,2025-06-30T07:58:29.933+0000,,FALSE,null
hh_samples_qtr,2024Q4,LAB02_Laboratory Name 2,HllvX50cXC0,HllvX50cXC0,TRUE,user1,2025-01-09T02:54:42.787+0000,,FALSE,null
hh_samples_qtr,2024Q3,LAB02_Laboratory Name 2,HllvX50cXC0,HllvX50cXC0,TRUE,user1,2024-10-10T03:06:14.232+0000,,FALSE,null
hh_samples_qtr,2025Q1,LAB02_Laboratory Name 2,HllvX50cXC0,HllvX50cXC0,TRUE,user1,2025-04-09T04:54:42.453+0000,,FALSE,null
hh_8a1_cerebrospinalfluid_qtr,2023Q2,LAB09_Laboratory Name 9,HllvX50cXC0,HllvX50cXC0,149,user2,2025-10-01T06:08:48.000+0000,,FALSE,null
hh_8a1_cerebrospinalfluid_qtr,2023Q3,LAB09_Laboratory Name 9,HllvX50cXC0,HllvX50cXC0,231,user2,2025-10-01T06:08:48.000+0000,,FALSE,null
hh_8a1_cerebrospinalfluid_qtr,2023Q4,LAB09_Laboratory Name 9,HllvX50cXC0,HllvX50cXC0,231,user2,2025-10-01T06:08:48.000+0000,,FALSE,null
hh_8a1_cerebrospinalfluid_qtr,2023Q1,LAB09_Laboratory Name 9,HllvX50cXC0,HllvX50cXC0,194,user2,2025-10-01T06:08:48.000+0000,,FALSE,null
hh_8a1_cerebrospinalfluid_qtr,2022Q1,LAB09_Laboratory Name 9,HllvX50cXC0,HllvX50cXC0,139,user2,2025-10-01T06:08:48.000+0000,,FALSE,null
hh_8a1_cerebrospinalfluid_qtr,2021Q3,LAB09_Laboratory Name 9,HllvX50cXC0,HllvX50cXC0,183,user2,2025-10-01T06:08:48.000+0000,,FALSE,null
hh_8a1_cerebrospinalfluid_qtr,2021Q1,LAB09_Laboratory Name 9,HllvX50cXC0,HllvX50cXC0,174,user2,2025-10-01T06:08:48.000+0000,,FALSE,null
hh_8a1_cerebrospinalfluid_qtr,2021Q2,LAB09_Laboratory Name 9,HllvX50cXC0,HllvX50cXC0,221,user2,2025-10-01T06:08:48.000+0000,,FALSE,null
hh_8a1_cerebrospinalfluid_qtr,2022Q4,LAB09_Laboratory Name 9,HllvX50cXC0,HllvX50cXC0,158,user2,2025-10-01T06:08:48.000+0000,,FALSE,null
hh_8a1_cerebrospinalfluid_qtr,2022Q2,LAB09_Laboratory Name 9,HllvX50cXC0,HllvX50cXC0,196,user2,2025-10-01T06:08:48.000+0000,,FALSE,null
hh_8a1_cerebrospinalfluid_qtr,2021Q4,LAB09_Laboratory Name 9,HllvX50cXC0,HllvX50cXC0,199,user2,2025-10-01T06:08:48.000+0000,,FALSE,null
hh_8a1_cerebrospinalfluid_qtr,2022Q3,LAB09_Laboratory Name 9,HllvX50cXC0,HllvX50cXC0,139,user2,2025-10-01T06:08:48.000+0000,,FALSE,null
hh_8a1_cerebrospinalfluid_qtr,2024Q1,LAB09_Laboratory Name 9,HllvX50cXC0,HllvX50cXC0,210,user2,2025-10-01T06:08:48.000+0000,,FALSE,null
hh_8a1_cerebrospinalfluid_qtr,2025Q2,LAB09_Laboratory Name 9,HllvX50cXC0,HllvX50cXC0,224,user1,2025-07-07T03:05:30.837+0000,,FALSE,null
hh_8a1_cerebrospinalfluid_qtr,2024Q4,LAB09_Laboratory Name 9,HllvX50cXC0,HllvX50cXC0,188,user1,2025-01-09T03:19:36.541+0000,,FALSE,null
hh_8a1_cerebrospinalfluid_qtr,2024Q2,LAB09_Laboratory Name 9,HllvX50cXC0,HllvX50cXC0,218,user1,2024-07-08T07:17:21.128+0000,,FALSE,null
hh_8a1_cerebrospinalfluid_qtr,2024Q3,LAB09_Laboratory Name 9,HllvX50cXC0,HllvX50cXC0,199,user1,2024-10-10T03:38:30.704+0000,,FALSE,null
hh_8a1_cerebrospinalfluid_qtr,2025Q1,LAB09_Laboratory Name 9,HllvX50cXC0,HllvX50cXC0,219,user1,2025-04-09T06:27:03.964+0000,,FALSE,null
hh_8a2_cerebrospinalfluid_positive_qtr,2023Q2,LAB09_Laboratory Name 9,HllvX50cXC0,HllvX50cXC0,4,user2,2025-10-01T06:08:48.000+0000,,FALSE,null
hh_8a2_cerebrospinalfluid_positive_qtr,2023Q3,LAB09_Laboratory Name 9,HllvX50cXC0,HllvX50cXC0,6,user2,2025-10-01T06:08:48.000+0000,,FALSE,null
hh_8a2_cerebrospinalfluid_positive_qtr,2023Q4,LAB09_Laboratory Name 9,HllvX50cXC0,HllvX50cXC0,6,user2,2025-10-01T06:08:48.000+0000,,FALSE,null
hh_8a2_cerebrospinalfluid_positive_qtr,2023Q1,LAB09_Laboratory Name 9,HllvX50cXC0,HllvX50cXC0,3,user2,2025-10-01T06:08:48.000+0000,,FALSE,null
hh_8a2_cerebrospinalfluid_positive_qtr,2022Q1,LAB09_Laboratory Name 9,HllvX50cXC0,HllvX50cXC0,1,user2,2025-10-01T06:08:48.000+0000,,FALSE,null
hh_8a2_cerebrospinalfluid_positive_qtr,2021Q3,LAB09_Laboratory Name 9,HllvX50cXC0,HllvX50cXC0,4,user2,2025-10-01T06:08:48.000+0000,,FALSE,null
hh_8a2_cerebrospinalfluid_positive_qtr,2021Q1,LAB09_Laboratory Name 9,HllvX50cXC0,HllvX50cXC0,2,user2,2025-10-01T06:08:48.000+0000,,FALSE,null
hh_8a2_cerebrospinalfluid_positive_qtr,2021Q2,LAB09_Laboratory Name 9,HllvX50cXC0,HllvX50cXC0,7,user2,2025-10-01T06:08:48.000+0000,,FALSE,null
hh_8a2_cerebrospinalfluid_positive_qtr,2022Q4,LAB09_Laboratory Name 9,HllvX50cXC0,HllvX50cXC0,3,user2,2025-10-01T06:08:48.000+0000,,FALSE,null
hh_8a2_cerebrospinalfluid_positive_qtr,2022Q2,LAB09_Laboratory Name 9,HllvX50cXC0,HllvX50cXC0,2,user2,2025-10-01T06:08:48.000+0000,,FALSE,null
hh_8a2_cerebrospinalfluid_positive_qtr,2021Q4,LAB09_Laboratory Name 9,HllvX50cXC0,HllvX50cXC0,3,user2,2025-10-01T06:08:48.000+0000,,FALSE,null
hh_8a2_cerebrospinalfluid_positive_qtr,2022Q3,LAB09_Laboratory Name 9,HllvX50cXC0,HllvX50cXC0,6,user2,2025-10-01T06:08:48.000+0000,,FALSE,null
hh_8a2_cerebrospinalfluid_positive_qtr,2024Q1,LAB09_Laboratory Name 9,HllvX50cXC0,HllvX50cXC0,6,user2,2025-10-01T06:08:48.000+0000,,FALSE,null
hh_8a2_cerebrospinalfluid_positive_qtr,2025Q2,LAB09_Laboratory Name 9,HllvX50cXC0,HllvX50cXC0,8,user1,2025-07-07T03:05:32.795+0000,,FALSE,null
hh_8a2_cerebrospinalfluid_positive_qtr,2024Q4,LAB09_Laboratory Name 9,HllvX50cXC0,HllvX50cXC0,2,user1,2025-01-09T03:22:32.185+0000,,FALSE,null
hh_8a2_cerebrospinalfluid_positive_qtr,2024Q2,LAB09_Laboratory Name 9,HllvX50cXC0,HllvX50cXC0,7,user1,2024-07-08T07:17:23.322+0000,,FALSE,null
hh_8a2_cerebrospinalfluid_positive_qtr,2024Q3,LAB09_Laboratory Name 9,HllvX50cXC0,HllvX50cXC0,8,user1,2024-10-10T03:38:31.369+0000,,FALSE,null
hh_8a2_cerebrospinalfluid_positive_qtr,2025Q1,LAB09_Laboratory Name 9,HllvX50cXC0,HllvX50cXC0,3,user1,2025-04-09T06:27:05.626+0000,,FALSE,null
hh_8b1_urine_qtr,2023Q2,LAB09_Laboratory Name 9,HllvX50cXC0,HllvX50cXC0,800,user2,2025-10-01T06:08:48.000+0000,,FALSE,null
hh_8b1_urine_qtr,2023Q3,LAB09_Laboratory Name 9,HllvX50cXC0,HllvX50cXC0,813,user2,2025-10-01T06:08:48.000+0000,,FALSE,null
hh_8b1_urine_qtr,2023Q4,LAB09_Laboratory Name 9,HllvX50cXC0,HllvX50cXC0,797,user2,2025-10-01T06:08:48.000+0000,,FALSE,null
hh_8b1_urine_qtr,2023Q1,LAB09_Laboratory Name 9,HllvX50cXC0,HllvX50cXC0,758,user2,2025-10-01T06:08:48.000+0000,,FALSE,null
hh_8b1_urine_qtr,2022Q1,LAB09_Laboratory Name 9,HllvX50cXC0,HllvX50cXC0,613,user2,2025-10-01T06:08:48.000+0000,,FALSE,null
hh_8b1_urine_qtr,2021Q3,LAB09_Laboratory Name 9,HllvX50cXC0,HllvX50cXC0,740,user2,2025-10-01T06:08:48.000+0000,,FALSE,null
hh_8b1_urine_qtr,2021Q1,LAB09_Laboratory Name 9,HllvX50cXC0,HllvX50cXC0,447,user2,2025-10-01T06:08:48.000+0000,,FALSE,null
hh_8b1_urine_qtr,2021Q2,LAB09_Laboratory Name 9,HllvX50cXC0,HllvX50cXC0,639,user2,2025-10-01T06:08:48.000+0000,,FALSE,null
hh_8b1_urine_qtr,2022Q4,LAB09_Laboratory Name 9,HllvX50cXC0,HllvX50cXC0,769,user2,2025-10-01T06:08:48.000+0000,,FALSE,null
hh_8b1_urine_qtr,2022Q2,LAB09_Laboratory Name 9,HllvX50cXC0,HllvX50cXC0,954,user2,2025-10-01T06:08:48.000+0000,,FALSE,null
hh_8b1_urine_qtr,2021Q4,LAB09_Laboratory Name 9,HllvX50cXC0,HllvX50cXC0,881,user2,2025-10-01T06:08:48.000+0000,,FALSE,null
hh_8b1_urine_qtr,2022Q3,LAB09_Laboratory Name 9,HllvX50cXC0,HllvX50cXC0,801,user2,2025-10-01T06:08:48.000+0000,,FALSE,null
hh_8b1_urine_qtr,2024Q1,LAB09_Laboratory Name 9,HllvX50cXC0,HllvX50cXC0,752,user2,2025-10-01T06:08:48.000+0000,,FALSE,null
hh_8b1_urine_qtr,2025Q2,LAB09_Laboratory Name 9,HllvX50cXC0,HllvX50cXC0,1158,user1,2025-07-07T03:05:36.160+0000,,FALSE,null
hh_8b1_urine_qtr,2024Q4,LAB09_Laboratory Name 9,HllvX50cXC0,HllvX50cXC0,772,user1,2025-01-09T03:19:41.542+0000,,FALSE,null
hh_8b1_urine_qtr,2024Q2,LAB09_Laboratory Name 9,HllvX50cXC0,HllvX50cXC0,743,user1,2024-07-08T07:17:33.894+0000,,FALSE,null
hh_8b1_urine_qtr,2024Q3,LAB09_Laboratory Name 9,HllvX50cXC0,HllvX50cXC0,826,user1,2024-10-10T03:38:41.434+0000,,FALSE,null
hh_8b1_urine_qtr,2025Q1,LAB09_Laboratory Name 9,HllvX50cXC0,HllvX50cXC0,777,user1,2025-04-09T06:27:13.909+0000,,FALSE,null
hh_8b2_urine_positive_qtr,2023Q2,LAB09_Laboratory Name 9,HllvX50cXC0,HllvX50cXC0,202,user2,2025-10-01T06:08:48.000+0000,,FALSE,null
hh_8b2_urine_positive_qtr,2023Q3,LAB09_Laboratory Name 9,HllvX50cXC0,HllvX50cXC0,224,user2,2025-10-01T06:08:48.000+0000,,FALSE,null
hh_8b2_urine_positive_qtr,2023Q4,LAB09_Laboratory Name 9,HllvX50cXC0,HllvX50cXC0,260,user2,2025-10-01T06:08:48.000+0000,,FALSE,null
hh_8b2_urine_positive_qtr,2023Q1,LAB09_Laboratory Name 9,HllvX50cXC0,HllvX50cXC0,173,user2,2025-10-01T06:08:48.000+0000,,FALSE,null
hh_8b2_urine_positive_qtr,2022Q1,LAB09_Laboratory Name 9,HllvX50cXC0,HllvX50cXC0,165,user2,2025-10-01T06:08:48.000+0000,,FALSE,null
hh_8b2_urine_positive_qtr,2021Q3,LAB09_Laboratory Name 9,HllvX50cXC0,HllvX50cXC0,201,user2,2025-10-01T06:08:48.000+0000,,FALSE,null
hh_8b2_urine_positive_qtr,2021Q1,LAB09_Laboratory Name 9,HllvX50cXC0,HllvX50cXC0,159,user2,2025-10-01T06:08:48.000+0000,,FALSE,null
hh_8b2_urine_positive_qtr,2021Q2,LAB09_Laboratory Name 9,HllvX50cXC0,HllvX50cXC0,201,user2,2025-10-01T06:08:48.000+0000,,FALSE,null
hh_8b2_urine_positive_qtr,2022Q4,LAB09_Laboratory Name 9,HllvX50cXC0,HllvX50cXC0,205,user2,2025-10-01T06:08:48.000+0000,,FALSE,null
hh_8b2_urine_positive_qtr,2022Q2,LAB09_Laboratory Name 9,HllvX50cXC0,HllvX50cXC0,252,user2,2025-10-01T06:08:48.000+0000,,FALSE,null
hh_8b2_urine_positive_qtr,2021Q4,LAB09_Laboratory Name 9,HllvX50cXC0,HllvX50cXC0,202,user2,2025-10-01T06:08:48.000+0000,,FALSE,null
hh_8b2_urine_positive_qtr,2022Q3,LAB09_Laboratory Name 9,HllvX50cXC0,HllvX50cXC0,217,user2,2025-10-01T06:08:48.000+0000,,FALSE,null
hh_8b2_urine_positive_qtr,2024Q1,LAB09_Laboratory Name 9,HllvX50cXC0,HllvX50cXC0,234,user2,2025-10-01T06:08:48.000+0000,,FALSE,null
hh_8b2_urine_positive_qtr,2025Q2,LAB09_Laboratory Name 9,HllvX50cXC0,HllvX50cXC0,427,user1,2025-07-07T03:05:39.316+0000,,FALSE,null
hh_8b2_urine_positive_qtr,2024Q4,LAB09_Laboratory Name 9,HllvX50cXC0,HllvX50cXC0,240,user1,2025-01-09T03:19:46.084+0000,,FALSE,null
hh_8b2_urine_positive_qtr,2024Q2,LAB09_Laboratory Name 9,HllvX50cXC0,HllvX50cXC0,276,user1,2024-07-08T07:17:37.478+0000,,FALSE,null
hh_8b2_urine_positive_qtr,2024Q3,LAB09_Laboratory Name 9,HllvX50cXC0,HllvX50cXC0,344,user1,2024-10-10T03:38:44.506+0000,,FALSE,null
hh_8b2_urine_positive_qtr,2025Q1,LAB09_Laboratory Name 9,HllvX50cXC0,HllvX50cXC0,274,user1,2025-04-09T06:27:16.246+0000,,FALSE,null
hh_8c1_stool_qtr,2023Q2,LAB09_Laboratory Name 9,HllvX50cXC0,HllvX50cXC0,166,user2,2025-10-01T06:08:48.000+0000,,FALSE,null
hh_8c1_stool_qtr,2023Q3,LAB09_Laboratory Name 9,HllvX50cXC0,HllvX50cXC0,204,user2,2025-10-01T06:08:48.000+0000,,FALSE,null
hh_8c1_stool_qtr,2023Q4,LAB09_Laboratory Name 9,HllvX50cXC0,HllvX50cXC0,163,user2,2025-10-01T06:08:48.000+0000,,FALSE,null
hh_8c1_stool_qtr,2023Q1,LAB09_Laboratory Name 9,HllvX50cXC0,HllvX50cXC0,151,user2,2025-10-01T06:08:48.000+0000,,FALSE,null
hh_8c1_stool_qtr,2022Q1,LAB09_Laboratory Name 9,HllvX50cXC0,HllvX50cXC0,58,user2,2025-10-01T06:08:48.000+0000,,FALSE,null
hh_8c1_stool_qtr,2021Q3,LAB09_Laboratory Name 9,HllvX50cXC0,HllvX50cXC0,148,user2,2025-10-01T06:08:48.000+0000,,FALSE,null
hh_8c1_stool_qtr,2021Q1,LAB09_Laboratory Name 9,HllvX50cXC0,HllvX50cXC0,84,user2,2025-10-01T06:08:48.000+0000,,FALSE,null
hh_8c1_stool_qtr,2021Q2,LAB09_Laboratory Name 9,HllvX50cXC0,HllvX50cXC0,69,user2,2025-10-01T06:08:48.000+0000,,FALSE,null
hh_8c1_stool_qtr,2022Q4,LAB09_Laboratory Name 9,HllvX50cXC0,HllvX50cXC0,163,user2,2025-10-01T06:08:48.000+0000,,FALSE,null
hh_8c1_stool_qtr,2022Q2,LAB09_Laboratory Name 9,HllvX50cXC0,HllvX50cXC0,133,user2,2025-10-01T06:08:48.000+0000,,FALSE,null
hh_8c1_stool_qtr,2021Q4,LAB09_Laboratory Name 9,HllvX50cXC0,HllvX50cXC0,108,user2,2025-10-01T06:08:48.000+0000,,FALSE,null
hh_8c1_stool_qtr,2022Q3,LAB09_Laboratory Name 9,HllvX50cXC0,HllvX50cXC0,200,user2,2025-10-01T06:08:48.000+0000,,FALSE,null
hh_8c1_stool_qtr,2024Q1,LAB09_Laboratory Name 9,HllvX50cXC0,HllvX50cXC0,133,user2,2025-10-01T06:08:48.000+0000,,FALSE,null
hh_8c1_stool_qtr,2025Q2,LAB09_Laboratory Name 9,HllvX50cXC0,HllvX50cXC0,161,user1,2025-07-07T03:05:48.278+0000,,FALSE,null
hh_8c1_stool_qtr,2024Q4,LAB09_Laboratory Name 9,HllvX50cXC0,HllvX50cXC0,106,user1,2025-01-09T03:19:49.120+0000,,FALSE,null
hh_8c1_stool_qtr,2024Q2,LAB09_Laboratory Name 9,HllvX50cXC0,HllvX50cXC0,160,user1,2024-07-08T07:17:55.328+0000,,FALSE,null
hh_8c1_stool_qtr,2024Q3,LAB09_Laboratory Name 9,HllvX50cXC0,HllvX50cXC0,125,user1,2024-10-10T03:38:49.159+0000,,FALSE,null
hh_8c1_stool_qtr,2025Q1,LAB09_Laboratory Name 9,HllvX50cXC0,HllvX50cXC0,105,user1,2025-04-09T06:27:23.126+0000,,FALSE,null
hh_8c2_stool_positive_qtr,2023Q2,LAB09_Laboratory Name 9,HllvX50cXC0,HllvX50cXC0,6,user2,2025-10-01T06:08:48.000+0000,,FALSE,null
hh_8c2_stool_positive_qtr,2023Q3,LAB09_Laboratory Name 9,HllvX50cXC0,HllvX50cXC0,15,user2,2025-10-01T06:08:48.000+0000,,FALSE,null
hh_8c2_stool_positive_qtr,2023Q4,LAB09_Laboratory Name 9,HllvX50cXC0,HllvX50cXC0,9,user2,2025-10-01T06:08:48.000+0000,,FALSE,null
hh_8c2_stool_positive_qtr,2023Q1,LAB09_Laboratory Name 9,HllvX50cXC0,HllvX50cXC0,6,user2,2025-10-01T06:08:48.000+0000,,FALSE,null
hh_8c2_stool_positive_qtr,2022Q1,LAB09_Laboratory Name 9,HllvX50cXC0,HllvX50cXC0,1,user2,2025-10-01T06:08:48.000+0000,,FALSE,null
hh_8c2_stool_positive_qtr,2021Q3,LAB09_Laboratory Name 9,HllvX50cXC0,HllvX50cXC0,7,user2,2025-10-01T06:08:48.000+0000,,FALSE,null
hh_8c2_stool_positive_qtr,2021Q1,LAB09_Laboratory Name 9,HllvX50cXC0,HllvX50cXC0,7,user2,2025-10-01T06:08:48.000+0000,,FALSE,null
hh_8c2_stool_positive_qtr,2021Q2,LAB09_Laboratory Name 9,HllvX50cXC0,HllvX50cXC0,2,user2,2025-10-01T06:08:48.000+0000,,FALSE,null
hh_8c2_stool_positive_qtr,2022Q4,LAB09_Laboratory Name 9,HllvX50cXC0,HllvX50cXC0,3,user2,2025-10-01T06:08:48.000+0000,,FALSE,null
hh_8c2_stool_positive_qtr,2022Q2,LAB09_Laboratory Name 9,HllvX50cXC0,HllvX50cXC0,1,user2,2025-10-01T06:08:48.000+0000,,FALSE,null
hh_8c2_stool_positive_qtr,2021Q4,LAB09_Laboratory Name 9,HllvX50cXC0,HllvX50cXC0,2,user2,2025-10-01T06:08:48.000+0000,,FALSE,null
hh_8c2_stool_positive_qtr,2022Q3,LAB09_Laboratory Name 9,HllvX50cXC0,HllvX50cXC0,5,user2,2025-10-01T06:08:48.000+0000,,FALSE,null
hh_8c2_stool_positive_qtr,2024Q1,LAB09_Laboratory Name 9,HllvX50cXC0,HllvX50cXC0,15,user2,2025-10-01T06:08:48.000+0000,,FALSE,null
hh_8c2_stool_positive_qtr,2025Q2,LAB09_Laboratory Name 9,HllvX50cXC0,HllvX50cXC0,14,user1,2025-07-07T03:05:50.888+0000,,FALSE,null
hh_8c2_stool_positive_qtr,2024Q4,LAB09_Laboratory Name 9,HllvX50cXC0,HllvX50cXC0,12,user1,2025-01-09T03:19:51.725+0000,,FALSE,null
hh_8c2_stool_positive_qtr,2024Q2,LAB09_Laboratory Name 9,HllvX50cXC0,HllvX50cXC0,18,user1,2024-07-08T07:17:57.794+0000,,FALSE,null
hh_8c2_stool_positive_qtr,2024Q3,LAB09_Laboratory Name 9,HllvX50cXC0,HllvX50cXC0,11,user1,2024-10-10T03:38:50.715+0000,,FALSE,null
hh_8c2_stool_positive_qtr,2025Q1,LAB09_Laboratory Name 9,HllvX50cXC0,HllvX50cXC0,11,user1,2025-04-09T06:27:24.673+0000,,FALSE,null
hh_8d1_pus_qtr,2023Q2,LAB09_Laboratory Name 9,HllvX50cXC0,HllvX50cXC0,320,user2,2025-10-01T06:08:48.000+0000,,FALSE,null
hh_8d1_pus_qtr,2023Q3,LAB09_Laboratory Name 9,HllvX50cXC0,HllvX50cXC0,411,user2,2025-10-01T06:08:48.000+0000,,FALSE,null
hh_8d1_pus_qtr,2023Q4,LAB09_Laboratory Name 9,HllvX50cXC0,HllvX50cXC0,384,user2,2025-10-01T06:08:48.000+0000,,FALSE,null
hh_8d1_pus_qtr,2023Q1,LAB09_Laboratory Name 9,HllvX50cXC0,HllvX50cXC0,355,user2,2025-10-01T06:08:48.000+0000,,FALSE,null
hh_8d1_pus_qtr,2022Q1,LAB09_Laboratory Name 9,HllvX50cXC0,HllvX50cXC0,0,user2,2025-10-01T06:08:48.000+0000,,FALSE,null
hh_8d1_pus_qtr,2021Q3,LAB09_Laboratory Name 9,HllvX50cXC0,HllvX50cXC0,0,user2,2025-10-01T06:08:48.000+0000,,FALSE,null
hh_8d1_pus_qtr,2021Q1,LAB09_Laboratory Name 9,HllvX50cXC0,HllvX50cXC0,0,user2,2025-10-01T06:08:48.000+0000,,FALSE,null
hh_8d1_pus_qtr,2021Q2,LAB09_Laboratory Name 9,HllvX50cXC0,HllvX50cXC0,0,user2,2025-10-01T06:08:48.000+0000,,FALSE,null
hh_8d1_pus_qtr,2022Q4,LAB09_Laboratory Name 9,HllvX50cXC0,HllvX50cXC0,396,user2,2025-10-01T06:08:48.000+0000,,FALSE,null
hh_8d1_pus_qtr,2022Q2,LAB09_Laboratory Name 9,HllvX50cXC0,HllvX50cXC0,0,user2,2025-10-01T06:08:48.000+0000,,FALSE,null
hh_8d1_pus_qtr,2021Q4,LAB09_Laboratory Name 9,HllvX50cXC0,HllvX50cXC0,0,user2,2025-10-01T06:08:48.000+0000,,FALSE,null
hh_8d1_pus_qtr,2022Q3,LAB09_Laboratory Name 9,HllvX50cXC0,HllvX50cXC0,9,user2,2025-10-01T06:08:48.000+0000,,FALSE,null
hh_8d1_pus_qtr,2024Q1,LAB09_Laboratory Name 9,HllvX50cXC0,HllvX50cXC0,403,user2,2025-10-01T06:08:48.000+0000,,FALSE,null
hh_8d1_pus_qtr,2025Q2,LAB09_Laboratory Name 9,HllvX50cXC0,HllvX50cXC0,507,user1,2025-07-07T03:08:37.934+0000,,FALSE,null
hh_8d1_pus_qtr,2024Q4,LAB09_Laboratory Name 9,HllvX50cXC0,HllvX50cXC0,453,user1,2025-01-09T03:19:54.540+0000,,FALSE,null
hh_8d1_pus_qtr,2024Q2,LAB09_Laboratory Name 9,HllvX50cXC0,HllvX50cXC0,381,user1,2024-07-08T07:18:04.668+0000,,FALSE,null
hh_8d1_pus_qtr,2024Q3,LAB09_Laboratory Name 9,HllvX50cXC0,HllvX50cXC0,473,user1,2024-10-10T03:39:02.898+0000,,FALSE,null
hh_8d1_pus_qtr,2025Q1,LAB09_Laboratory Name 9,HllvX50cXC0,HllvX50cXC0,407,user1,2025-04-09T06:27:32.698+0000,,FALSE,null
hh_8d2_pus_positive_qtr,2023Q2,LAB09_Laboratory Name 9,HllvX50cXC0,HllvX50cXC0,195,user2,2025-10-01T06:08:48.000+0000,,FALSE,null
hh_8d2_pus_positive_qtr,2023Q3,LAB09_Laboratory Name 9,HllvX50cXC0,HllvX50cXC0,247,user2,2025-10-01T06:08:48.000+0000,,FALSE,null
hh_8d2_pus_positive_qtr,2023Q4,LAB09_Laboratory Name 9,HllvX50cXC0,HllvX50cXC0,238,user2,2025-10-01T06:08:48.000+0000,,FALSE,null
hh_8d2_pus_positive_qtr,2023Q1,LAB09_Laboratory Name 9,HllvX50cXC0,HllvX50cXC0,208,user2,2025-10-01T06:08:48.000+0000,,FALSE,null
hh_8d2_pus_positive_qtr,2022Q1,LAB09_Laboratory Name 9,HllvX50cXC0,HllvX50cXC0,0,user2,2025-10-01T06:08:48.000+0000,,FALSE,null
hh_8d2_pus_positive_qtr,2021Q3,LAB09_Laboratory Name 9,HllvX50cXC0,HllvX50cXC0,0,user2,2025-10-01T06:08:48.000+0000,,FALSE,null
hh_8d2_pus_positive_qtr,2021Q1,LAB09_Laboratory Name 9,HllvX50cXC0,HllvX50cXC0,0,user2,2025-10-01T06:08:48.000+0000,,FALSE,null
hh_8d2_pus_positive_qtr,2021Q2,LAB09_Laboratory Name 9,HllvX50cXC0,HllvX50cXC0,0,user2,2025-10-01T06:08:48.000+0000,,FALSE,null
hh_8d2_pus_positive_qtr,2022Q4,LAB09_Laboratory Name 9,HllvX50cXC0,HllvX50cXC0,221,user2,2025-10-01T06:08:48.000+0000,,FALSE,null
hh_8d2_pus_positive_qtr,2022Q2,LAB09_Laboratory Name 9,HllvX50cXC0,HllvX50cXC0,0,user2,2025-10-01T06:08:48.000+0000,,FALSE,null
hh_8d2_pus_positive_qtr,2021Q4,LAB09_Laboratory Name 9,HllvX50cXC0,HllvX50cXC0,0,user2,2025-10-01T06:08:48.000+0000,,FALSE,null
hh_8d2_pus_positive_qtr,2022Q3,LAB09_Laboratory Name 9,HllvX50cXC0,HllvX50cXC0,2,user2,2025-10-01T06:08:48.000+0000,,FALSE,null
hh_8d2_pus_positive_qtr,2024Q1,LAB09_Laboratory Name 9,HllvX50cXC0,HllvX50cXC0,273,user2,2025-10-01T06:08:48.000+0000,,FALSE,null
hh_8d2_pus_positive_qtr,2025Q2,LAB09_Laboratory Name 9,HllvX50cXC0,HllvX50cXC0,329,user1,2025-07-07T03:08:39.763+0000,,FALSE,null
hh_8d2_pus_positive_qtr,2024Q4,LAB09_Laboratory Name 9,HllvX50cXC0,HllvX50cXC0,289,user1,2025-01-09T03:19:57.801+0000,,FALSE,null
hh_8d2_pus_positive_qtr,2024Q2,LAB09_Laboratory Name 9,HllvX50cXC0,HllvX50cXC0,236,user1,2024-07-08T07:18:08.410+0000,,FALSE,null
hh_8d2_pus_positive_qtr,2024Q3,LAB09_Laboratory Name 9,HllvX50cXC0,HllvX50cXC0,320,user1,2024-10-10T03:39:03.313+0000,,FALSE,null
hh_8d2_pus_positive_qtr,2025Q1,LAB09_Laboratory Name 9,HllvX50cXC0,HllvX50cXC0,290,user1,2025-04-09T06:27:34.504+0000,,FALSE,null
hh_8e1_genitourinary_qtr,2023Q2,LAB09_Laboratory Name 9,HllvX50cXC0,HllvX50cXC0,20,user2,2025-10-01T06:08:48.000+0000,,FALSE,null
hh_8e1_genitourinary_qtr,2023Q3,LAB09_Laboratory Name 9,HllvX50cXC0,HllvX50cXC0,12,user2,2025-10-01T06:08:48.000+0000,,FALSE,null
hh_8e1_genitourinary_qtr,2023Q4,LAB09_Laboratory Name 9,HllvX50cXC0,HllvX50cXC0,12,user2,2025-10-01T06:08:48.000+0000,,FALSE,null
hh_8e1_genitourinary_qtr,2023Q1,LAB09_Laboratory Name 9,HllvX50cXC0,HllvX50cXC0,10,user2,2025-10-01T06:08:48.000+0000,,FALSE,null
hh_8e1_genitourinary_qtr,2022Q1,LAB09_Laboratory Name 9,HllvX50cXC0,HllvX50cXC0,10,user2,2025-10-01T06:08:48.000+0000,,FALSE,null
hh_8e1_genitourinary_qtr,2021Q3,LAB09_Laboratory Name 9,HllvX50cXC0,HllvX50cXC0,4,user2,2025-10-01T06:08:48.000+0000,,FALSE,null
hh_8e1_genitourinary_qtr,2021Q1,LAB09_Laboratory Name 9,HllvX50cXC0,HllvX50cXC0,2,user2,2025-10-01T06:08:48.000+0000,,FALSE,null
hh_8e1_genitourinary_qtr,2021Q2,LAB09_Laboratory Name 9,HllvX50cXC0,HllvX50cXC0,6,user2,2025-10-01T06:08:48.000+0000,,FALSE,null
hh_8e1_genitourinary_qtr,2022Q4,LAB09_Laboratory Name 9,HllvX50cXC0,HllvX50cXC0,6,user2,2025-10-01T06:08:48.000+0000,,FALSE,null
hh_8e1_genitourinary_qtr,2022Q2,LAB09_Laboratory Name 9,HllvX50cXC0,HllvX50cXC0,10,user2,2025-10-01T06:08:48.000+0000,,FALSE,null
hh_8e1_genitourinary_qtr,2021Q4,LAB09_Laboratory Name 9,HllvX50cXC0,HllvX50cXC0,9,user2,2025-10-01T06:08:48.000+0000,,FALSE,null
hh_8e1_genitourinary_qtr,2022Q3,LAB09_Laboratory Name 9,HllvX50cXC0,HllvX50cXC0,0,user2,2025-10-01T06:08:48.000+0000,,FALSE,null
hh_8e1_genitourinary_qtr,2024Q1,LAB09_Laboratory Name 9,HllvX50cXC0,HllvX50cXC0,20,user2,2025-10-01T06:08:48.000+0000,,FALSE,null
hh_8e1_genitourinary_qtr,2025Q2,LAB09_Laboratory Name 9,HllvX50cXC0,HllvX50cXC0,16,user1,2025-07-07T03:08:42.243+0000,,FALSE,null
hh_8e1_genitourinary_qtr,2024Q4,LAB09_Laboratory Name 9,HllvX50cXC0,HllvX50cXC0,9,user1,2025-01-09T03:20:00.301+0000,,FALSE,null
hh_8e1_genitourinary_qtr,2024Q2,LAB09_Laboratory Name 9,HllvX50cXC0,HllvX50cXC0,7,user1,2024-07-08T07:18:13.106+0000,,FALSE,null
hh_8e1_genitourinary_qtr,2024Q3,LAB09_Laboratory Name 9,HllvX50cXC0,HllvX50cXC0,14,user1,2024-10-10T03:39:06.524+0000,,FALSE,null
hh_8e1_genitourinary_qtr,2025Q1,LAB09_Laboratory Name 9,HllvX50cXC0,HllvX50cXC0,14,user1,2025-04-09T06:27:41.524+0000,,FALSE,null
hh_8e2_genitourinary_positive_qtr,2023Q2,LAB09_Laboratory Name 9,HllvX50cXC0,HllvX50cXC0,5,user2,2025-10-01T06:08:48.000+0000,,FALSE,null
hh_8e2_genitourinary_positive_qtr,2023Q3,LAB09_Laboratory Name 9,HllvX50cXC0,HllvX50cXC0,1,user2,2025-10-01T06:08:48.000+0000,,FALSE,null
hh_8e2_genitourinary_positive_qtr,2023Q4,LAB09_Laboratory Name 9,HllvX50cXC0,HllvX50cXC0,4,user2,2025-10-01T06:08:48.000+0000,,FALSE,null
hh_8e2_genitourinary_positive_qtr,2023Q1,LAB09_Laboratory Name 9,HllvX50cXC0,HllvX50cXC0,2,user2,2025-10-01T06:08:48.000+0000,,FALSE,null
hh_8e2_genitourinary_positive_qtr,2022Q1,LAB09_Laboratory Name 9,HllvX50cXC0,HllvX50cXC0,3,user2,2025-10-01T06:08:48.000+0000,,FALSE,null
hh_8e2_genitourinary_positive_qtr,2021Q3,LAB09_Laboratory Name 9,HllvX50cXC0,HllvX50cXC0,1,user2,2025-10-01T06:08:48.000+0000,,FALSE,null
hh_8e2_genitourinary_positive_qtr,2021Q1,LAB09_Laboratory Name 9,HllvX50cXC0,HllvX50cXC0,0,user2,2025-10-01T06:08:48.000+0000,,FALSE,null
hh_8e2_genitourinary_positive_qtr,2021Q2,LAB09_Laboratory Name 9,HllvX50cXC0,HllvX50cXC0,0,user2,2025-10-01T06:08:48.000+0000,,FALSE,null
hh_8e2_genitourinary_positive_qtr,2022Q4,LAB09_Laboratory Name 9,HllvX50cXC0,HllvX50cXC0,1,user2,2025-10-01T06:08:48.000+0000,,FALSE,null
hh_8e2_genitourinary_positive_qtr,2022Q2,LAB09_Laboratory Name 9,HllvX50cXC0,HllvX50cXC0,4,user2,2025-10-01T06:08:48.000+0000,,FALSE,null
hh_8e2_genitourinary_positive_qtr,2021Q4,LAB09_Laboratory Name 9,HllvX50cXC0,HllvX50cXC0,1,user2,2025-10-01T06:08:48.000+0000,,FALSE,null
hh_8e2_genitourinary_positive_qtr,2022Q3,LAB09_Laboratory Name 9,HllvX50cXC0,HllvX50cXC0,0,user2,2025-10-01T06:08:48.000+0000,,FALSE,null
hh_8e2_genitourinary_positive_qtr,2024Q1,LAB09_Laboratory Name 9,HllvX50cXC0,HllvX50cXC0,6,user2,2025-10-01T06:08:48.000+0000,,FALSE,null
hh_8e2_genitourinary_positive_qtr,2025Q2,LAB09_Laboratory Name 9,HllvX50cXC0,HllvX50cXC0,4,user1,2025-07-07T03:08:43.306+0000,,FALSE,null
hh_8e2_genitourinary_positive_qtr,2024Q4,LAB09_Laboratory Name 9,HllvX50cXC0,HllvX50cXC0,4,user1,2025-01-09T03:20:01.679+0000,,FALSE,null
hh_8e2_genitourinary_positive_qtr,2024Q2,LAB09_Laboratory Name 9,HllvX50cXC0,HllvX50cXC0,1,user1,2024-07-08T07:18:15.473+0000,,FALSE,null
hh_8e2_genitourinary_positive_qtr,2024Q3,LAB09_Laboratory Name 9,HllvX50cXC0,HllvX50cXC0,7,user1,2024-10-10T03:39:13.921+0000,,FALSE,null
hh_8e2_genitourinary_positive_qtr,2025Q1,LAB09_Laboratory Name 9,HllvX50cXC0,HllvX50cXC0,9,user1,2025-04-09T06:27:42.900+0000,,FALSE,null
hh_8f1_blood_qtr,2023Q2,LAB09_Laboratory Name 9,HllvX50cXC0,HllvX50cXC0,4158,user2,2025-10-01T06:08:48.000+0000,,FALSE,null
hh_8f1_blood_qtr,2023Q3,LAB09_Laboratory Name 9,HllvX50cXC0,HllvX50cXC0,4432,user2,2025-10-01T06:08:48.000+0000,,FALSE,null
hh_8f1_blood_qtr,2023Q4,LAB09_Laboratory Name 9,HllvX50cXC0,HllvX50cXC0,4957,user2,2025-10-01T06:08:48.000+0000,,FALSE,null
hh_8f1_blood_qtr,2023Q1,LAB09_Laboratory Name 9,HllvX50cXC0,HllvX50cXC0,4233,user2,2025-10-01T06:08:48.000+0000,,FALSE,null
hh_8f1_blood_qtr,2022Q1,LAB09_Laboratory Name 9,HllvX50cXC0,HllvX50cXC0,2931,user2,2025-10-01T06:08:48.000+0000,,FALSE,null
hh_8f1_blood_qtr,2021Q3,LAB09_Laboratory Name 9,HllvX50cXC0,HllvX50cXC0,4359,user2,2025-10-01T06:08:48.000+0000,,FALSE,null
hh_8f1_blood_qtr,2021Q1,LAB09_Laboratory Name 9,HllvX50cXC0,HllvX50cXC0,3521,user2,2025-10-01T06:08:48.000+0000,,FALSE,null
hh_8f1_blood_qtr,2021Q2,LAB09_Laboratory Name 9,HllvX50cXC0,HllvX50cXC0,4225,user2,2025-10-01T06:08:48.000+0000,,FALSE,null
hh_8f1_blood_qtr,2022Q4,LAB09_Laboratory Name 9,HllvX50cXC0,HllvX50cXC0,1860,user2,2025-10-01T06:08:48.000+0000,,FALSE,null
hh_8f1_blood_qtr,2022Q2,LAB09_Laboratory Name 9,HllvX50cXC0,HllvX50cXC0,1855,user2,2025-10-01T06:08:48.000+0000,,FALSE,null
hh_8f1_blood_qtr,2021Q4,LAB09_Laboratory Name 9,HllvX50cXC0,HllvX50cXC0,3998,user2,2025-10-01T06:08:48.000+0000,,FALSE,null
hh_8f1_blood_qtr,2022Q3,LAB09_Laboratory Name 9,HllvX50cXC0,HllvX50cXC0,2212,user2,2025-10-01T06:08:48.000+0000,,FALSE,null
hh_8f1_blood_qtr,2024Q1,LAB09_Laboratory Name 9,HllvX50cXC0,HllvX50cXC0,4539,user2,2025-10-01T06:08:48.000+0000,,FALSE,null
hh_8f1_blood_qtr,2025Q2,LAB09_Laboratory Name 9,HllvX50cXC0,HllvX50cXC0,5078,user1,2025-07-07T03:08:46.330+0000,,FALSE,null
hh_8f1_blood_qtr,2024Q4,LAB09_Laboratory Name 9,HllvX50cXC0,HllvX50cXC0,4909,user1,2025-01-09T03:20:06.423+0000,,FALSE,null
hh_8f1_blood_qtr,2024Q2,LAB09_Laboratory Name 9,HllvX50cXC0,HllvX50cXC0,5091,user1,2024-07-08T07:18:24.498+0000,,FALSE,null
hh_8f1_blood_qtr,2024Q3,LAB09_Laboratory Name 9,HllvX50cXC0,HllvX50cXC0,5341,user1,2024-10-10T03:39:18.515+0000,,FALSE,null
hh_8f1_blood_qtr,2025Q1,LAB09_Laboratory Name 9,HllvX50cXC0,HllvX50cXC0,5034,user1,2025-04-09T06:27:55.086+0000,,FALSE,null
hh_8f2_blood_positive_qtr,2023Q2,LAB09_Laboratory Name 9,HllvX50cXC0,HllvX50cXC0,447,user2,2025-10-01T06:08:48.000+0000,,FALSE,null
hh_8f2_blood_positive_qtr,2023Q3,LAB09_Laboratory Name 9,HllvX50cXC0,HllvX50cXC0,390,user2,2025-10-01T06:08:48.000+0000,,FALSE,null
hh_8f2_blood_positive_qtr,2023Q4,LAB09_Laboratory Name 9,HllvX50cXC0,HllvX50cXC0,451,user2,2025-10-01T06:08:48.000+0000,,FALSE,null
hh_8f2_blood_positive_qtr,2023Q1,LAB09_Laboratory Name 9,HllvX50cXC0,HllvX50cXC0,389,user2,2025-10-01T06:08:48.000+0000,,FALSE,null
hh_8f2_blood_positive_qtr,2022Q1,LAB09_Laboratory Name 9,HllvX50cXC0,HllvX50cXC0,265,user2,2025-10-01T06:08:48.000+0000,,FALSE,null
hh_8f2_blood_positive_qtr,2021Q3,LAB09_Laboratory Name 9,HllvX50cXC0,HllvX50cXC0,389,user2,2025-10-01T06:08:48.000+0000,,FALSE,null
hh_8f2_blood_positive_qtr,2021Q1,LAB09_Laboratory Name 9,HllvX50cXC0,HllvX50cXC0,317,user2,2025-10-01T06:08:48.000+0000,,FALSE,null
hh_8f2_blood_positive_qtr,2021Q2,LAB09_Laboratory Name 9,HllvX50cXC0,HllvX50cXC0,409,user2,2025-10-01T06:08:48.000+0000,,FALSE,null
hh_8f2_blood_positive_qtr,2022Q4,LAB09_Laboratory Name 9,HllvX50cXC0,HllvX50cXC0,166,user2,2025-10-01T06:08:48.000+0000,,FALSE,null
hh_8f2_blood_positive_qtr,2022Q2,LAB09_Laboratory Name 9,HllvX50cXC0,HllvX50cXC0,221,user2,2025-10-01T06:08:48.000+0000,,FALSE,null
hh_8f2_blood_positive_qtr,2021Q4,LAB09_Laboratory Name 9,HllvX50cXC0,HllvX50cXC0,313,user2,2025-10-01T06:08:48.000+0000,,FALSE,null
hh_8f2_blood_positive_qtr,2022Q3,LAB09_Laboratory Name 9,HllvX50cXC0,HllvX50cXC0,196,user2,2025-10-01T06:08:48.000+0000,,FALSE,null
hh_8f2_blood_positive_qtr,2024Q1,LAB09_Laboratory Name 9,HllvX50cXC0,HllvX50cXC0,381,user2,2025-10-01T06:08:48.000+0000,,FALSE,null
hh_8f2_blood_positive_qtr,2025Q2,LAB09_Laboratory Name 9,HllvX50cXC0,HllvX50cXC0,470,user1,2025-07-07T03:08:49.952+0000,,FALSE,null
hh_8f2_blood_positive_qtr,2024Q4,LAB09_Laboratory Name 9,HllvX50cXC0,HllvX50cXC0,446,user1,2025-01-09T03:20:09.239+0000,,FALSE,null
hh_8f2_blood_positive_qtr,2024Q2,LAB09_Laboratory Name 9,HllvX50cXC0,HllvX50cXC0,451,user1,2024-07-08T07:18:29.232+0000,,FALSE,null
hh_8f2_blood_positive_qtr,2024Q3,LAB09_Laboratory Name 9,HllvX50cXC0,HllvX50cXC0,500,user1,2024-10-10T03:39:21.149+0000,,FALSE,null
hh_8f2_blood_positive_qtr,2025Q1,LAB09_Laboratory Name 9,HllvX50cXC0,HllvX50cXC0,435,user1,2025-04-09T06:27:57.482+0000,,FALSE,null
hh_8g1_other_qtr,2025Q2,LAB09_Laboratory Name 9,HllvX50cXC0,HllvX50cXC0,0,user1,2025-07-07T03:08:50.966+0000,,FALSE,null
hh_8g1_other_qtr,2024Q4,LAB09_Laboratory Name 9,HllvX50cXC0,HllvX50cXC0,0,user1,2025-01-09T03:20:44.349+0000,,FALSE,null
hh_8g1_other_qtr,2024Q2,LAB09_Laboratory Name 9,HllvX50cXC0,HllvX50cXC0,0,user1,2024-07-30T15:45:58.408+0000,,FALSE,null
hh_8g1_other_qtr,2024Q3,LAB09_Laboratory Name 9,HllvX50cXC0,HllvX50cXC0,0,user1,2024-10-10T03:39:22.201+0000,,FALSE,null
hh_8g1_other_qtr,2025Q1,LAB09_Laboratory Name 9,HllvX50cXC0,HllvX50cXC0,0,user1,2025-04-09T06:27:59.197+0000,,FALSE,null
hh_8g2_other_positive_qtr,2025Q2,LAB09_Laboratory Name 9,HllvX50cXC0,HllvX50cXC0,0,user1,2025-07-07T03:08:51.425+0000,,FALSE,null
hh_8g2_other_positive_qtr,2024Q4,LAB09_Laboratory Name 9,HllvX50cXC0,HllvX50cXC0,0,user1,2025-01-09T03:20:44.552+0000,,FALSE,null
hh_8g2_other_positive_qtr,2024Q2,LAB09_Laboratory Name 9,HllvX50cXC0,HllvX50cXC0,0,user1,2024-07-30T15:46:05.241+0000,,FALSE,null
hh_8g2_other_positive_qtr,2024Q3,LAB09_Laboratory Name 9,HllvX50cXC0,HllvX50cXC0,0,user1,2024-10-10T03:39:23.102+0000,,FALSE,null
hh_8g2_other_positive_qtr,2025Q1,LAB09_Laboratory Name 9,HllvX50cXC0,HllvX50cXC0,0,user1,2025-04-09T06:28:00.551+0000,,FALSE,null
ah_10a1_env_farm_qtr,2025Q2,LAB09_Laboratory Name 9,HllvX50cXC0,HllvX50cXC0,0,user1,2025-06-30T08:06:10.625+0000,,FALSE,null
ah_10a1_env_farm_qtr,2024Q4,LAB09_Laboratory Name 9,HllvX50cXC0,HllvX50cXC0,0,user1,2025-01-10T03:34:05.921+0000,,FALSE,null
ah_10a1_env_farm_qtr,2025Q1,LAB09_Laboratory Name 9,HllvX50cXC0,HllvX50cXC0,0,user1,2025-04-09T06:28:01.384+0000,,FALSE,null
ah_10a2_env_abattoir_qtr,2025Q2,LAB09_Laboratory Name 9,HllvX50cXC0,HllvX50cXC0,0,user1,2025-06-30T08:06:11.041+0000,,FALSE,null
ah_10a2_env_abattoir_qtr,2024Q4,LAB09_Laboratory Name 9,HllvX50cXC0,HllvX50cXC0,0,user1,2025-01-10T03:34:05.920+0000,,FALSE,null
ah_10a2_env_abattoir_qtr,2025Q1,LAB09_Laboratory Name 9,HllvX50cXC0,HllvX50cXC0,0,user1,2025-04-09T06:28:02.255+0000,,FALSE,null
ah_10a3_env_drinking_qtr,2025Q2,LAB09_Laboratory Name 9,HllvX50cXC0,HllvX50cXC0,0,user1,2025-06-30T08:06:11.509+0000,,FALSE,null
ah_10a3_env_drinking_qtr,2024Q4,LAB09_Laboratory Name 9,HllvX50cXC0,HllvX50cXC0,0,user1,2025-01-10T03:34:06.093+0000,,FALSE,null
ah_10a3_env_drinking_qtr,2025Q1,LAB09_Laboratory Name 9,HllvX50cXC0,HllvX50cXC0,0,user1,2025-04-09T06:28:03.038+0000,,FALSE,null
ah_10a4_env_sewage_qtr,2025Q2,LAB09_Laboratory Name 9,HllvX50cXC0,HllvX50cXC0,0,user1,2025-06-30T08:06:12.023+0000,,FALSE,null
ah_10a4_env_sewage_qtr,2024Q4,LAB09_Laboratory Name 9,HllvX50cXC0,HllvX50cXC0,0,user1,2025-01-10T03:34:06.390+0000,,FALSE,null
ah_10a4_env_sewage_qtr,2025Q1,LAB09_Laboratory Name 9,HllvX50cXC0,HllvX50cXC0,0,user1,2025-04-09T06:28:03.790+0000,,FALSE,null
ah_10a5_env_surfacewtr_qtr,2025Q2,LAB09_Laboratory Name 9,HllvX50cXC0,HllvX50cXC0,0,user1,2025-06-30T08:06:12.604+0000,,FALSE,null
ah_10a5_env_surfacewtr_qtr,2024Q4,LAB09_Laboratory Name 9,HllvX50cXC0,HllvX50cXC0,0,user1,2025-01-10T03:34:07.285+0000,,FALSE,null
ah_10a5_env_surfacewtr_qtr,2025Q1,LAB09_Laboratory Name 9,HllvX50cXC0,HllvX50cXC0,0,user1,2025-04-09T06:28:04.407+0000,,FALSE,null
ah_10a6_env_tap_qtr,2025Q2,LAB09_Laboratory Name 9,HllvX50cXC0,HllvX50cXC0,0,user1,2025-06-30T08:06:13.129+0000,,FALSE,null
ah_10a6_env_tap_qtr,2024Q4,LAB09_Laboratory Name 9,HllvX50cXC0,HllvX50cXC0,0,user1,2025-01-10T03:34:07.830+0000,,FALSE,null
ah_10a6_env_tap_qtr,2025Q1,LAB09_Laboratory Name 9,HllvX50cXC0,HllvX50cXC0,0,user1,2025-04-09T06:28:05.327+0000,,FALSE,null
ah_10a7_env_bottledwtr_qtr,2025Q2,LAB09_Laboratory Name 9,HllvX50cXC0,HllvX50cXC0,0,user1,2025-06-30T08:06:13.620+0000,,FALSE,null
ah_10a7_env_bottledwtr_qtr,2024Q4,LAB09_Laboratory Name 9,HllvX50cXC0,HllvX50cXC0,0,user1,2025-01-10T03:34:08.011+0000,,FALSE,null
ah_10a7_env_bottledwtr_qtr,2025Q1,LAB09_Laboratory Name 9,HllvX50cXC0,HllvX50cXC0,0,user1,2025-04-09T06:28:06.453+0000,,FALSE,null
ah_10a8_env_aquaculture_qtr,2025Q2,LAB09_Laboratory Name 9,HllvX50cXC0,HllvX50cXC0,0,user1,2025-06-30T08:06:14.076+0000,,FALSE,null
ah_10a8_env_aquaculture_qtr,2024Q4,LAB09_Laboratory Name 9,HllvX50cXC0,HllvX50cXC0,0,user1,2025-01-10T03:34:08.422+0000,,FALSE,null
ah_10a8_env_aquaculture_qtr,2025Q1,LAB09_Laboratory Name 9,HllvX50cXC0,HllvX50cXC0,0,user1,2025-04-09T06:28:07.169+0000,,FALSE,null
ah_10a9_env_other_qtr,2025Q2,LAB09_Laboratory Name 9,HllvX50cXC0,HllvX50cXC0,0,user1,2025-06-30T08:06:14.795+0000,,FALSE,null
ah_10a9_env_other_qtr,2024Q4,LAB09_Laboratory Name 9,HllvX50cXC0,HllvX50cXC0,0,user1,2025-01-10T03:34:09.889+0000,,FALSE,null
ah_10a9_env_other_qtr,2025Q1,LAB09_Laboratory Name 9,HllvX50cXC0,HllvX50cXC0,0,user1,2025-04-09T06:28:08.091+0000,,FALSE,null
ah_11a1_food_chicken_qtr,2025Q2,LAB09_Laboratory Name 9,HllvX50cXC0,HllvX50cXC0,0,user1,2025-06-30T08:06:17.429+0000,,FALSE,null
ah_11a1_food_chicken_qtr,2024Q4,LAB09_Laboratory Name 9,HllvX50cXC0,HllvX50cXC0,0,user1,2025-01-10T03:34:10.266+0000,,FALSE,null
ah_11a1_food_chicken_qtr,2025Q1,LAB09_Laboratory Name 9,HllvX50cXC0,HllvX50cXC0,0,user1,2025-04-09T06:28:08.910+0000,,FALSE,null
ah_11a2_food_egg_qtr,2025Q2,LAB09_Laboratory Name 9,HllvX50cXC0,HllvX50cXC0,0,user1,2025-06-30T08:06:17.882+0000,,FALSE,null
ah_11a2_food_egg_qtr,2024Q4,LAB09_Laboratory Name 9,HllvX50cXC0,HllvX50cXC0,0,user1,2025-01-10T03:34:10.630+0000,,FALSE,null
ah_11a2_food_egg_qtr,2025Q1,LAB09_Laboratory Name 9,HllvX50cXC0,HllvX50cXC0,0,user1,2025-04-09T06:28:09.636+0000,,FALSE,null
ah_11a3_food_pork_qtr,2025Q2,LAB09_Laboratory Name 9,HllvX50cXC0,HllvX50cXC0,0,user1,2025-06-30T08:06:18.490+0000,,FALSE,null
ah_11a3_food_pork_qtr,2024Q4,LAB09_Laboratory Name 9,HllvX50cXC0,HllvX50cXC0,0,user1,2025-01-10T03:34:10.970+0000,,FALSE,null
ah_11a3_food_pork_qtr,2025Q1,LAB09_Laboratory Name 9,HllvX50cXC0,HllvX50cXC0,0,user1,2025-04-09T06:28:10.448+0000,,FALSE,null
ah_11a4_food_beef_qtr,2025Q2,LAB09_Laboratory Name 9,HllvX50cXC0,HllvX50cXC0,0,user1,2025-06-30T08:06:19.219+0000,,FALSE,null
ah_11a4_food_beef_qtr,2024Q4,LAB09_Laboratory Name 9,HllvX50cXC0,HllvX50cXC0,0,user1,2025-01-10T03:34:12.006+0000,,FALSE,null
ah_11a4_food_beef_qtr,2025Q1,LAB09_Laboratory Name 9,HllvX50cXC0,HllvX50cXC0,0,user1,2025-04-09T06:28:11.163+0000,,FALSE,null
ah_11a5_food_SmallRuminantMeat_qtr,2025Q2,LAB09_Laboratory Name 9,HllvX50cXC0,HllvX50cXC0,0,user1,2025-06-30T08:06:21.779+0000,,FALSE,null
ah_11a5_food_SmallRuminantMeat_qtr,2024Q4,LAB09_Laboratory Name 9,HllvX50cXC0,HllvX50cXC0,0,user1,2025-01-10T03:34:12.384+0000,,FALSE,null
ah_11a5_food_SmallRuminantMeat_qtr,2025Q1,LAB09_Laboratory Name 9,HllvX50cXC0,HllvX50cXC0,0,user1,2025-04-09T06:28:11.982+0000,,FALSE,null
ah_11a6_food_milk_qtr,2025Q2,LAB09_Laboratory Name 9,HllvX50cXC0,HllvX50cXC0,0,user1,2025-06-30T08:06:21.136+0000,,FALSE,null
ah_11a6_food_milk_qtr,2024Q4,LAB09_Laboratory Name 9,HllvX50cXC0,HllvX50cXC0,0,user1,2025-01-10T03:34:12.702+0000,,FALSE,null
ah_11a6_food_milk_qtr,2025Q1,LAB09_Laboratory Name 9,HllvX50cXC0,HllvX50cXC0,0,user1,2025-04-09T06:28:12.699+0000,,FALSE,null
ah_11a7_food_aquatic_qtr,2025Q2,LAB09_Laboratory Name 9,HllvX50cXC0,HllvX50cXC0,0,user1,2025-06-30T08:06:22.695+0000,,FALSE,null
ah_11a7_food_aquatic_qtr,2024Q4,LAB09_Laboratory Name 9,HllvX50cXC0,HllvX50cXC0,0,user1,2025-01-10T03:34:13.069+0000,,FALSE,null
ah_11a7_food_aquatic_qtr,2025Q1,LAB09_Laboratory Name 9,HllvX50cXC0,HllvX50cXC0,0,user1,2025-04-09T06:28:13.371+0000,,FALSE,null
ah_11a8_food_plants_qtr,2025Q2,LAB09_Laboratory Name 9,HllvX50cXC0,HllvX50cXC0,0,user1,2025-06-30T08:06:23.220+0000,,FALSE,null
ah_11a8_food_plants_qtr,2024Q4,LAB09_Laboratory Name 9,HllvX50cXC0,HllvX50cXC0,0,user1,2025-01-10T03:34:13.634+0000,,FALSE,null
ah_11a8_food_plants_qtr,2025Q1,LAB09_Laboratory Name 9,HllvX50cXC0,HllvX50cXC0,0,user1,2025-04-09T06:28:14.047+0000,,FALSE,null
ah_11a9_food_other_qtr,2025Q2,LAB09_Laboratory Name 9,HllvX50cXC0,HllvX50cXC0,0,user1,2025-06-30T08:06:23.677+0000,,FALSE,null
ah_11a9_food_other_qtr,2024Q4,LAB09_Laboratory Name 9,HllvX50cXC0,HllvX50cXC0,0,user1,2025-01-10T03:34:16.266+0000,,FALSE,null
ah_11a9_food_other_qtr,2025Q1,LAB09_Laboratory Name 9,HllvX50cXC0,HllvX50cXC0,0,user1,2025-04-09T06:28:14.747+0000,,FALSE,null
env_samples_qtr,2025Q2,LAB09_Laboratory Name 9,HllvX50cXC0,HllvX50cXC0,FALSE,user1,2025-07-07T03:05:25.663+0000,,FALSE,null
env_samples_qtr,2024Q4,LAB09_Laboratory Name 9,HllvX50cXC0,HllvX50cXC0,FALSE,user1,2025-01-09T03:19:04.624+0000,,FALSE,null
env_samples_qtr,2024Q3,LAB09_Laboratory Name 9,HllvX50cXC0,HllvX50cXC0,FALSE,user1,2024-10-10T03:38:26.769+0000,,FALSE,null
env_samples_qtr,2025Q1,LAB09_Laboratory Name 9,HllvX50cXC0,HllvX50cXC0,FALSE,user1,2025-04-09T06:26:54.874+0000,,FALSE,null
food_samples_qtr,2025Q2,LAB09_Laboratory Name 9,HllvX50cXC0,HllvX50cXC0,FALSE,user1,2025-07-07T03:05:26.125+0000,,FALSE,null
food_samples_qtr,2024Q4,LAB09_Laboratory Name 9,HllvX50cXC0,HllvX50cXC0,FALSE,user1,2025-01-09T03:19:05.577+0000,,FALSE,null
food_samples_qtr,2024Q3,LAB09_Laboratory Name 9,HllvX50cXC0,HllvX50cXC0,FALSE,user1,2024-10-10T03:38:27.639+0000,,FALSE,null
food_samples_qtr,2025Q1,LAB09_Laboratory Name 9,HllvX50cXC0,HllvX50cXC0,FALSE,user1,2025-04-09T06:26:55.898+0000,,FALSE,null
hh_samples_qtr,2025Q2,LAB09_Laboratory Name 9,HllvX50cXC0,HllvX50cXC0,TRUE,user1,2025-07-07T03:05:24.821+0000,,FALSE,null
hh_samples_qtr,2024Q4,LAB09_Laboratory Name 9,HllvX50cXC0,HllvX50cXC0,TRUE,user1,2025-01-09T03:19:03.667+0000,,FALSE,null
hh_samples_qtr,2024Q3,LAB09_Laboratory Name 9,HllvX50cXC0,HllvX50cXC0,TRUE,user1,2024-10-10T03:38:26.172+0000,,FALSE,null
hh_samples_qtr,2025Q1,LAB09_Laboratory Name 9,HllvX50cXC0,HllvX50cXC0,TRUE,user1,2025-04-09T06:26:53.738+0000,,FALSE,null
hh_8a1_cerebrospinalfluid_qtr,2023Q3,LAB07_Laboratory Name 7,HllvX50cXC0,HllvX50cXC0,166,user2,2025-10-01T06:08:48.000+0000,,FALSE,null
hh_8a1_cerebrospinalfluid_qtr,2023Q4,LAB07_Laboratory Name 7,HllvX50cXC0,HllvX50cXC0,144,user2,2025-10-01T06:08:48.000+0000,,FALSE,null
hh_8a1_cerebrospinalfluid_qtr,2022Q1,LAB07_Laboratory Name 7,HllvX50cXC0,HllvX50cXC0,132,user2,2025-10-01T06:08:48.000+0000,,FALSE,null
hh_8a1_cerebrospinalfluid_qtr,2021Q3,LAB07_Laboratory Name 7,HllvX50cXC0,HllvX50cXC0,136,user2,2025-10-01T06:08:48.000+0000,,FALSE,null
hh_8a1_cerebrospinalfluid_qtr,2021Q1,LAB07_Laboratory Name 7,HllvX50cXC0,HllvX50cXC0,162,user2,2025-10-01T06:08:48.000+0000,,FALSE,null
hh_8a1_cerebrospinalfluid_qtr,2021Q2,LAB07_Laboratory Name 7,HllvX50cXC0,HllvX50cXC0,68,user2,2025-10-01T06:08:48.000+0000,,FALSE,null
hh_8a1_cerebrospinalfluid_qtr,2022Q2,LAB07_Laboratory Name 7,HllvX50cXC0,HllvX50cXC0,113,user2,2025-10-01T06:08:48.000+0000,,FALSE,null
hh_8a1_cerebrospinalfluid_qtr,2022Q3,LAB07_Laboratory Name 7,HllvX50cXC0,HllvX50cXC0,113,user2,2025-10-01T06:08:48.000+0000,,FALSE,null
hh_8a1_cerebrospinalfluid_qtr,2024Q1,LAB07_Laboratory Name 7,HllvX50cXC0,HllvX50cXC0,176,user2,2025-10-01T06:08:48.000+0000,,FALSE,null
hh_8a1_cerebrospinalfluid_qtr,2025Q2,LAB07_Laboratory Name 7,HllvX50cXC0,HllvX50cXC0,286,user1,2025-07-07T03:03:45.979+0000,,FALSE,null
hh_8a1_cerebrospinalfluid_qtr,2024Q4,LAB07_Laboratory Name 7,HllvX50cXC0,HllvX50cXC0,317,user1,2025-01-09T03:14:14.832+0000,,FALSE,null
hh_8a1_cerebrospinalfluid_qtr,2024Q2,LAB07_Laboratory Name 7,HllvX50cXC0,HllvX50cXC0,209,user1,2024-07-08T07:29:40.783+0000,,FALSE,null
hh_8a1_cerebrospinalfluid_qtr,2024Q3,LAB07_Laboratory Name 7,HllvX50cXC0,HllvX50cXC0,208,user1,2024-10-10T03:34:37.116+0000,,FALSE,null
hh_8a1_cerebrospinalfluid_qtr,2025Q1,LAB07_Laboratory Name 7,HllvX50cXC0,HllvX50cXC0,259,user1,2025-04-09T06:21:10.258+0000,,FALSE,null
hh_8a2_cerebrospinalfluid_positive_qtr,2023Q3,LAB07_Laboratory Name 7,HllvX50cXC0,HllvX50cXC0,6,user2,2025-10-01T06:08:48.000+0000,,FALSE,null
hh_8a2_cerebrospinalfluid_positive_qtr,2023Q4,LAB07_Laboratory Name 7,HllvX50cXC0,HllvX50cXC0,2,user2,2025-10-01T06:08:48.000+0000,,FALSE,null
hh_8a2_cerebrospinalfluid_positive_qtr,2022Q1,LAB07_Laboratory Name 7,HllvX50cXC0,HllvX50cXC0,3,user2,2025-10-01T06:08:48.000+0000,,FALSE,null
hh_8a2_cerebrospinalfluid_positive_qtr,2021Q3,LAB07_Laboratory Name 7,HllvX50cXC0,HllvX50cXC0,0,user2,2025-10-01T06:08:48.000+0000,,FALSE,null
hh_8a2_cerebrospinalfluid_positive_qtr,2021Q1,LAB07_Laboratory Name 7,HllvX50cXC0,HllvX50cXC0,6,user2,2025-10-01T06:08:48.000+0000,,FALSE,null
hh_8a2_cerebrospinalfluid_positive_qtr,2021Q2,LAB07_Laboratory Name 7,HllvX50cXC0,HllvX50cXC0,2,user2,2025-10-01T06:08:48.000+0000,,FALSE,null
hh_8a2_cerebrospinalfluid_positive_qtr,2022Q2,LAB07_Laboratory Name 7,HllvX50cXC0,HllvX50cXC0,2,user2,2025-10-01T06:08:48.000+0000,,FALSE,null
hh_8a2_cerebrospinalfluid_positive_qtr,2022Q3,LAB07_Laboratory Name 7,HllvX50cXC0,HllvX50cXC0,2,user2,2025-10-01T06:08:48.000+0000,,FALSE,null
hh_8a2_cerebrospinalfluid_positive_qtr,2024Q1,LAB07_Laboratory Name 7,HllvX50cXC0,HllvX50cXC0,1,user2,2025-10-01T06:08:48.000+0000,,FALSE,null
hh_8a2_cerebrospinalfluid_positive_qtr,2025Q2,LAB07_Laboratory Name 7,HllvX50cXC0,HllvX50cXC0,4,user1,2025-07-07T03:03:48.252+0000,,FALSE,null
hh_8a2_cerebrospinalfluid_positive_qtr,2024Q4,LAB07_Laboratory Name 7,HllvX50cXC0,HllvX50cXC0,6,user1,2025-01-09T03:14:17.292+0000,,FALSE,null
hh_8a2_cerebrospinalfluid_positive_qtr,2024Q2,LAB07_Laboratory Name 7,HllvX50cXC0,HllvX50cXC0,4,user1,2024-07-08T07:29:43.062+0000,,FALSE,null
hh_8a2_cerebrospinalfluid_positive_qtr,2024Q3,LAB07_Laboratory Name 7,HllvX50cXC0,HllvX50cXC0,1,user1,2024-10-10T03:34:39.200+0000,,FALSE,null
hh_8a2_cerebrospinalfluid_positive_qtr,2025Q1,LAB07_Laboratory Name 7,HllvX50cXC0,HllvX50cXC0,2,user1,2025-04-09T06:21:11.430+0000,,FALSE,null
hh_8b1_urine_qtr,2023Q3,LAB07_Laboratory Name 7,HllvX50cXC0,HllvX50cXC0,2135,user2,2025-10-01T06:08:48.000+0000,,FALSE,null
hh_8b1_urine_qtr,2023Q4,LAB07_Laboratory Name 7,HllvX50cXC0,HllvX50cXC0,2150,user2,2025-10-01T06:08:48.000+0000,,FALSE,null
hh_8b1_urine_qtr,2022Q1,LAB07_Laboratory Name 7,HllvX50cXC0,HllvX50cXC0,1056,user2,2025-10-01T06:08:48.000+0000,,FALSE,null
hh_8b1_urine_qtr,2021Q3,LAB07_Laboratory Name 7,HllvX50cXC0,HllvX50cXC0,929,user2,2025-10-01T06:08:48.000+0000,,FALSE,null
hh_8b1_urine_qtr,2021Q1,LAB07_Laboratory Name 7,HllvX50cXC0,HllvX50cXC0,1336,user2,2025-10-01T06:08:48.000+0000,,FALSE,null
hh_8b1_urine_qtr,2021Q2,LAB07_Laboratory Name 7,HllvX50cXC0,HllvX50cXC0,699,user2,2025-10-01T06:08:48.000+0000,,FALSE,null
hh_8b1_urine_qtr,2022Q2,LAB07_Laboratory Name 7,HllvX50cXC0,HllvX50cXC0,2541,user2,2025-10-01T06:08:48.000+0000,,FALSE,null
hh_8b1_urine_qtr,2022Q3,LAB07_Laboratory Name 7,HllvX50cXC0,HllvX50cXC0,1927,user2,2025-10-01T06:08:48.000+0000,,FALSE,null
hh_8b1_urine_qtr,2024Q1,LAB07_Laboratory Name 7,HllvX50cXC0,HllvX50cXC0,1966,user2,2025-10-01T06:08:48.000+0000,,FALSE,null
hh_8b1_urine_qtr,2025Q2,LAB07_Laboratory Name 7,HllvX50cXC0,HllvX50cXC0,3146,user1,2025-07-07T03:03:53.386+0000,,FALSE,null
hh_8b1_urine_qtr,2024Q4,LAB07_Laboratory Name 7,HllvX50cXC0,HllvX50cXC0,2881,user1,2025-01-09T03:14:20.996+0000,,FALSE,null
hh_8b1_urine_qtr,2024Q2,LAB07_Laboratory Name 7,HllvX50cXC0,HllvX50cXC0,2944,user1,2024-07-08T07:30:03.485+0000,,FALSE,null
hh_8b1_urine_qtr,2024Q3,LAB07_Laboratory Name 7,HllvX50cXC0,HllvX50cXC0,2862,user1,2024-10-10T03:34:46.443+0000,,FALSE,null
hh_8b1_urine_qtr,2025Q1,LAB07_Laboratory Name 7,HllvX50cXC0,HllvX50cXC0,2581,user1,2025-04-09T06:21:24.836+0000,,FALSE,null
hh_8b2_urine_positive_qtr,2023Q3,LAB07_Laboratory Name 7,HllvX50cXC0,HllvX50cXC0,409,user2,2025-10-01T06:08:48.000+0000,,FALSE,null
hh_8b2_urine_positive_qtr,2023Q4,LAB07_Laboratory Name 7,HllvX50cXC0,HllvX50cXC0,395,user2,2025-10-01T06:08:48.000+0000,,FALSE,null
hh_8b2_urine_positive_qtr,2022Q1,LAB07_Laboratory Name 7,HllvX50cXC0,HllvX50cXC0,237,user2,2025-10-01T06:08:48.000+0000,,FALSE,null
hh_8b2_urine_positive_qtr,2021Q3,LAB07_Laboratory Name 7,HllvX50cXC0,HllvX50cXC0,151,user2,2025-10-01T06:08:48.000+0000,,FALSE,null
hh_8b2_urine_positive_qtr,2021Q1,LAB07_Laboratory Name 7,HllvX50cXC0,HllvX50cXC0,228,user2,2025-10-01T06:08:48.000+0000,,FALSE,null
hh_8b2_urine_positive_qtr,2021Q2,LAB07_Laboratory Name 7,HllvX50cXC0,HllvX50cXC0,196,user2,2025-10-01T06:08:48.000+0000,,FALSE,null
hh_8b2_urine_positive_qtr,2022Q2,LAB07_Laboratory Name 7,HllvX50cXC0,HllvX50cXC0,477,user2,2025-10-01T06:08:48.000+0000,,FALSE,null
hh_8b2_urine_positive_qtr,2022Q3,LAB07_Laboratory Name 7,HllvX50cXC0,HllvX50cXC0,343,user2,2025-10-01T06:08:48.000+0000,,FALSE,null
hh_8b2_urine_positive_qtr,2024Q1,LAB07_Laboratory Name 7,HllvX50cXC0,HllvX50cXC0,453,user2,2025-10-01T06:08:48.000+0000,,FALSE,null
hh_8b2_urine_positive_qtr,2025Q2,LAB07_Laboratory Name 7,HllvX50cXC0,HllvX50cXC0,696,user1,2025-07-07T03:03:55.511+0000,,FALSE,null
hh_8b2_urine_positive_qtr,2024Q4,LAB07_Laboratory Name 7,HllvX50cXC0,HllvX50cXC0,733,user1,2025-01-09T03:14:24.638+0000,,FALSE,null
hh_8b2_urine_positive_qtr,2024Q2,LAB07_Laboratory Name 7,HllvX50cXC0,HllvX50cXC0,703,user1,2024-07-08T07:30:07.781+0000,,FALSE,null
hh_8b2_urine_positive_qtr,2024Q3,LAB07_Laboratory Name 7,HllvX50cXC0,HllvX50cXC0,699,user1,2024-10-10T03:34:49.150+0000,,FALSE,null
hh_8b2_urine_positive_qtr,2025Q1,LAB07_Laboratory Name 7,HllvX50cXC0,HllvX50cXC0,604,user1,2025-04-09T06:21:40.625+0000,,FALSE,null
hh_8c1_stool_qtr,2023Q3,LAB07_Laboratory Name 7,HllvX50cXC0,HllvX50cXC0,29,user2,2025-10-01T06:08:48.000+0000,,FALSE,null
hh_8c1_stool_qtr,2023Q4,LAB07_Laboratory Name 7,HllvX50cXC0,HllvX50cXC0,247,user2,2025-10-01T06:08:48.000+0000,,FALSE,null
hh_8c1_stool_qtr,2022Q1,LAB07_Laboratory Name 7,HllvX50cXC0,HllvX50cXC0,17,user2,2025-10-01T06:08:48.000+0000,,FALSE,null
hh_8c1_stool_qtr,2021Q3,LAB07_Laboratory Name 7,HllvX50cXC0,HllvX50cXC0,10,user2,2025-10-01T06:08:48.000+0000,,FALSE,null
hh_8c1_stool_qtr,2021Q1,LAB07_Laboratory Name 7,HllvX50cXC0,HllvX50cXC0,19,user2,2025-10-01T06:08:48.000+0000,,FALSE,null
hh_8c1_stool_qtr,2021Q2,LAB07_Laboratory Name 7,HllvX50cXC0,HllvX50cXC0,2,user2,2025-10-01T06:08:48.000+0000,,FALSE,null
hh_8c1_stool_qtr,2022Q2,LAB07_Laboratory Name 7,HllvX50cXC0,HllvX50cXC0,16,user2,2025-10-01T06:08:48.000+0000,,FALSE,null
hh_8c1_stool_qtr,2022Q3,LAB07_Laboratory Name 7,HllvX50cXC0,HllvX50cXC0,23,user2,2025-10-01T06:08:48.000+0000,,FALSE,null
hh_8c1_stool_qtr,2024Q1,LAB07_Laboratory Name 7,HllvX50cXC0,HllvX50cXC0,40,user2,2025-10-01T06:08:48.000+0000,,FALSE,null
hh_8c1_stool_qtr,2025Q2,LAB07_Laboratory Name 7,HllvX50cXC0,HllvX50cXC0,378,user1,2025-07-07T03:03:57.882+0000,,FALSE,null
hh_8c1_stool_qtr,2024Q4,LAB07_Laboratory Name 7,HllvX50cXC0,HllvX50cXC0,51,user1,2025-01-09T03:14:27.826+0000,,FALSE,null
hh_8c1_stool_qtr,2024Q2,LAB07_Laboratory Name 7,HllvX50cXC0,HllvX50cXC0,316,user1,2024-07-08T07:34:16.353+0000,,FALSE,null
hh_8c1_stool_qtr,2024Q3,LAB07_Laboratory Name 7,HllvX50cXC0,HllvX50cXC0,72,user1,2024-10-10T03:34:53.155+0000,,FALSE,null
hh_8c1_stool_qtr,2025Q1,LAB07_Laboratory Name 7,HllvX50cXC0,HllvX50cXC0,266,user1,2025-04-09T06:21:55.155+0000,,FALSE,null
hh_8c2_stool_positive_qtr,2023Q3,LAB07_Laboratory Name 7,HllvX50cXC0,HllvX50cXC0,1,user2,2025-10-01T06:08:48.000+0000,,FALSE,null
hh_8c2_stool_positive_qtr,2023Q4,LAB07_Laboratory Name 7,HllvX50cXC0,HllvX50cXC0,1,user2,2025-10-01T06:08:48.000+0000,,FALSE,null
hh_8c2_stool_positive_qtr,2022Q1,LAB07_Laboratory Name 7,HllvX50cXC0,HllvX50cXC0,0,user2,2025-10-01T06:08:48.000+0000,,FALSE,null
hh_8c2_stool_positive_qtr,2021Q3,LAB07_Laboratory Name 7,HllvX50cXC0,HllvX50cXC0,0,user2,2025-10-01T06:08:48.000+0000,,FALSE,null
hh_8c2_stool_positive_qtr,2021Q1,LAB07_Laboratory Name 7,HllvX50cXC0,HllvX50cXC0,0,user2,2025-10-01T06:08:48.000+0000,,FALSE,null
hh_8c2_stool_positive_qtr,2021Q2,LAB07_Laboratory Name 7,HllvX50cXC0,HllvX50cXC0,0,user2,2025-10-01T06:08:48.000+0000,,FALSE,null
hh_8c2_stool_positive_qtr,2022Q2,LAB07_Laboratory Name 7,HllvX50cXC0,HllvX50cXC0,2,user2,2025-10-01T06:08:48.000+0000,,FALSE,null
hh_8c2_stool_positive_qtr,2022Q3,LAB07_Laboratory Name 7,HllvX50cXC0,HllvX50cXC0,1,user2,2025-10-01T06:08:48.000+0000,,FALSE,null
hh_8c2_stool_positive_qtr,2024Q1,LAB07_Laboratory Name 7,HllvX50cXC0,HllvX50cXC0,2,user2,2025-10-01T06:08:48.000+0000,,FALSE,null
hh_8c2_stool_positive_qtr,2025Q2,LAB07_Laboratory Name 7,HllvX50cXC0,HllvX50cXC0,0,user1,2025-07-07T03:03:59.015+0000,,FALSE,null
hh_8c2_stool_positive_qtr,2024Q4,LAB07_Laboratory Name 7,HllvX50cXC0,HllvX50cXC0,2,user1,2025-01-09T03:14:39.111+0000,,FALSE,null
hh_8c2_stool_positive_qtr,2024Q2,LAB07_Laboratory Name 7,HllvX50cXC0,HllvX50cXC0,2,user1,2024-07-08T07:34:17.284+0000,,FALSE,null
hh_8c2_stool_positive_qtr,2024Q3,LAB07_Laboratory Name 7,HllvX50cXC0,HllvX50cXC0,7,user1,2024-10-10T03:34:54.450+0000,,FALSE,null
hh_8c2_stool_positive_qtr,2025Q1,LAB07_Laboratory Name 7,HllvX50cXC0,HllvX50cXC0,0,user1,2025-04-09T06:21:56.898+0000,,FALSE,null
hh_8d1_pus_qtr,2023Q3,LAB07_Laboratory Name 7,HllvX50cXC0,HllvX50cXC0,519,user2,2025-10-01T06:08:48.000+0000,,FALSE,null
hh_8d1_pus_qtr,2023Q4,LAB07_Laboratory Name 7,HllvX50cXC0,HllvX50cXC0,634,user2,2025-10-01T06:08:48.000+0000,,FALSE,null
hh_8d1_pus_qtr,2022Q1,LAB07_Laboratory Name 7,HllvX50cXC0,HllvX50cXC0,272,user2,2025-10-01T06:08:48.000+0000,,FALSE,null
hh_8d1_pus_qtr,2021Q3,LAB07_Laboratory Name 7,HllvX50cXC0,HllvX50cXC0,65,user2,2025-10-01T06:08:48.000+0000,,FALSE,null
hh_8d1_pus_qtr,2021Q2,LAB07_Laboratory Name 7,HllvX50cXC0,HllvX50cXC0,3,user2,2025-10-01T06:08:48.000+0000,,FALSE,null
hh_8d1_pus_qtr,2022Q2,LAB07_Laboratory Name 7,HllvX50cXC0,HllvX50cXC0,646,user2,2025-10-01T06:08:48.000+0000,,FALSE,null
hh_8d1_pus_qtr,2022Q3,LAB07_Laboratory Name 7,HllvX50cXC0,HllvX50cXC0,396,user2,2025-10-01T06:08:48.000+0000,,FALSE,null
hh_8d1_pus_qtr,2024Q1,LAB07_Laboratory Name 7,HllvX50cXC0,HllvX50cXC0,633,user2,2025-10-01T06:08:48.000+0000,,FALSE,null
hh_8d1_pus_qtr,2025Q2,LAB07_Laboratory Name 7,HllvX50cXC0,HllvX50cXC0,956,user1,2025-07-07T03:04:03.385+0000,,FALSE,null
hh_8d1_pus_qtr,2024Q4,LAB07_Laboratory Name 7,HllvX50cXC0,HllvX50cXC0,807,user1,2025-01-09T03:14:46.119+0000,,FALSE,null
hh_8d1_pus_qtr,2024Q2,LAB07_Laboratory Name 7,HllvX50cXC0,HllvX50cXC0,713,user1,2024-07-08T07:34:23.325+0000,,FALSE,null
hh_8d1_pus_qtr,2024Q3,LAB07_Laboratory Name 7,HllvX50cXC0,HllvX50cXC0,905,user1,2024-10-10T03:34:58.115+0000,,FALSE,null
hh_8d1_pus_qtr,2025Q1,LAB07_Laboratory Name 7,HllvX50cXC0,HllvX50cXC0,794,user1,2025-04-09T06:22:05.870+0000,,FALSE,null
hh_8d2_pus_positive_qtr,2023Q3,LAB07_Laboratory Name 7,HllvX50cXC0,HllvX50cXC0,333,user2,2025-10-01T06:08:48.000+0000,,FALSE,null
hh_8d2_pus_positive_qtr,2023Q4,LAB07_Laboratory Name 7,HllvX50cXC0,HllvX50cXC0,383,user2,2025-10-01T06:08:48.000+0000,,FALSE,null
hh_8d2_pus_positive_qtr,2022Q1,LAB07_Laboratory Name 7,HllvX50cXC0,HllvX50cXC0,175,user2,2025-10-01T06:08:48.000+0000,,FALSE,null
hh_8d2_pus_positive_qtr,2021Q3,LAB07_Laboratory Name 7,HllvX50cXC0,HllvX50cXC0,48,user2,2025-10-01T06:08:48.000+0000,,FALSE,null
hh_8d2_pus_positive_qtr,2021Q2,LAB07_Laboratory Name 7,HllvX50cXC0,HllvX50cXC0,1,user2,2025-10-01T06:08:48.000+0000,,FALSE,null
hh_8d2_pus_positive_qtr,2022Q2,LAB07_Laboratory Name 7,HllvX50cXC0,HllvX50cXC0,407,user2,2025-10-01T06:08:48.000+0000,,FALSE,null
hh_8d2_pus_positive_qtr,2022Q3,LAB07_Laboratory Name 7,HllvX50cXC0,HllvX50cXC0,241,user2,2025-10-01T06:08:48.000+0000,,FALSE,null
hh_8d2_pus_positive_qtr,2024Q1,LAB07_Laboratory Name 7,HllvX50cXC0,HllvX50cXC0,353,user2,2025-10-01T06:08:48.000+0000,,FALSE,null
hh_8d2_pus_positive_qtr,2025Q2,LAB07_Laboratory Name 7,HllvX50cXC0,HllvX50cXC0,606,user1,2025-07-07T03:04:05.942+0000,,FALSE,null
hh_8d2_pus_positive_qtr,2024Q4,LAB07_Laboratory Name 7,HllvX50cXC0,HllvX50cXC0,523,user1,2025-01-09T03:14:49.924+0000,,FALSE,null
hh_8d2_pus_positive_qtr,2024Q2,LAB07_Laboratory Name 7,HllvX50cXC0,HllvX50cXC0,472,user1,2024-07-08T07:34:30.069+0000,,FALSE,null
hh_8d2_pus_positive_qtr,2024Q3,LAB07_Laboratory Name 7,HllvX50cXC0,HllvX50cXC0,602,user1,2024-10-10T03:35:03.158+0000,,FALSE,null
hh_8d2_pus_positive_qtr,2025Q1,LAB07_Laboratory Name 7,HllvX50cXC0,HllvX50cXC0,494,user1,2025-04-09T06:22:08.124+0000,,FALSE,null
hh_8e1_genitourinary_qtr,2023Q3,LAB07_Laboratory Name 7,HllvX50cXC0,HllvX50cXC0,102,user2,2025-10-01T06:08:48.000+0000,,FALSE,null
hh_8e1_genitourinary_qtr,2023Q4,LAB07_Laboratory Name 7,HllvX50cXC0,HllvX50cXC0,115,user2,2025-10-01T06:08:48.000+0000,,FALSE,null
hh_8e1_genitourinary_qtr,2022Q1,LAB07_Laboratory Name 7,HllvX50cXC0,HllvX50cXC0,53,user2,2025-10-01T06:08:48.000+0000,,FALSE,null
hh_8e1_genitourinary_qtr,2021Q3,LAB07_Laboratory Name 7,HllvX50cXC0,HllvX50cXC0,19,user2,2025-10-01T06:08:48.000+0000,,FALSE,null
hh_8e1_genitourinary_qtr,2021Q2,LAB07_Laboratory Name 7,HllvX50cXC0,HllvX50cXC0,25,user2,2025-10-01T06:08:48.000+0000,,FALSE,null
hh_8e1_genitourinary_qtr,2022Q2,LAB07_Laboratory Name 7,HllvX50cXC0,HllvX50cXC0,81,user2,2025-10-01T06:08:48.000+0000,,FALSE,null
hh_8e1_genitourinary_qtr,2022Q3,LAB07_Laboratory Name 7,HllvX50cXC0,HllvX50cXC0,125,user2,2025-10-01T06:08:48.000+0000,,FALSE,null
hh_8e1_genitourinary_qtr,2024Q1,LAB07_Laboratory Name 7,HllvX50cXC0,HllvX50cXC0,119,user2,2025-10-01T06:08:48.000+0000,,FALSE,null
hh_8e1_genitourinary_qtr,2025Q2,LAB07_Laboratory Name 7,HllvX50cXC0,HllvX50cXC0,508,user1,2025-07-07T03:04:08.498+0000,,FALSE,null
hh_8e1_genitourinary_qtr,2024Q4,LAB07_Laboratory Name 7,HllvX50cXC0,HllvX50cXC0,706,user1,2025-01-09T03:14:54.025+0000,,FALSE,null
hh_8e1_genitourinary_qtr,2024Q2,LAB07_Laboratory Name 7,HllvX50cXC0,HllvX50cXC0,176,user1,2024-07-08T07:34:36.696+0000,,FALSE,null
hh_8e1_genitourinary_qtr,2024Q3,LAB07_Laboratory Name 7,HllvX50cXC0,HllvX50cXC0,501,user1,2024-10-10T03:35:06.075+0000,,FALSE,null
hh_8e1_genitourinary_qtr,2025Q1,LAB07_Laboratory Name 7,HllvX50cXC0,HllvX50cXC0,516,user1,2025-04-09T06:22:16.894+0000,,FALSE,null
hh_8e2_genitourinary_positive_qtr,2023Q3,LAB07_Laboratory Name 7,HllvX50cXC0,HllvX50cXC0,78,user2,2025-10-01T06:08:48.000+0000,,FALSE,null
hh_8e2_genitourinary_positive_qtr,2023Q4,LAB07_Laboratory Name 7,HllvX50cXC0,HllvX50cXC0,78,user2,2025-10-01T06:08:48.000+0000,,FALSE,null
hh_8e2_genitourinary_positive_qtr,2022Q1,LAB07_Laboratory Name 7,HllvX50cXC0,HllvX50cXC0,22,user2,2025-10-01T06:08:48.000+0000,,FALSE,null
hh_8e2_genitourinary_positive_qtr,2021Q3,LAB07_Laboratory Name 7,HllvX50cXC0,HllvX50cXC0,13,user2,2025-10-01T06:08:48.000+0000,,FALSE,null
hh_8e2_genitourinary_positive_qtr,2021Q2,LAB07_Laboratory Name 7,HllvX50cXC0,HllvX50cXC0,19,user2,2025-10-01T06:08:48.000+0000,,FALSE,null
hh_8e2_genitourinary_positive_qtr,2022Q2,LAB07_Laboratory Name 7,HllvX50cXC0,HllvX50cXC0,55,user2,2025-10-01T06:08:48.000+0000,,FALSE,null
hh_8e2_genitourinary_positive_qtr,2022Q3,LAB07_Laboratory Name 7,HllvX50cXC0,HllvX50cXC0,88,user2,2025-10-01T06:08:48.000+0000,,FALSE,null
hh_8e2_genitourinary_positive_qtr,2024Q1,LAB07_Laboratory Name 7,HllvX50cXC0,HllvX50cXC0,69,user2,2025-10-01T06:08:48.000+0000,,FALSE,null
hh_8e2_genitourinary_positive_qtr,2025Q2,LAB07_Laboratory Name 7,HllvX50cXC0,HllvX50cXC0,120,user1,2025-07-07T03:04:11.139+0000,,FALSE,null
hh_8e2_genitourinary_positive_qtr,2024Q4,LAB07_Laboratory Name 7,HllvX50cXC0,HllvX50cXC0,178,user1,2025-01-09T03:14:57.646+0000,,FALSE,null
hh_8e2_genitourinary_positive_qtr,2024Q2,LAB07_Laboratory Name 7,HllvX50cXC0,HllvX50cXC0,78,user1,2024-07-08T07:34:39.393+0000,,FALSE,null
hh_8e2_genitourinary_positive_qtr,2024Q3,LAB07_Laboratory Name 7,HllvX50cXC0,HllvX50cXC0,145,user1,2024-10-10T03:35:08.970+0000,,FALSE,null
hh_8e2_genitourinary_positive_qtr,2025Q1,LAB07_Laboratory Name 7,HllvX50cXC0,HllvX50cXC0,137,user1,2025-04-09T06:22:19.210+0000,,FALSE,null
hh_8f1_blood_qtr,2023Q3,LAB07_Laboratory Name 7,HllvX50cXC0,HllvX50cXC0,1795,user2,2025-10-01T06:08:48.000+0000,,FALSE,null
hh_8f1_blood_qtr,2023Q4,LAB07_Laboratory Name 7,HllvX50cXC0,HllvX50cXC0,2248,user2,2025-10-01T06:08:48.000+0000,,FALSE,null
hh_8f1_blood_qtr,2022Q1,LAB07_Laboratory Name 7,HllvX50cXC0,HllvX50cXC0,1489,user2,2025-10-01T06:08:48.000+0000,,FALSE,null
hh_8f1_blood_qtr,2021Q3,LAB07_Laboratory Name 7,HllvX50cXC0,HllvX50cXC0,322,user2,2025-10-01T06:08:48.000+0000,,FALSE,null
hh_8f1_blood_qtr,2021Q1,LAB07_Laboratory Name 7,HllvX50cXC0,HllvX50cXC0,1292,user2,2025-10-01T06:08:48.000+0000,,FALSE,null
hh_8f1_blood_qtr,2021Q2,LAB07_Laboratory Name 7,HllvX50cXC0,HllvX50cXC0,653,user2,2025-10-01T06:08:48.000+0000,,FALSE,null
hh_8f1_blood_qtr,2022Q2,LAB07_Laboratory Name 7,HllvX50cXC0,HllvX50cXC0,1308,user2,2025-10-01T06:08:48.000+0000,,FALSE,null
hh_8f1_blood_qtr,2022Q3,LAB07_Laboratory Name 7,HllvX50cXC0,HllvX50cXC0,1418,user2,2025-10-01T06:08:48.000+0000,,FALSE,null
hh_8f1_blood_qtr,2024Q1,LAB07_Laboratory Name 7,HllvX50cXC0,HllvX50cXC0,2160,user2,2025-10-01T06:08:48.000+0000,,FALSE,null
hh_8f1_blood_qtr,2025Q2,LAB07_Laboratory Name 7,HllvX50cXC0,HllvX50cXC0,3407,user1,2025-07-07T03:04:13.311+0000,,FALSE,null
hh_8f1_blood_qtr,2024Q4,LAB07_Laboratory Name 7,HllvX50cXC0,HllvX50cXC0,2848,user1,2025-01-09T03:15:02.097+0000,,FALSE,null
hh_8f1_blood_qtr,2024Q2,LAB07_Laboratory Name 7,HllvX50cXC0,HllvX50cXC0,2561,user1,2024-07-08T07:34:48.060+0000,,FALSE,null
hh_8f1_blood_qtr,2024Q3,LAB07_Laboratory Name 7,HllvX50cXC0,HllvX50cXC0,2525,user1,2024-10-10T03:35:13.570+0000,,FALSE,null
hh_8f1_blood_qtr,2025Q1,LAB07_Laboratory Name 7,HllvX50cXC0,HllvX50cXC0,3277,user1,2025-04-09T06:22:27.914+0000,,FALSE,null
hh_8f2_blood_positive_qtr,2023Q3,LAB07_Laboratory Name 7,HllvX50cXC0,HllvX50cXC0,250,user2,2025-10-01T06:08:48.000+0000,,FALSE,null
hh_8f2_blood_positive_qtr,2023Q4,LAB07_Laboratory Name 7,HllvX50cXC0,HllvX50cXC0,259,user2,2025-10-01T06:08:48.000+0000,,FALSE,null
hh_8f2_blood_positive_qtr,2022Q1,LAB07_Laboratory Name 7,HllvX50cXC0,HllvX50cXC0,313,user2,2025-10-01T06:08:48.000+0000,,FALSE,null
hh_8f2_blood_positive_qtr,2021Q3,LAB07_Laboratory Name 7,HllvX50cXC0,HllvX50cXC0,48,user2,2025-10-01T06:08:48.000+0000,,FALSE,null
hh_8f2_blood_positive_qtr,2021Q1,LAB07_Laboratory Name 7,HllvX50cXC0,HllvX50cXC0,126,user2,2025-10-01T06:08:48.000+0000,,FALSE,null
hh_8f2_blood_positive_qtr,2021Q2,LAB07_Laboratory Name 7,HllvX50cXC0,HllvX50cXC0,134,user2,2025-10-01T06:08:48.000+0000,,FALSE,null
hh_8f2_blood_positive_qtr,2022Q2,LAB07_Laboratory Name 7,HllvX50cXC0,HllvX50cXC0,168,user2,2025-10-01T06:08:48.000+0000,,FALSE,null
hh_8f2_blood_positive_qtr,2022Q3,LAB07_Laboratory Name 7,HllvX50cXC0,HllvX50cXC0,148,user2,2025-10-01T06:08:48.000+0000,,FALSE,null
hh_8f2_blood_positive_qtr,2024Q1,LAB07_Laboratory Name 7,HllvX50cXC0,HllvX50cXC0,229,user2,2025-10-01T06:08:48.000+0000,,FALSE,null
hh_8f2_blood_positive_qtr,2025Q2,LAB07_Laboratory Name 7,HllvX50cXC0,HllvX50cXC0,332,user1,2025-07-07T03:04:16.161+0000,,FALSE,null
hh_8f2_blood_positive_qtr,2024Q4,LAB07_Laboratory Name 7,HllvX50cXC0,HllvX50cXC0,205,user1,2025-01-09T03:15:05.265+0000,,FALSE,null
hh_8f2_blood_positive_qtr,2024Q2,LAB07_Laboratory Name 7,HllvX50cXC0,HllvX50cXC0,236,user1,2024-07-08T07:34:54.077+0000,,FALSE,null
hh_8f2_blood_positive_qtr,2024Q3,LAB07_Laboratory Name 7,HllvX50cXC0,HllvX50cXC0,292,user1,2024-10-10T03:35:14.612+0000,,FALSE,null
hh_8f2_blood_positive_qtr,2025Q1,LAB07_Laboratory Name 7,HllvX50cXC0,HllvX50cXC0,209,user1,2025-04-09T06:22:30.064+0000,,FALSE,null
hh_8g1_other_qtr,2025Q2,LAB07_Laboratory Name 7,HllvX50cXC0,HllvX50cXC0,0,user1,2025-07-07T03:04:17.665+0000,,FALSE,null
hh_8g1_other_qtr,2024Q4,LAB07_Laboratory Name 7,HllvX50cXC0,HllvX50cXC0,0,user1,2025-01-09T03:15:08.472+0000,,FALSE,null
hh_8g1_other_qtr,2024Q2,LAB07_Laboratory Name 7,HllvX50cXC0,HllvX50cXC0,0,user1,2024-07-30T15:45:31.847+0000,,FALSE,null
hh_8g1_other_qtr,2024Q3,LAB07_Laboratory Name 7,HllvX50cXC0,HllvX50cXC0,0,user1,2024-10-10T03:35:17.815+0000,,FALSE,null
hh_8g1_other_qtr,2025Q1,LAB07_Laboratory Name 7,HllvX50cXC0,HllvX50cXC0,0,user1,2025-04-09T06:22:31.190+0000,,FALSE,null
hh_8g2_other_positive_qtr,2025Q2,LAB07_Laboratory Name 7,HllvX50cXC0,HllvX50cXC0,0,user1,2025-07-07T03:04:18.145+0000,,FALSE,null
hh_8g2_other_positive_qtr,2024Q4,LAB07_Laboratory Name 7,HllvX50cXC0,HllvX50cXC0,0,user1,2025-01-09T03:15:08.906+0000,,FALSE,null
hh_8g2_other_positive_qtr,2024Q2,LAB07_Laboratory Name 7,HllvX50cXC0,HllvX50cXC0,0,user1,2024-07-30T15:45:36.070+0000,,FALSE,null
hh_8g2_other_positive_qtr,2024Q3,LAB07_Laboratory Name 7,HllvX50cXC0,HllvX50cXC0,0,user1,2024-10-10T03:35:18.594+0000,,FALSE,null
hh_8g2_other_positive_qtr,2025Q1,LAB07_Laboratory Name 7,HllvX50cXC0,HllvX50cXC0,0,user1,2025-04-09T06:22:32.420+0000,,FALSE,null
ah_10a1_env_farm_qtr,2025Q2,LAB07_Laboratory Name 7,HllvX50cXC0,HllvX50cXC0,0,user1,2025-06-30T08:03:46.448+0000,,FALSE,null
ah_10a1_env_farm_qtr,2024Q4,LAB07_Laboratory Name 7,HllvX50cXC0,HllvX50cXC0,0,user1,2025-01-10T03:39:38.001+0000,,FALSE,null
ah_10a1_env_farm_qtr,2025Q1,LAB07_Laboratory Name 7,HllvX50cXC0,HllvX50cXC0,0,user1,2025-04-09T06:22:34.981+0000,,FALSE,null
ah_10a2_env_abattoir_qtr,2025Q2,LAB07_Laboratory Name 7,HllvX50cXC0,HllvX50cXC0,0,user1,2025-06-30T08:03:46.847+0000,,FALSE,null
ah_10a2_env_abattoir_qtr,2024Q4,LAB07_Laboratory Name 7,HllvX50cXC0,HllvX50cXC0,0,user1,2025-01-10T03:39:38.345+0000,,FALSE,null
ah_10a2_env_abattoir_qtr,2025Q1,LAB07_Laboratory Name 7,HllvX50cXC0,HllvX50cXC0,0,user1,2025-04-09T06:22:35.798+0000,,FALSE,null
ah_10a3_env_drinking_qtr,2025Q2,LAB07_Laboratory Name 7,HllvX50cXC0,HllvX50cXC0,0,user1,2025-06-30T08:03:47.260+0000,,FALSE,null
ah_10a3_env_drinking_qtr,2024Q4,LAB07_Laboratory Name 7,HllvX50cXC0,HllvX50cXC0,0,user1,2025-01-10T03:39:38.684+0000,,FALSE,null
ah_10a3_env_drinking_qtr,2025Q1,LAB07_Laboratory Name 7,HllvX50cXC0,HllvX50cXC0,0,user1,2025-04-09T06:22:36.516+0000,,FALSE,null
ah_10a4_env_sewage_qtr,2025Q2,LAB07_Laboratory Name 7,HllvX50cXC0,HllvX50cXC0,0,user1,2025-06-30T08:03:47.692+0000,,FALSE,null
ah_10a4_env_sewage_qtr,2024Q4,LAB07_Laboratory Name 7,HllvX50cXC0,HllvX50cXC0,0,user1,2025-01-10T03:39:39.205+0000,,FALSE,null
ah_10a4_env_sewage_qtr,2025Q1,LAB07_Laboratory Name 7,HllvX50cXC0,HllvX50cXC0,0,user1,2025-04-09T06:22:37.334+0000,,FALSE,null
ah_10a5_env_surfacewtr_qtr,2025Q2,LAB07_Laboratory Name 7,HllvX50cXC0,HllvX50cXC0,0,user1,2025-06-30T08:03:48.117+0000,,FALSE,null
ah_10a5_env_surfacewtr_qtr,2024Q4,LAB07_Laboratory Name 7,HllvX50cXC0,HllvX50cXC0,0,user1,2025-01-10T03:39:39.585+0000,,FALSE,null
ah_10a5_env_surfacewtr_qtr,2025Q1,LAB07_Laboratory Name 7,HllvX50cXC0,HllvX50cXC0,0,user1,2025-04-09T06:22:38.154+0000,,FALSE,null
ah_10a6_env_tap_qtr,2025Q2,LAB07_Laboratory Name 7,HllvX50cXC0,HllvX50cXC0,0,user1,2025-06-30T08:03:49.064+0000,,FALSE,null
ah_10a6_env_tap_qtr,2024Q4,LAB07_Laboratory Name 7,HllvX50cXC0,HllvX50cXC0,0,user1,2025-01-10T03:39:40.859+0000,,FALSE,null
ah_10a6_env_tap_qtr,2025Q1,LAB07_Laboratory Name 7,HllvX50cXC0,HllvX50cXC0,0,user1,2025-04-09T06:22:38.897+0000,,FALSE,null
ah_10a7_env_bottledwtr_qtr,2025Q2,LAB07_Laboratory Name 7,HllvX50cXC0,HllvX50cXC0,0,user1,2025-06-30T08:03:49.504+0000,,FALSE,null
ah_10a7_env_bottledwtr_qtr,2024Q4,LAB07_Laboratory Name 7,HllvX50cXC0,HllvX50cXC0,0,user1,2025-01-10T03:39:41.066+0000,,FALSE,null
ah_10a7_env_bottledwtr_qtr,2025Q1,LAB07_Laboratory Name 7,HllvX50cXC0,HllvX50cXC0,0,user1,2025-04-09T06:22:39.689+0000,,FALSE,null
ah_10a8_env_aquaculture_qtr,2025Q2,LAB07_Laboratory Name 7,HllvX50cXC0,HllvX50cXC0,0,user1,2025-06-30T08:03:49.967+0000,,FALSE,null
ah_10a8_env_aquaculture_qtr,2024Q4,LAB07_Laboratory Name 7,HllvX50cXC0,HllvX50cXC0,0,user1,2025-01-10T03:39:41.389+0000,,FALSE,null
ah_10a8_env_aquaculture_qtr,2025Q1,LAB07_Laboratory Name 7,HllvX50cXC0,HllvX50cXC0,0,user1,2025-04-09T06:22:40.828+0000,,FALSE,null
ah_10a9_env_other_qtr,2025Q2,LAB07_Laboratory Name 7,HllvX50cXC0,HllvX50cXC0,0,user1,2025-06-30T08:03:50.528+0000,,FALSE,null
ah_10a9_env_other_qtr,2024Q4,LAB07_Laboratory Name 7,HllvX50cXC0,HllvX50cXC0,0,user1,2025-01-10T03:39:42.937+0000,,FALSE,null
ah_10a9_env_other_qtr,2025Q1,LAB07_Laboratory Name 7,HllvX50cXC0,HllvX50cXC0,0,user1,2025-04-09T06:22:41.053+0000,,FALSE,null
ah_11a1_food_chicken_qtr,2025Q2,LAB07_Laboratory Name 7,HllvX50cXC0,HllvX50cXC0,0,user1,2025-06-30T08:03:50.995+0000,,FALSE,null
ah_11a1_food_chicken_qtr,2024Q4,LAB07_Laboratory Name 7,HllvX50cXC0,HllvX50cXC0,0,user1,2025-01-10T03:39:43.119+0000,,FALSE,null
ah_11a1_food_chicken_qtr,2025Q1,LAB07_Laboratory Name 7,HllvX50cXC0,HllvX50cXC0,0,user1,2025-04-09T06:22:42.147+0000,,FALSE,null
ah_11a2_food_egg_qtr,2025Q2,LAB07_Laboratory Name 7,HllvX50cXC0,HllvX50cXC0,0,user1,2025-06-30T08:03:51.398+0000,,FALSE,null
ah_11a2_food_egg_qtr,2024Q4,LAB07_Laboratory Name 7,HllvX50cXC0,HllvX50cXC0,0,user1,2025-01-10T03:39:43.457+0000,,FALSE,null
ah_11a2_food_egg_qtr,2025Q1,LAB07_Laboratory Name 7,HllvX50cXC0,HllvX50cXC0,0,user1,2025-04-09T06:22:42.873+0000,,FALSE,null
ah_11a3_food_pork_qtr,2025Q2,LAB07_Laboratory Name 7,HllvX50cXC0,HllvX50cXC0,0,user1,2025-06-30T08:03:52.215+0000,,FALSE,null
ah_11a3_food_pork_qtr,2024Q4,LAB07_Laboratory Name 7,HllvX50cXC0,HllvX50cXC0,0,user1,2025-01-10T03:39:43.808+0000,,FALSE,null
ah_11a3_food_pork_qtr,2025Q1,LAB07_Laboratory Name 7,HllvX50cXC0,HllvX50cXC0,0,user1,2025-04-09T06:22:43.684+0000,,FALSE,null
ah_11a4_food_beef_qtr,2025Q2,LAB07_Laboratory Name 7,HllvX50cXC0,HllvX50cXC0,0,user1,2025-06-30T08:03:52.649+0000,,FALSE,null
ah_11a4_food_beef_qtr,2024Q4,LAB07_Laboratory Name 7,HllvX50cXC0,HllvX50cXC0,0,user1,2025-01-10T03:39:44.184+0000,,FALSE,null
ah_11a4_food_beef_qtr,2025Q1,LAB07_Laboratory Name 7,HllvX50cXC0,HllvX50cXC0,0,user1,2025-04-09T06:22:44.605+0000,,FALSE,null
ah_11a5_food_SmallRuminantMeat_qtr,2025Q2,LAB07_Laboratory Name 7,HllvX50cXC0,HllvX50cXC0,0,user1,2025-06-30T08:03:53.103+0000,,FALSE,null
ah_11a5_food_SmallRuminantMeat_qtr,2024Q4,LAB07_Laboratory Name 7,HllvX50cXC0,HllvX50cXC0,0,user1,2025-01-10T03:39:44.668+0000,,FALSE,null
ah_11a5_food_SmallRuminantMeat_qtr,2025Q1,LAB07_Laboratory Name 7,HllvX50cXC0,HllvX50cXC0,0,user1,2025-04-09T06:22:45.528+0000,,FALSE,null
ah_11a6_food_milk_qtr,2025Q2,LAB07_Laboratory Name 7,HllvX50cXC0,HllvX50cXC0,0,user1,2025-06-30T08:03:55.321+0000,,FALSE,null
ah_11a6_food_milk_qtr,2024Q4,LAB07_Laboratory Name 7,HllvX50cXC0,HllvX50cXC0,0,user1,2025-01-10T03:39:45.447+0000,,FALSE,null
ah_11a6_food_milk_qtr,2025Q1,LAB07_Laboratory Name 7,HllvX50cXC0,HllvX50cXC0,0,user1,2025-04-09T06:22:46.389+0000,,FALSE,null
ah_11a7_food_aquatic_qtr,2025Q2,LAB07_Laboratory Name 7,HllvX50cXC0,HllvX50cXC0,0,user1,2025-06-30T08:03:53.968+0000,,FALSE,null
ah_11a7_food_aquatic_qtr,2024Q4,LAB07_Laboratory Name 7,HllvX50cXC0,HllvX50cXC0,0,user1,2025-01-10T03:39:46.498+0000,,FALSE,null
ah_11a7_food_aquatic_qtr,2025Q1,LAB07_Laboratory Name 7,HllvX50cXC0,HllvX50cXC0,0,user1,2025-04-09T06:22:47.170+0000,,FALSE,null
ah_11a8_food_plants_qtr,2025Q2,LAB07_Laboratory Name 7,HllvX50cXC0,HllvX50cXC0,0,user1,2025-06-30T08:03:56.208+0000,,FALSE,null
ah_11a8_food_plants_qtr,2024Q4,LAB07_Laboratory Name 7,HllvX50cXC0,HllvX50cXC0,0,user1,2025-01-10T03:39:46.834+0000,,FALSE,null
ah_11a8_food_plants_qtr,2025Q1,LAB07_Laboratory Name 7,HllvX50cXC0,HllvX50cXC0,0,user1,2025-04-09T06:22:47.971+0000,,FALSE,null
ah_11a9_food_other_qtr,2025Q2,LAB07_Laboratory Name 7,HllvX50cXC0,HllvX50cXC0,0,user1,2025-06-30T08:03:55.780+0000,,FALSE,null
ah_11a9_food_other_qtr,2024Q4,LAB07_Laboratory Name 7,HllvX50cXC0,HllvX50cXC0,0,user1,2025-01-10T03:39:47.411+0000,,FALSE,null
ah_11a9_food_other_qtr,2025Q1,LAB07_Laboratory Name 7,HllvX50cXC0,HllvX50cXC0,0,user1,2025-04-09T06:22:48.751+0000,,FALSE,null
env_samples_qtr,2025Q2,LAB07_Laboratory Name 7,HllvX50cXC0,HllvX50cXC0,FALSE,user1,2025-07-07T03:03:41.811+0000,,FALSE,null
env_samples_qtr,2024Q4,LAB07_Laboratory Name 7,HllvX50cXC0,HllvX50cXC0,FALSE,user1,2025-01-09T03:13:51.741+0000,,FALSE,null
env_samples_qtr,2024Q3,LAB07_Laboratory Name 7,HllvX50cXC0,HllvX50cXC0,FALSE,user1,2024-10-10T03:34:17.166+0000,,FALSE,null
env_samples_qtr,2025Q1,LAB07_Laboratory Name 7,HllvX50cXC0,HllvX50cXC0,FALSE,user1,2025-04-09T06:19:49.397+0000,,FALSE,null
food_samples_qtr,2025Q2,LAB07_Laboratory Name 7,HllvX50cXC0,HllvX50cXC0,FALSE,user1,2025-07-07T03:03:42.336+0000,,FALSE,null
food_samples_qtr,2024Q4,LAB07_Laboratory Name 7,HllvX50cXC0,HllvX50cXC0,FALSE,user1,2025-01-09T03:13:52.637+0000,,FALSE,null
food_samples_qtr,2024Q3,LAB07_Laboratory Name 7,HllvX50cXC0,HllvX50cXC0,FALSE,user1,2024-10-10T03:34:17.908+0000,,FALSE,null
food_samples_qtr,2025Q1,LAB07_Laboratory Name 7,HllvX50cXC0,HllvX50cXC0,FALSE,user1,2025-04-09T06:19:50.661+0000,,FALSE,null
hh_samples_qtr,2025Q2,LAB07_Laboratory Name 7,HllvX50cXC0,HllvX50cXC0,TRUE,user1,2025-07-07T03:03:41.338+0000,,FALSE,null
hh_samples_qtr,2024Q4,LAB07_Laboratory Name 7,HllvX50cXC0,HllvX50cXC0,TRUE,user1,2025-01-09T03:13:51.256+0000,,FALSE,null
hh_samples_qtr,2024Q3,LAB07_Laboratory Name 7,HllvX50cXC0,HllvX50cXC0,TRUE,user1,2024-10-10T03:34:16.374+0000,,FALSE,null
hh_samples_qtr,2025Q1,LAB07_Laboratory Name 7,HllvX50cXC0,HllvX50cXC0,TRUE,user1,2025-04-09T06:19:48.581+0000,,FALSE,null
hh_8a1_cerebrospinalfluid_qtr,2023Q2,LAB08_Laboratory Name 8,HllvX50cXC0,HllvX50cXC0,53,user2,2025-10-01T06:08:48.000+0000,,FALSE,null
hh_8a1_cerebrospinalfluid_qtr,2023Q3,LAB08_Laboratory Name 8,HllvX50cXC0,HllvX50cXC0,63,user2,2025-10-01T06:08:48.000+0000,,FALSE,null
hh_8a1_cerebrospinalfluid_qtr,2023Q4,LAB08_Laboratory Name 8,HllvX50cXC0,HllvX50cXC0,66,user2,2025-10-01T06:08:48.000+0000,,FALSE,null
hh_8a1_cerebrospinalfluid_qtr,2023Q1,LAB08_Laboratory Name 8,HllvX50cXC0,HllvX50cXC0,50,user2,2025-10-01T06:08:48.000+0000,,FALSE,null
hh_8a1_cerebrospinalfluid_qtr,2022Q1,LAB08_Laboratory Name 8,HllvX50cXC0,HllvX50cXC0,16,user2,2025-10-01T06:08:48.000+0000,,FALSE,null
hh_8a1_cerebrospinalfluid_qtr,2021Q3,LAB08_Laboratory Name 8,HllvX50cXC0,HllvX50cXC0,19,user2,2025-10-01T06:08:48.000+0000,,FALSE,null
hh_8a1_cerebrospinalfluid_qtr,2021Q1,LAB08_Laboratory Name 8,HllvX50cXC0,HllvX50cXC0,31,user2,2025-10-01T06:08:48.000+0000,,FALSE,null
hh_8a1_cerebrospinalfluid_qtr,2021Q2,LAB08_Laboratory Name 8,HllvX50cXC0,HllvX50cXC0,45,user2,2025-10-01T06:08:48.000+0000,,FALSE,null
hh_8a1_cerebrospinalfluid_qtr,2022Q4,LAB08_Laboratory Name 8,HllvX50cXC0,HllvX50cXC0,50,user2,2025-10-01T06:08:48.000+0000,,FALSE,null
hh_8a1_cerebrospinalfluid_qtr,2022Q2,LAB08_Laboratory Name 8,HllvX50cXC0,HllvX50cXC0,23,user2,2025-10-01T06:08:48.000+0000,,FALSE,null
hh_8a1_cerebrospinalfluid_qtr,2021Q4,LAB08_Laboratory Name 8,HllvX50cXC0,HllvX50cXC0,19,user2,2025-10-01T06:08:48.000+0000,,FALSE,null
hh_8a1_cerebrospinalfluid_qtr,2022Q3,LAB08_Laboratory Name 8,HllvX50cXC0,HllvX50cXC0,51,user2,2025-10-01T06:08:48.000+0000,,FALSE,null
hh_8a1_cerebrospinalfluid_qtr,2024Q1,LAB08_Laboratory Name 8,HllvX50cXC0,HllvX50cXC0,54,user2,2025-10-01T06:08:48.000+0000,,FALSE,null
hh_8a1_cerebrospinalfluid_qtr,2025Q2,LAB08_Laboratory Name 8,HllvX50cXC0,HllvX50cXC0,111,user1,2025-07-07T03:04:40.830+0000,,FALSE,null
hh_8a1_cerebrospinalfluid_qtr,2024Q4,LAB08_Laboratory Name 8,HllvX50cXC0,HllvX50cXC0,161,user1,2025-01-09T03:16:54.396+0000,,FALSE,null
hh_8a1_cerebrospinalfluid_qtr,2024Q2,LAB08_Laboratory Name 8,HllvX50cXC0,HllvX50cXC0,105,user1,2024-07-30T15:59:54.980+0000,,FALSE,null
hh_8a1_cerebrospinalfluid_qtr,2024Q3,LAB08_Laboratory Name 8,HllvX50cXC0,HllvX50cXC0,105,user1,2024-10-10T03:36:57.005+0000,,FALSE,null
hh_8a1_cerebrospinalfluid_qtr,2025Q1,LAB08_Laboratory Name 8,HllvX50cXC0,HllvX50cXC0,95,user1,2025-04-09T06:24:09.428+0000,,FALSE,null
hh_8a2_cerebrospinalfluid_positive_qtr,2023Q2,LAB08_Laboratory Name 8,HllvX50cXC0,HllvX50cXC0,0,user2,2025-10-01T06:08:48.000+0000,,FALSE,null
hh_8a2_cerebrospinalfluid_positive_qtr,2023Q3,LAB08_Laboratory Name 8,HllvX50cXC0,HllvX50cXC0,2,user2,2025-10-01T06:08:48.000+0000,,FALSE,null
hh_8a2_cerebrospinalfluid_positive_qtr,2023Q4,LAB08_Laboratory Name 8,HllvX50cXC0,HllvX50cXC0,0,user2,2025-10-01T06:08:48.000+0000,,FALSE,null
hh_8a2_cerebrospinalfluid_positive_qtr,2023Q1,LAB08_Laboratory Name 8,HllvX50cXC0,HllvX50cXC0,0,user2,2025-10-01T06:08:48.000+0000,,FALSE,null
hh_8a2_cerebrospinalfluid_positive_qtr,2022Q1,LAB08_Laboratory Name 8,HllvX50cXC0,HllvX50cXC0,2,user2,2025-10-01T06:08:48.000+0000,,FALSE,null
hh_8a2_cerebrospinalfluid_positive_qtr,2021Q3,LAB08_Laboratory Name 8,HllvX50cXC0,HllvX50cXC0,0,user2,2025-10-01T06:08:48.000+0000,,FALSE,null
hh_8a2_cerebrospinalfluid_positive_qtr,2021Q1,LAB08_Laboratory Name 8,HllvX50cXC0,HllvX50cXC0,0,user2,2025-10-01T06:08:48.000+0000,,FALSE,null
hh_8a2_cerebrospinalfluid_positive_qtr,2021Q2,LAB08_Laboratory Name 8,HllvX50cXC0,HllvX50cXC0,0,user2,2025-10-01T06:08:48.000+0000,,FALSE,null
hh_8a2_cerebrospinalfluid_positive_qtr,2022Q4,LAB08_Laboratory Name 8,HllvX50cXC0,HllvX50cXC0,0,user2,2025-10-01T06:08:48.000+0000,,FALSE,null
hh_8a2_cerebrospinalfluid_positive_qtr,2022Q2,LAB08_Laboratory Name 8,HllvX50cXC0,HllvX50cXC0,0,user2,2025-10-01T06:08:48.000+0000,,FALSE,null
hh_8a2_cerebrospinalfluid_positive_qtr,2021Q4,LAB08_Laboratory Name 8,HllvX50cXC0,HllvX50cXC0,0,user2,2025-10-01T06:08:48.000+0000,,FALSE,null
hh_8a2_cerebrospinalfluid_positive_qtr,2022Q3,LAB08_Laboratory Name 8,HllvX50cXC0,HllvX50cXC0,1,user2,2025-10-01T06:08:48.000+0000,,FALSE,null
hh_8a2_cerebrospinalfluid_positive_qtr,2024Q1,LAB08_Laboratory Name 8,HllvX50cXC0,HllvX50cXC0,4,user2,2025-10-01T06:08:48.000+0000,,FALSE,null
hh_8a2_cerebrospinalfluid_positive_qtr,2025Q2,LAB08_Laboratory Name 8,HllvX50cXC0,HllvX50cXC0,0,user1,2025-07-07T03:04:41.889+0000,,FALSE,null
hh_8a2_cerebrospinalfluid_positive_qtr,2024Q4,LAB08_Laboratory Name 8,HllvX50cXC0,HllvX50cXC0,0,user1,2025-01-09T03:16:57.807+0000,,FALSE,null
hh_8a2_cerebrospinalfluid_positive_qtr,2024Q2,LAB08_Laboratory Name 8,HllvX50cXC0,HllvX50cXC0,1,user1,2024-07-30T15:59:57.292+0000,,FALSE,null
hh_8a2_cerebrospinalfluid_positive_qtr,2024Q3,LAB08_Laboratory Name 8,HllvX50cXC0,HllvX50cXC0,1,user1,2024-10-10T03:36:58.485+0000,,FALSE,null
hh_8a2_cerebrospinalfluid_positive_qtr,2025Q1,LAB08_Laboratory Name 8,HllvX50cXC0,HllvX50cXC0,1,user1,2025-04-09T06:24:10.623+0000,,FALSE,null
hh_8b1_urine_qtr,2023Q2,LAB08_Laboratory Name 8,HllvX50cXC0,HllvX50cXC0,959,user2,2025-10-01T06:08:48.000+0000,,FALSE,null
hh_8b1_urine_qtr,2023Q3,LAB08_Laboratory Name 8,HllvX50cXC0,HllvX50cXC0,1096,user2,2025-10-01T06:08:48.000+0000,,FALSE,null
hh_8b1_urine_qtr,2023Q4,LAB08_Laboratory Name 8,HllvX50cXC0,HllvX50cXC0,911,user2,2025-10-01T06:08:48.000+0000,,FALSE,null
hh_8b1_urine_qtr,2023Q1,LAB08_Laboratory Name 8,HllvX50cXC0,HllvX50cXC0,739,user2,2025-10-01T06:08:48.000+0000,,FALSE,null
hh_8b1_urine_qtr,2022Q1,LAB08_Laboratory Name 8,HllvX50cXC0,HllvX50cXC0,369,user2,2025-10-01T06:08:48.000+0000,,FALSE,null
hh_8b1_urine_qtr,2021Q3,LAB08_Laboratory Name 8,HllvX50cXC0,HllvX50cXC0,636,user2,2025-10-01T06:08:48.000+0000,,FALSE,null
hh_8b1_urine_qtr,2021Q1,LAB08_Laboratory Name 8,HllvX50cXC0,HllvX50cXC0,492,user2,2025-10-01T06:08:48.000+0000,,FALSE,null
hh_8b1_urine_qtr,2021Q2,LAB08_Laboratory Name 8,HllvX50cXC0,HllvX50cXC0,649,user2,2025-10-01T06:08:48.000+0000,,FALSE,null
hh_8b1_urine_qtr,2022Q4,LAB08_Laboratory Name 8,HllvX50cXC0,HllvX50cXC0,696,user2,2025-10-01T06:08:48.000+0000,,FALSE,null
hh_8b1_urine_qtr,2022Q2,LAB08_Laboratory Name 8,HllvX50cXC0,HllvX50cXC0,782,user2,2025-10-01T06:08:48.000+0000,,FALSE,null
hh_8b1_urine_qtr,2021Q4,LAB08_Laboratory Name 8,HllvX50cXC0,HllvX50cXC0,501,user2,2025-10-01T06:08:48.000+0000,,FALSE,null
hh_8b1_urine_qtr,2022Q3,LAB08_Laboratory Name 8,HllvX50cXC0,HllvX50cXC0,804,user2,2025-10-01T06:08:48.000+0000,,FALSE,null
hh_8b1_urine_qtr,2024Q1,LAB08_Laboratory Name 8,HllvX50cXC0,HllvX50cXC0,915,user2,2025-10-01T06:08:48.000+0000,,FALSE,null
hh_8b1_urine_qtr,2025Q2,LAB08_Laboratory Name 8,HllvX50cXC0,HllvX50cXC0,1467,user1,2025-07-07T03:04:46.753+0000,,FALSE,null
hh_8b1_urine_qtr,2024Q4,LAB08_Laboratory Name 8,HllvX50cXC0,HllvX50cXC0,1318,user1,2025-01-09T03:17:03.511+0000,,FALSE,null
hh_8b1_urine_qtr,2024Q2,LAB08_Laboratory Name 8,HllvX50cXC0,HllvX50cXC0,1402,user1,2024-07-30T16:00:17.786+0000,,FALSE,null
hh_8b1_urine_qtr,2024Q3,LAB08_Laboratory Name 8,HllvX50cXC0,HllvX50cXC0,1413,user1,2024-10-10T03:37:02.011+0000,,FALSE,null
hh_8b1_urine_qtr,2025Q1,LAB08_Laboratory Name 8,HllvX50cXC0,HllvX50cXC0,1240,user1,2025-04-09T06:24:31.512+0000,,FALSE,null
hh_8b2_urine_positive_qtr,2023Q2,LAB08_Laboratory Name 8,HllvX50cXC0,HllvX50cXC0,168,user2,2025-10-01T06:08:48.000+0000,,FALSE,null
hh_8b2_urine_positive_qtr,2023Q3,LAB08_Laboratory Name 8,HllvX50cXC0,HllvX50cXC0,197,user2,2025-10-01T06:08:48.000+0000,,FALSE,null
hh_8b2_urine_positive_qtr,2023Q4,LAB08_Laboratory Name 8,HllvX50cXC0,HllvX50cXC0,162,user2,2025-10-01T06:08:48.000+0000,,FALSE,null
hh_8b2_urine_positive_qtr,2023Q1,LAB08_Laboratory Name 8,HllvX50cXC0,HllvX50cXC0,124,user2,2025-10-01T06:08:48.000+0000,,FALSE,null
hh_8b2_urine_positive_qtr,2022Q1,LAB08_Laboratory Name 8,HllvX50cXC0,HllvX50cXC0,92,user2,2025-10-01T06:08:48.000+0000,,FALSE,null
hh_8b2_urine_positive_qtr,2021Q3,LAB08_Laboratory Name 8,HllvX50cXC0,HllvX50cXC0,108,user2,2025-10-01T06:08:48.000+0000,,FALSE,null
hh_8b2_urine_positive_qtr,2021Q1,LAB08_Laboratory Name 8,HllvX50cXC0,HllvX50cXC0,61,user2,2025-10-01T06:08:48.000+0000,,FALSE,null
hh_8b2_urine_positive_qtr,2021Q2,LAB08_Laboratory Name 8,HllvX50cXC0,HllvX50cXC0,91,user2,2025-10-01T06:08:48.000+0000,,FALSE,null
hh_8b2_urine_positive_qtr,2022Q4,LAB08_Laboratory Name 8,HllvX50cXC0,HllvX50cXC0,121,user2,2025-10-01T06:08:48.000+0000,,FALSE,null
hh_8b2_urine_positive_qtr,2022Q2,LAB08_Laboratory Name 8,HllvX50cXC0,HllvX50cXC0,228,user2,2025-10-01T06:08:48.000+0000,,FALSE,null
hh_8b2_urine_positive_qtr,2021Q4,LAB08_Laboratory Name 8,HllvX50cXC0,HllvX50cXC0,91,user2,2025-10-01T06:08:48.000+0000,,FALSE,null
hh_8b2_urine_positive_qtr,2022Q3,LAB08_Laboratory Name 8,HllvX50cXC0,HllvX50cXC0,149,user2,2025-10-01T06:08:48.000+0000,,FALSE,null
hh_8b2_urine_positive_qtr,2024Q1,LAB08_Laboratory Name 8,HllvX50cXC0,HllvX50cXC0,202,user2,2025-10-01T06:08:48.000+0000,,FALSE,null
hh_8b2_urine_positive_qtr,2025Q2,LAB08_Laboratory Name 8,HllvX50cXC0,HllvX50cXC0,327,user1,2025-07-07T03:04:50.768+0000,,FALSE,null
hh_8b2_urine_positive_qtr,2024Q4,LAB08_Laboratory Name 8,HllvX50cXC0,HllvX50cXC0,253,user1,2025-01-09T03:17:08.315+0000,,FALSE,null
hh_8b2_urine_positive_qtr,2024Q2,LAB08_Laboratory Name 8,HllvX50cXC0,HllvX50cXC0,303,user1,2024-07-30T16:00:24.096+0000,,FALSE,null
hh_8b2_urine_positive_qtr,2024Q3,LAB08_Laboratory Name 8,HllvX50cXC0,HllvX50cXC0,266,user1,2024-10-10T03:37:04.269+0000,,FALSE,null
hh_8b2_urine_positive_qtr,2025Q1,LAB08_Laboratory Name 8,HllvX50cXC0,HllvX50cXC0,272,user1,2025-04-09T06:24:33.735+0000,,FALSE,null
hh_8c1_stool_qtr,2023Q2,LAB08_Laboratory Name 8,HllvX50cXC0,HllvX50cXC0,68,user2,2025-10-01T06:08:48.000+0000,,FALSE,null
hh_8c1_stool_qtr,2023Q3,LAB08_Laboratory Name 8,HllvX50cXC0,HllvX50cXC0,64,user2,2025-10-01T06:08:48.000+0000,,FALSE,null
hh_8c1_stool_qtr,2023Q4,LAB08_Laboratory Name 8,HllvX50cXC0,HllvX50cXC0,54,user2,2025-10-01T06:08:48.000+0000,,FALSE,null
hh_8c1_stool_qtr,2023Q1,LAB08_Laboratory Name 8,HllvX50cXC0,HllvX50cXC0,50,user2,2025-10-01T06:08:48.000+0000,,FALSE,null
hh_8c1_stool_qtr,2022Q1,LAB08_Laboratory Name 8,HllvX50cXC0,HllvX50cXC0,11,user2,2025-10-01T06:08:48.000+0000,,FALSE,null
hh_8c1_stool_qtr,2021Q3,LAB08_Laboratory Name 8,HllvX50cXC0,HllvX50cXC0,20,user2,2025-10-01T06:08:48.000+0000,,FALSE,null
hh_8c1_stool_qtr,2021Q1,LAB08_Laboratory Name 8,HllvX50cXC0,HllvX50cXC0,17,user2,2025-10-01T06:08:48.000+0000,,FALSE,null
hh_8c1_stool_qtr,2021Q2,LAB08_Laboratory Name 8,HllvX50cXC0,HllvX50cXC0,18,user2,2025-10-01T06:08:48.000+0000,,FALSE,null
hh_8c1_stool_qtr,2022Q4,LAB08_Laboratory Name 8,HllvX50cXC0,HllvX50cXC0,25,user2,2025-10-01T06:08:48.000+0000,,FALSE,null
hh_8c1_stool_qtr,2022Q2,LAB08_Laboratory Name 8,HllvX50cXC0,HllvX50cXC0,27,user2,2025-10-01T06:08:48.000+0000,,FALSE,null
hh_8c1_stool_qtr,2021Q4,LAB08_Laboratory Name 8,HllvX50cXC0,HllvX50cXC0,9,user2,2025-10-01T06:08:48.000+0000,,FALSE,null
hh_8c1_stool_qtr,2022Q3,LAB08_Laboratory Name 8,HllvX50cXC0,HllvX50cXC0,43,user2,2025-10-01T06:08:48.000+0000,,FALSE,null
hh_8c1_stool_qtr,2024Q1,LAB08_Laboratory Name 8,HllvX50cXC0,HllvX50cXC0,58,user2,2025-10-01T06:08:48.000+0000,,FALSE,null
hh_8c1_stool_qtr,2025Q2,LAB08_Laboratory Name 8,HllvX50cXC0,HllvX50cXC0,117,user1,2025-07-07T03:04:52.948+0000,,FALSE,null
hh_8c1_stool_qtr,2024Q4,LAB08_Laboratory Name 8,HllvX50cXC0,HllvX50cXC0,96,user1,2025-01-09T03:17:10.124+0000,,FALSE,null
hh_8c1_stool_qtr,2024Q2,LAB08_Laboratory Name 8,HllvX50cXC0,HllvX50cXC0,96,user1,2024-07-30T16:00:43.715+0000,,FALSE,null
hh_8c1_stool_qtr,2024Q3,LAB08_Laboratory Name 8,HllvX50cXC0,HllvX50cXC0,109,user1,2024-10-10T03:37:08.466+0000,,FALSE,null
hh_8c1_stool_qtr,2025Q1,LAB08_Laboratory Name 8,HllvX50cXC0,HllvX50cXC0,118,user1,2025-04-09T06:24:40.729+0000,,FALSE,null
hh_8c2_stool_positive_qtr,2023Q2,LAB08_Laboratory Name 8,HllvX50cXC0,HllvX50cXC0,2,user2,2025-10-01T06:08:48.000+0000,,FALSE,null
hh_8c2_stool_positive_qtr,2023Q3,LAB08_Laboratory Name 8,HllvX50cXC0,HllvX50cXC0,0,user2,2025-10-01T06:08:48.000+0000,,FALSE,null
hh_8c2_stool_positive_qtr,2023Q4,LAB08_Laboratory Name 8,HllvX50cXC0,HllvX50cXC0,0,user2,2025-10-01T06:08:48.000+0000,,FALSE,null
hh_8c2_stool_positive_qtr,2023Q1,LAB08_Laboratory Name 8,HllvX50cXC0,HllvX50cXC0,0,user2,2025-10-01T06:08:48.000+0000,,FALSE,null
hh_8c2_stool_positive_qtr,2022Q1,LAB08_Laboratory Name 8,HllvX50cXC0,HllvX50cXC0,1,user2,2025-10-01T06:08:48.000+0000,,FALSE,null
hh_8c2_stool_positive_qtr,2021Q3,LAB08_Laboratory Name 8,HllvX50cXC0,HllvX50cXC0,0,user2,2025-10-01T06:08:48.000+0000,,FALSE,null
hh_8c2_stool_positive_qtr,2021Q1,LAB08_Laboratory Name 8,HllvX50cXC0,HllvX50cXC0,0,user2,2025-10-01T06:08:48.000+0000,,FALSE,null
hh_8c2_stool_positive_qtr,2021Q2,LAB08_Laboratory Name 8,HllvX50cXC0,HllvX50cXC0,0,user2,2025-10-01T06:08:48.000+0000,,FALSE,null
hh_8c2_stool_positive_qtr,2022Q4,LAB08_Laboratory Name 8,HllvX50cXC0,HllvX50cXC0,0,user2,2025-10-01T06:08:48.000+0000,,FALSE,null
hh_8c2_stool_positive_qtr,2022Q2,LAB08_Laboratory Name 8,HllvX50cXC0,HllvX50cXC0,2,user2,2025-10-01T06:08:48.000+0000,,FALSE,null
hh_8c2_stool_positive_qtr,2021Q4,LAB08_Laboratory Name 8,HllvX50cXC0,HllvX50cXC0,0,user2,2025-10-01T06:08:48.000+0000,,FALSE,null
hh_8c2_stool_positive_qtr,2022Q3,LAB08_Laboratory Name 8,HllvX50cXC0,HllvX50cXC0,0,user2,2025-10-01T06:08:48.000+0000,,FALSE,null
hh_8c2_stool_positive_qtr,2024Q1,LAB08_Laboratory Name 8,HllvX50cXC0,HllvX50cXC0,0,user2,2025-10-01T06:08:48.000+0000,,FALSE,null
hh_8c2_stool_positive_qtr,2025Q2,LAB08_Laboratory Name 8,HllvX50cXC0,HllvX50cXC0,0,user1,2025-07-07T03:04:54.643+0000,,FALSE,null
hh_8c2_stool_positive_qtr,2024Q4,LAB08_Laboratory Name 8,HllvX50cXC0,HllvX50cXC0,0,user1,2025-01-09T03:17:11.468+0000,,FALSE,null
hh_8c2_stool_positive_qtr,2024Q2,LAB08_Laboratory Name 8,HllvX50cXC0,HllvX50cXC0,0,user1,2024-07-08T06:18:25.195+0000,,FALSE,null
hh_8c2_stool_positive_qtr,2024Q3,LAB08_Laboratory Name 8,HllvX50cXC0,HllvX50cXC0,0,user1,2024-10-10T03:37:10.382+0000,,FALSE,null
hh_8c2_stool_positive_qtr,2025Q1,LAB08_Laboratory Name 8,HllvX50cXC0,HllvX50cXC0,0,user1,2025-04-09T06:24:42.265+0000,,FALSE,null
hh_8d1_pus_qtr,2023Q2,LAB08_Laboratory Name 8,HllvX50cXC0,HllvX50cXC0,296,user2,2025-10-01T06:08:48.000+0000,,FALSE,null
hh_8d1_pus_qtr,2023Q3,LAB08_Laboratory Name 8,HllvX50cXC0,HllvX50cXC0,303,user2,2025-10-01T06:08:48.000+0000,,FALSE,null
hh_8d1_pus_qtr,2023Q4,LAB08_Laboratory Name 8,HllvX50cXC0,HllvX50cXC0,302,user2,2025-10-01T06:08:48.000+0000,,FALSE,null
hh_8d1_pus_qtr,2023Q1,LAB08_Laboratory Name 8,HllvX50cXC0,HllvX50cXC0,214,user2,2025-10-01T06:08:48.000+0000,,FALSE,null
hh_8d1_pus_qtr,2022Q1,LAB08_Laboratory Name 8,HllvX50cXC0,HllvX50cXC0,89,user2,2025-10-01T06:08:48.000+0000,,FALSE,null
hh_8d1_pus_qtr,2021Q3,LAB08_Laboratory Name 8,HllvX50cXC0,HllvX50cXC0,141,user2,2025-10-01T06:08:48.000+0000,,FALSE,null
hh_8d1_pus_qtr,2021Q1,LAB08_Laboratory Name 8,HllvX50cXC0,HllvX50cXC0,90,user2,2025-10-01T06:08:48.000+0000,,FALSE,null
hh_8d1_pus_qtr,2021Q2,LAB08_Laboratory Name 8,HllvX50cXC0,HllvX50cXC0,105,user2,2025-10-01T06:08:48.000+0000,,FALSE,null
hh_8d1_pus_qtr,2022Q4,LAB08_Laboratory Name 8,HllvX50cXC0,HllvX50cXC0,195,user2,2025-10-01T06:08:48.000+0000,,FALSE,null
hh_8d1_pus_qtr,2022Q2,LAB08_Laboratory Name 8,HllvX50cXC0,HllvX50cXC0,238,user2,2025-10-01T06:08:48.000+0000,,FALSE,null
hh_8d1_pus_qtr,2021Q4,LAB08_Laboratory Name 8,HllvX50cXC0,HllvX50cXC0,141,user2,2025-10-01T06:08:48.000+0000,,FALSE,null
hh_8d1_pus_qtr,2022Q3,LAB08_Laboratory Name 8,HllvX50cXC0,HllvX50cXC0,200,user2,2025-10-01T06:08:48.000+0000,,FALSE,null
hh_8d1_pus_qtr,2024Q1,LAB08_Laboratory Name 8,HllvX50cXC0,HllvX50cXC0,317,user2,2025-10-01T06:08:48.000+0000,,FALSE,null
hh_8d1_pus_qtr,2025Q2,LAB08_Laboratory Name 8,HllvX50cXC0,HllvX50cXC0,458,user1,2025-07-07T03:04:58.861+0000,,FALSE,null
hh_8d1_pus_qtr,2024Q4,LAB08_Laboratory Name 8,HllvX50cXC0,HllvX50cXC0,379,user1,2025-01-09T03:17:14.914+0000,,FALSE,null
hh_8d1_pus_qtr,2024Q2,LAB08_Laboratory Name 8,HllvX50cXC0,HllvX50cXC0,366,user1,2024-07-30T16:01:10.047+0000,,FALSE,null
hh_8d1_pus_qtr,2024Q3,LAB08_Laboratory Name 8,HllvX50cXC0,HllvX50cXC0,415,user1,2024-10-10T03:37:13.623+0000,,FALSE,null
hh_8d1_pus_qtr,2025Q1,LAB08_Laboratory Name 8,HllvX50cXC0,HllvX50cXC0,351,user1,2025-04-09T06:24:50.970+0000,,FALSE,null
hh_8d2_pus_positive_qtr,2023Q2,LAB08_Laboratory Name 8,HllvX50cXC0,HllvX50cXC0,143,user2,2025-10-01T06:08:48.000+0000,,FALSE,null
hh_8d2_pus_positive_qtr,2023Q3,LAB08_Laboratory Name 8,HllvX50cXC0,HllvX50cXC0,155,user2,2025-10-01T06:08:48.000+0000,,FALSE,null
hh_8d2_pus_positive_qtr,2023Q4,LAB08_Laboratory Name 8,HllvX50cXC0,HllvX50cXC0,154,user2,2025-10-01T06:08:48.000+0000,,FALSE,null
hh_8d2_pus_positive_qtr,2023Q1,LAB08_Laboratory Name 8,HllvX50cXC0,HllvX50cXC0,99,user2,2025-10-01T06:08:48.000+0000,,FALSE,null
hh_8d2_pus_positive_qtr,2022Q1,LAB08_Laboratory Name 8,HllvX50cXC0,HllvX50cXC0,44,user2,2025-10-01T06:08:48.000+0000,,FALSE,null
hh_8d2_pus_positive_qtr,2021Q3,LAB08_Laboratory Name 8,HllvX50cXC0,HllvX50cXC0,69,user2,2025-10-01T06:08:48.000+0000,,FALSE,null
hh_8d2_pus_positive_qtr,2021Q1,LAB08_Laboratory Name 8,HllvX50cXC0,HllvX50cXC0,20,user2,2025-10-01T06:08:48.000+0000,,FALSE,null
hh_8d2_pus_positive_qtr,2021Q2,LAB08_Laboratory Name 8,HllvX50cXC0,HllvX50cXC0,12,user2,2025-10-01T06:08:48.000+0000,,FALSE,null
hh_8d2_pus_positive_qtr,2022Q4,LAB08_Laboratory Name 8,HllvX50cXC0,HllvX50cXC0,115,user2,2025-10-01T06:08:48.000+0000,,FALSE,null
hh_8d2_pus_positive_qtr,2022Q2,LAB08_Laboratory Name 8,HllvX50cXC0,HllvX50cXC0,162,user2,2025-10-01T06:08:48.000+0000,,FALSE,null
hh_8d2_pus_positive_qtr,2021Q4,LAB08_Laboratory Name 8,HllvX50cXC0,HllvX50cXC0,69,user2,2025-10-01T06:08:48.000+0000,,FALSE,null
hh_8d2_pus_positive_qtr,2022Q3,LAB08_Laboratory Name 8,HllvX50cXC0,HllvX50cXC0,121,user2,2025-10-01T06:08:48.000+0000,,FALSE,null
hh_8d2_pus_positive_qtr,2024Q1,LAB08_Laboratory Name 8,HllvX50cXC0,HllvX50cXC0,153,user2,2025-10-01T06:08:48.000+0000,,FALSE,null
hh_8d2_pus_positive_qtr,2025Q2,LAB08_Laboratory Name 8,HllvX50cXC0,HllvX50cXC0,235,user1,2025-07-07T03:05:01.691+0000,,FALSE,null
hh_8d2_pus_positive_qtr,2024Q4,LAB08_Laboratory Name 8,HllvX50cXC0,HllvX50cXC0,179,user1,2025-01-09T03:17:17.365+0000,,FALSE,null
hh_8d2_pus_positive_qtr,2024Q2,LAB08_Laboratory Name 8,HllvX50cXC0,HllvX50cXC0,165,user1,2024-07-30T16:01:14.893+0000,,FALSE,null
hh_8d2_pus_positive_qtr,2024Q3,LAB08_Laboratory Name 8,HllvX50cXC0,HllvX50cXC0,217,user1,2024-10-10T03:37:16.323+0000,,FALSE,null
hh_8d2_pus_positive_qtr,2025Q1,LAB08_Laboratory Name 8,HllvX50cXC0,HllvX50cXC0,191,user1,2025-04-09T06:24:53.119+0000,,FALSE,null
hh_8e1_genitourinary_qtr,2023Q2,LAB08_Laboratory Name 8,HllvX50cXC0,HllvX50cXC0,314,user2,2025-10-01T06:08:48.000+0000,,FALSE,null
hh_8e1_genitourinary_qtr,2023Q3,LAB08_Laboratory Name 8,HllvX50cXC0,HllvX50cXC0,294,user2,2025-10-01T06:08:48.000+0000,,FALSE,null
hh_8e1_genitourinary_qtr,2023Q4,LAB08_Laboratory Name 8,HllvX50cXC0,HllvX50cXC0,259,user2,2025-10-01T06:08:48.000+0000,,FALSE,null
hh_8e1_genitourinary_qtr,2023Q1,LAB08_Laboratory Name 8,HllvX50cXC0,HllvX50cXC0,182,user2,2025-10-01T06:08:48.000+0000,,FALSE,null
hh_8e1_genitourinary_qtr,2022Q1,LAB08_Laboratory Name 8,HllvX50cXC0,HllvX50cXC0,30,user2,2025-10-01T06:08:48.000+0000,,FALSE,null
hh_8e1_genitourinary_qtr,2021Q3,LAB08_Laboratory Name 8,HllvX50cXC0,HllvX50cXC0,63,user2,2025-10-01T06:08:48.000+0000,,FALSE,null
hh_8e1_genitourinary_qtr,2021Q1,LAB08_Laboratory Name 8,HllvX50cXC0,HllvX50cXC0,0,user2,2025-10-01T06:08:48.000+0000,,FALSE,null
hh_8e1_genitourinary_qtr,2021Q2,LAB08_Laboratory Name 8,HllvX50cXC0,HllvX50cXC0,5,user2,2025-10-01T06:08:48.000+0000,,FALSE,null
hh_8e1_genitourinary_qtr,2022Q4,LAB08_Laboratory Name 8,HllvX50cXC0,HllvX50cXC0,99,user2,2025-10-01T06:08:48.000+0000,,FALSE,null
hh_8e1_genitourinary_qtr,2022Q2,LAB08_Laboratory Name 8,HllvX50cXC0,HllvX50cXC0,106,user2,2025-10-01T06:08:48.000+0000,,FALSE,null
hh_8e1_genitourinary_qtr,2021Q4,LAB08_Laboratory Name 8,HllvX50cXC0,HllvX50cXC0,57,user2,2025-10-01T06:08:48.000+0000,,FALSE,null
hh_8e1_genitourinary_qtr,2022Q3,LAB08_Laboratory Name 8,HllvX50cXC0,HllvX50cXC0,149,user2,2025-10-01T06:08:48.000+0000,,FALSE,null
hh_8e1_genitourinary_qtr,2024Q1,LAB08_Laboratory Name 8,HllvX50cXC0,HllvX50cXC0,320,user2,2025-10-01T06:08:48.000+0000,,FALSE,null
hh_8e1_genitourinary_qtr,2025Q2,LAB08_Laboratory Name 8,HllvX50cXC0,HllvX50cXC0,759,user1,2025-07-07T03:05:04.590+0000,,FALSE,null
hh_8e1_genitourinary_qtr,2024Q4,LAB08_Laboratory Name 8,HllvX50cXC0,HllvX50cXC0,645,user1,2025-01-09T03:17:20.757+0000,,FALSE,null
hh_8e1_genitourinary_qtr,2024Q2,LAB08_Laboratory Name 8,HllvX50cXC0,HllvX50cXC0,486,user1,2024-07-30T16:01:34.420+0000,,FALSE,null
hh_8e1_genitourinary_qtr,2024Q3,LAB08_Laboratory Name 8,HllvX50cXC0,HllvX50cXC0,597,user1,2024-10-10T03:37:20.197+0000,,FALSE,null
hh_8e1_genitourinary_qtr,2025Q1,LAB08_Laboratory Name 8,HllvX50cXC0,HllvX50cXC0,660,user1,2025-04-09T06:25:00.696+0000,,FALSE,null
hh_8e2_genitourinary_positive_qtr,2023Q2,LAB08_Laboratory Name 8,HllvX50cXC0,HllvX50cXC0,52,user2,2025-10-01T06:08:48.000+0000,,FALSE,null
hh_8e2_genitourinary_positive_qtr,2023Q3,LAB08_Laboratory Name 8,HllvX50cXC0,HllvX50cXC0,67,user2,2025-10-01T06:08:48.000+0000,,FALSE,null
hh_8e2_genitourinary_positive_qtr,2023Q4,LAB08_Laboratory Name 8,HllvX50cXC0,HllvX50cXC0,46,user2,2025-10-01T06:08:48.000+0000,,FALSE,null
hh_8e2_genitourinary_positive_qtr,2023Q1,LAB08_Laboratory Name 8,HllvX50cXC0,HllvX50cXC0,33,user2,2025-10-01T06:08:48.000+0000,,FALSE,null
hh_8e2_genitourinary_positive_qtr,2022Q1,LAB08_Laboratory Name 8,HllvX50cXC0,HllvX50cXC0,5,user2,2025-10-01T06:08:48.000+0000,,FALSE,null
hh_8e2_genitourinary_positive_qtr,2021Q3,LAB08_Laboratory Name 8,HllvX50cXC0,HllvX50cXC0,10,user2,2025-10-01T06:08:48.000+0000,,FALSE,null
hh_8e2_genitourinary_positive_qtr,2021Q1,LAB08_Laboratory Name 8,HllvX50cXC0,HllvX50cXC0,0,user2,2025-10-01T06:08:48.000+0000,,FALSE,null
hh_8e2_genitourinary_positive_qtr,2021Q2,LAB08_Laboratory Name 8,HllvX50cXC0,HllvX50cXC0,3,user2,2025-10-01T06:08:48.000+0000,,FALSE,null
hh_8e2_genitourinary_positive_qtr,2022Q4,LAB08_Laboratory Name 8,HllvX50cXC0,HllvX50cXC0,29,user2,2025-10-01T06:08:48.000+0000,,FALSE,null
hh_8e2_genitourinary_positive_qtr,2022Q2,LAB08_Laboratory Name 8,HllvX50cXC0,HllvX50cXC0,50,user2,2025-10-01T06:08:48.000+0000,,FALSE,null
hh_8e2_genitourinary_positive_qtr,2021Q4,LAB08_Laboratory Name 8,HllvX50cXC0,HllvX50cXC0,14,user2,2025-10-01T06:08:48.000+0000,,FALSE,null
hh_8e2_genitourinary_positive_qtr,2022Q3,LAB08_Laboratory Name 8,HllvX50cXC0,HllvX50cXC0,71,user2,2025-10-01T06:08:48.000+0000,,FALSE,null
hh_8e2_genitourinary_positive_qtr,2024Q1,LAB08_Laboratory Name 8,HllvX50cXC0,HllvX50cXC0,59,user2,2025-10-01T06:08:48.000+0000,,FALSE,null
hh_8e2_genitourinary_positive_qtr,2025Q2,LAB08_Laboratory Name 8,HllvX50cXC0,HllvX50cXC0,87,user1,2025-07-07T03:05:06.754+0000,,FALSE,null
hh_8e2_genitourinary_positive_qtr,2024Q4,LAB08_Laboratory Name 8,HllvX50cXC0,HllvX50cXC0,93,user1,2025-01-09T03:17:23.646+0000,,FALSE,null
hh_8e2_genitourinary_positive_qtr,2024Q2,LAB08_Laboratory Name 8,HllvX50cXC0,HllvX50cXC0,66,user1,2024-07-30T16:01:38.616+0000,,FALSE,null
hh_8e2_genitourinary_positive_qtr,2024Q3,LAB08_Laboratory Name 8,HllvX50cXC0,HllvX50cXC0,64,user1,2024-10-10T03:37:21.156+0000,,FALSE,null
hh_8e2_genitourinary_positive_qtr,2025Q1,LAB08_Laboratory Name 8,HllvX50cXC0,HllvX50cXC0,84,user1,2025-04-09T06:25:02.657+0000,,FALSE,null
hh_8f1_blood_qtr,2023Q2,LAB08_Laboratory Name 8,HllvX50cXC0,HllvX50cXC0,1095,user2,2025-10-01T06:08:48.000+0000,,FALSE,null
hh_8f1_blood_qtr,2023Q3,LAB08_Laboratory Name 8,HllvX50cXC0,HllvX50cXC0,1198,user2,2025-10-01T06:08:48.000+0000,,FALSE,null
hh_8f1_blood_qtr,2023Q4,LAB08_Laboratory Name 8,HllvX50cXC0,HllvX50cXC0,1182,user2,2025-10-01T06:08:48.000+0000,,FALSE,null
hh_8f1_blood_qtr,2023Q1,LAB08_Laboratory Name 8,HllvX50cXC0,HllvX50cXC0,866,user2,2025-10-01T06:08:48.000+0000,,FALSE,null
hh_8f1_blood_qtr,2022Q1,LAB08_Laboratory Name 8,HllvX50cXC0,HllvX50cXC0,344,user2,2025-10-01T06:08:48.000+0000,,FALSE,null
hh_8f1_blood_qtr,2021Q3,LAB08_Laboratory Name 8,HllvX50cXC0,HllvX50cXC0,542,user2,2025-10-01T06:08:48.000+0000,,FALSE,null
hh_8f1_blood_qtr,2021Q1,LAB08_Laboratory Name 8,HllvX50cXC0,HllvX50cXC0,240,user2,2025-10-01T06:08:48.000+0000,,FALSE,null
hh_8f1_blood_qtr,2021Q2,LAB08_Laboratory Name 8,HllvX50cXC0,HllvX50cXC0,610,user2,2025-10-01T06:08:48.000+0000,,FALSE,null
hh_8f1_blood_qtr,2022Q4,LAB08_Laboratory Name 8,HllvX50cXC0,HllvX50cXC0,794,user2,2025-10-01T06:08:48.000+0000,,FALSE,null
hh_8f1_blood_qtr,2022Q2,LAB08_Laboratory Name 8,HllvX50cXC0,HllvX50cXC0,656,user2,2025-10-01T06:08:48.000+0000,,FALSE,null
hh_8f1_blood_qtr,2021Q4,LAB08_Laboratory Name 8,HllvX50cXC0,HllvX50cXC0,429,user2,2025-10-01T06:08:48.000+0000,,FALSE,null
hh_8f1_blood_qtr,2022Q3,LAB08_Laboratory Name 8,HllvX50cXC0,HllvX50cXC0,802,user2,2025-10-01T06:08:48.000+0000,,FALSE,null
hh_8f1_blood_qtr,2024Q1,LAB08_Laboratory Name 8,HllvX50cXC0,HllvX50cXC0,1025,user2,2025-10-01T06:08:48.000+0000,,FALSE,null
hh_8f1_blood_qtr,2025Q2,LAB08_Laboratory Name 8,HllvX50cXC0,HllvX50cXC0,838,user1,2025-07-07T03:05:09.323+0000,,FALSE,null
hh_8f1_blood_qtr,2024Q4,LAB08_Laboratory Name 8,HllvX50cXC0,HllvX50cXC0,740,user1,2025-01-09T03:17:27.030+0000,,FALSE,null
hh_8f1_blood_qtr,2024Q2,LAB08_Laboratory Name 8,HllvX50cXC0,HllvX50cXC0,1474,user1,2024-07-30T16:01:53.348+0000,,FALSE,null
hh_8f1_blood_qtr,2024Q3,LAB08_Laboratory Name 8,HllvX50cXC0,HllvX50cXC0,739,user1,2024-10-10T03:37:26.379+0000,,FALSE,null
hh_8f1_blood_qtr,2025Q1,LAB08_Laboratory Name 8,HllvX50cXC0,HllvX50cXC0,797,user1,2025-04-09T06:25:09.503+0000,,FALSE,null
hh_8f2_blood_positive_qtr,2023Q2,LAB08_Laboratory Name 8,HllvX50cXC0,HllvX50cXC0,116,user2,2025-10-01T06:08:48.000+0000,,FALSE,null
hh_8f2_blood_positive_qtr,2023Q3,LAB08_Laboratory Name 8,HllvX50cXC0,HllvX50cXC0,103,user2,2025-10-01T06:08:48.000+0000,,FALSE,null
hh_8f2_blood_positive_qtr,2023Q4,LAB08_Laboratory Name 8,HllvX50cXC0,HllvX50cXC0,100,user2,2025-10-01T06:08:48.000+0000,,FALSE,null
hh_8f2_blood_positive_qtr,2023Q1,LAB08_Laboratory Name 8,HllvX50cXC0,HllvX50cXC0,58,user2,2025-10-01T06:08:48.000+0000,,FALSE,null
hh_8f2_blood_positive_qtr,2022Q1,LAB08_Laboratory Name 8,HllvX50cXC0,HllvX50cXC0,32,user2,2025-10-01T06:08:48.000+0000,,FALSE,null
hh_8f2_blood_positive_qtr,2021Q3,LAB08_Laboratory Name 8,HllvX50cXC0,HllvX50cXC0,54,user2,2025-10-01T06:08:48.000+0000,,FALSE,null
hh_8f2_blood_positive_qtr,2021Q1,LAB08_Laboratory Name 8,HllvX50cXC0,HllvX50cXC0,32,user2,2025-10-01T06:08:48.000+0000,,FALSE,null
hh_8f2_blood_positive_qtr,2021Q2,LAB08_Laboratory Name 8,HllvX50cXC0,HllvX50cXC0,89,user2,2025-10-01T06:08:48.000+0000,,FALSE,null
hh_8f2_blood_positive_qtr,2022Q4,LAB08_Laboratory Name 8,HllvX50cXC0,HllvX50cXC0,46,user2,2025-10-01T06:08:48.000+0000,,FALSE,null
hh_8f2_blood_positive_qtr,2022Q2,LAB08_Laboratory Name 8,HllvX50cXC0,HllvX50cXC0,86,user2,2025-10-01T06:08:48.000+0000,,FALSE,null
hh_8f2_blood_positive_qtr,2021Q4,LAB08_Laboratory Name 8,HllvX50cXC0,HllvX50cXC0,54,user2,2025-10-01T06:08:48.000+0000,,FALSE,null
hh_8f2_blood_positive_qtr,2022Q3,LAB08_Laboratory Name 8,HllvX50cXC0,HllvX50cXC0,68,user2,2025-10-01T06:08:48.000+0000,,FALSE,null
hh_8f2_blood_positive_qtr,2024Q1,LAB08_Laboratory Name 8,HllvX50cXC0,HllvX50cXC0,89,user2,2025-10-01T06:08:48.000+0000,,FALSE,null
hh_8f2_blood_positive_qtr,2025Q2,LAB08_Laboratory Name 8,HllvX50cXC0,HllvX50cXC0,71,user1,2025-07-07T03:05:10.855+0000,,FALSE,null
hh_8f2_blood_positive_qtr,2024Q4,LAB08_Laboratory Name 8,HllvX50cXC0,HllvX50cXC0,64,user1,2025-01-09T03:17:29.948+0000,,FALSE,null
hh_8f2_blood_positive_qtr,2024Q2,LAB08_Laboratory Name 8,HllvX50cXC0,HllvX50cXC0,99,user1,2024-07-30T16:01:56.692+0000,,FALSE,null
hh_8f2_blood_positive_qtr,2024Q3,LAB08_Laboratory Name 8,HllvX50cXC0,HllvX50cXC0,62,user1,2024-10-10T03:37:27.943+0000,,FALSE,null
hh_8f2_blood_positive_qtr,2025Q1,LAB08_Laboratory Name 8,HllvX50cXC0,HllvX50cXC0,56,user1,2025-04-09T06:25:11.214+0000,,FALSE,null
hh_8g1_other_qtr,2025Q2,LAB08_Laboratory Name 8,HllvX50cXC0,HllvX50cXC0,0,user1,2025-07-07T03:05:12.096+0000,,FALSE,null
hh_8g1_other_qtr,2024Q4,LAB08_Laboratory Name 8,HllvX50cXC0,HllvX50cXC0,0,user1,2025-01-09T03:17:31.554+0000,,FALSE,null
hh_8g1_other_qtr,2024Q2,LAB08_Laboratory Name 8,HllvX50cXC0,HllvX50cXC0,0,user1,2024-07-30T15:46:21.267+0000,,FALSE,null
hh_8g1_other_qtr,2024Q3,LAB08_Laboratory Name 8,HllvX50cXC0,HllvX50cXC0,0,user1,2024-10-10T03:37:28.962+0000,,FALSE,null
hh_8g1_other_qtr,2025Q1,LAB08_Laboratory Name 8,HllvX50cXC0,HllvX50cXC0,0,user1,2025-04-09T06:25:12.473+0000,,FALSE,null
hh_8g2_other_positive_qtr,2025Q2,LAB08_Laboratory Name 8,HllvX50cXC0,HllvX50cXC0,0,user1,2025-07-07T03:05:13.632+0000,,FALSE,null
hh_8g2_other_positive_qtr,2024Q4,LAB08_Laboratory Name 8,HllvX50cXC0,HllvX50cXC0,0,user1,2025-01-09T03:17:32.298+0000,,FALSE,null
hh_8g2_other_positive_qtr,2024Q2,LAB08_Laboratory Name 8,HllvX50cXC0,HllvX50cXC0,0,user1,2024-07-30T15:46:31.072+0000,,FALSE,null
hh_8g2_other_positive_qtr,2024Q3,LAB08_Laboratory Name 8,HllvX50cXC0,HllvX50cXC0,0,user1,2024-10-10T03:37:29.718+0000,,FALSE,null
hh_8g2_other_positive_qtr,2025Q1,LAB08_Laboratory Name 8,HllvX50cXC0,HllvX50cXC0,0,user1,2025-04-09T06:25:13.202+0000,,FALSE,null
ah_10a1_env_farm_qtr,2025Q2,LAB08_Laboratory Name 8,HllvX50cXC0,HllvX50cXC0,0,user1,2025-06-30T08:22:47.616+0000,,FALSE,null
ah_10a1_env_farm_qtr,2024Q4,LAB08_Laboratory Name 8,HllvX50cXC0,HllvX50cXC0,0,user1,2025-01-10T03:27:33.229+0000,,FALSE,null
ah_10a1_env_farm_qtr,2025Q1,LAB08_Laboratory Name 8,HllvX50cXC0,HllvX50cXC0,0,user1,2025-04-09T06:25:14.214+0000,,FALSE,null
ah_10a2_env_abattoir_qtr,2025Q2,LAB08_Laboratory Name 8,HllvX50cXC0,HllvX50cXC0,0,user1,2025-06-30T08:22:48.057+0000,,FALSE,null
ah_10a2_env_abattoir_qtr,2024Q4,LAB08_Laboratory Name 8,HllvX50cXC0,HllvX50cXC0,0,user1,2025-01-10T03:27:34.372+0000,,FALSE,null
ah_10a2_env_abattoir_qtr,2025Q1,LAB08_Laboratory Name 8,HllvX50cXC0,HllvX50cXC0,0,user1,2025-04-09T06:25:14.947+0000,,FALSE,null
ah_10a3_env_drinking_qtr,2025Q2,LAB08_Laboratory Name 8,HllvX50cXC0,HllvX50cXC0,0,user1,2025-06-30T08:22:48.507+0000,,FALSE,null
ah_10a3_env_drinking_qtr,2024Q4,LAB08_Laboratory Name 8,HllvX50cXC0,HllvX50cXC0,0,user1,2025-01-10T03:27:34.772+0000,,FALSE,null
ah_10a3_env_drinking_qtr,2025Q1,LAB08_Laboratory Name 8,HllvX50cXC0,HllvX50cXC0,0,user1,2025-04-09T06:25:15.624+0000,,FALSE,null
ah_10a4_env_sewage_qtr,2025Q2,LAB08_Laboratory Name 8,HllvX50cXC0,HllvX50cXC0,0,user1,2025-06-30T08:22:48.913+0000,,FALSE,null
ah_10a4_env_sewage_qtr,2024Q4,LAB08_Laboratory Name 8,HllvX50cXC0,HllvX50cXC0,0,user1,2025-01-10T03:27:35.865+0000,,FALSE,null
ah_10a4_env_sewage_qtr,2025Q1,LAB08_Laboratory Name 8,HllvX50cXC0,HllvX50cXC0,0,user1,2025-04-09T06:25:16.466+0000,,FALSE,null
ah_10a5_env_surfacewtr_qtr,2025Q2,LAB08_Laboratory Name 8,HllvX50cXC0,HllvX50cXC0,0,user1,2025-06-30T08:22:49.338+0000,,FALSE,null
ah_10a5_env_surfacewtr_qtr,2024Q4,LAB08_Laboratory Name 8,HllvX50cXC0,HllvX50cXC0,0,user1,2025-01-10T03:27:36.046+0000,,FALSE,null
ah_10a5_env_surfacewtr_qtr,2025Q1,LAB08_Laboratory Name 8,HllvX50cXC0,HllvX50cXC0,0,user1,2025-04-09T06:25:17.183+0000,,FALSE,null
ah_10a6_env_tap_qtr,2025Q2,LAB08_Laboratory Name 8,HllvX50cXC0,HllvX50cXC0,0,user1,2025-06-30T08:22:49.770+0000,,FALSE,null
ah_10a6_env_tap_qtr,2024Q4,LAB08_Laboratory Name 8,HllvX50cXC0,HllvX50cXC0,0,user1,2025-01-10T03:27:37.326+0000,,FALSE,null
ah_10a6_env_tap_qtr,2025Q1,LAB08_Laboratory Name 8,HllvX50cXC0,HllvX50cXC0,0,user1,2025-04-09T06:25:18.002+0000,,FALSE,null
ah_10a7_env_bottledwtr_qtr,2025Q2,LAB08_Laboratory Name 8,HllvX50cXC0,HllvX50cXC0,0,user1,2025-06-30T08:22:50.371+0000,,FALSE,null
ah_10a7_env_bottledwtr_qtr,2024Q4,LAB08_Laboratory Name 8,HllvX50cXC0,HllvX50cXC0,0,user1,2025-01-10T03:27:37.500+0000,,FALSE,null
ah_10a7_env_bottledwtr_qtr,2025Q1,LAB08_Laboratory Name 8,HllvX50cXC0,HllvX50cXC0,0,user1,2025-04-09T06:25:18.821+0000,,FALSE,null
ah_10a8_env_aquaculture_qtr,2025Q2,LAB08_Laboratory Name 8,HllvX50cXC0,HllvX50cXC0,0,user1,2025-06-30T08:22:50.854+0000,,FALSE,null
ah_10a8_env_aquaculture_qtr,2024Q4,LAB08_Laboratory Name 8,HllvX50cXC0,HllvX50cXC0,0,user1,2025-01-10T03:27:37.792+0000,,FALSE,null
ah_10a8_env_aquaculture_qtr,2025Q1,LAB08_Laboratory Name 8,HllvX50cXC0,HllvX50cXC0,0,user1,2025-04-09T06:25:19.511+0000,,FALSE,null
ah_10a9_env_other_qtr,2025Q2,LAB08_Laboratory Name 8,HllvX50cXC0,HllvX50cXC0,0,user1,2025-06-30T08:22:51.889+0000,,FALSE,null
ah_10a9_env_other_qtr,2024Q4,LAB08_Laboratory Name 8,HllvX50cXC0,HllvX50cXC0,0,user1,2025-01-10T03:27:39.114+0000,,FALSE,null
ah_10a9_env_other_qtr,2025Q1,LAB08_Laboratory Name 8,HllvX50cXC0,HllvX50cXC0,0,user1,2025-04-09T06:25:20.460+0000,,FALSE,null
ah_11a1_food_chicken_qtr,2025Q2,LAB08_Laboratory Name 8,HllvX50cXC0,HllvX50cXC0,0,user1,2025-06-30T08:22:52.541+0000,,FALSE,null
ah_11a1_food_chicken_qtr,2024Q4,LAB08_Laboratory Name 8,HllvX50cXC0,HllvX50cXC0,0,user1,2025-01-10T03:27:39.960+0000,,FALSE,null
ah_11a1_food_chicken_qtr,2025Q1,LAB08_Laboratory Name 8,HllvX50cXC0,HllvX50cXC0,0,user1,2025-04-09T06:25:21.177+0000,,FALSE,null
ah_11a2_food_egg_qtr,2025Q2,LAB08_Laboratory Name 8,HllvX50cXC0,HllvX50cXC0,0,user1,2025-06-30T08:22:52.940+0000,,FALSE,null
ah_11a2_food_egg_qtr,2024Q4,LAB08_Laboratory Name 8,HllvX50cXC0,HllvX50cXC0,0,user1,2025-01-10T03:27:40.344+0000,,FALSE,null
ah_11a2_food_egg_qtr,2025Q1,LAB08_Laboratory Name 8,HllvX50cXC0,HllvX50cXC0,0,user1,2025-04-09T06:25:21.832+0000,,FALSE,null
ah_11a3_food_pork_qtr,2025Q2,LAB08_Laboratory Name 8,HllvX50cXC0,HllvX50cXC0,0,user1,2025-06-30T08:22:53.438+0000,,FALSE,null
ah_11a3_food_pork_qtr,2024Q4,LAB08_Laboratory Name 8,HllvX50cXC0,HllvX50cXC0,0,user1,2025-01-10T03:27:40.712+0000,,FALSE,null
ah_11a3_food_pork_qtr,2025Q1,LAB08_Laboratory Name 8,HllvX50cXC0,HllvX50cXC0,0,user1,2025-04-09T06:25:22.549+0000,,FALSE,null
ah_11a4_food_beef_qtr,2025Q2,LAB08_Laboratory Name 8,HllvX50cXC0,HllvX50cXC0,0,user1,2025-06-30T08:22:53.893+0000,,FALSE,null
ah_11a4_food_beef_qtr,2024Q4,LAB08_Laboratory Name 8,HllvX50cXC0,HllvX50cXC0,0,user1,2025-01-10T03:27:41.802+0000,,FALSE,null
ah_11a4_food_beef_qtr,2025Q1,LAB08_Laboratory Name 8,HllvX50cXC0,HllvX50cXC0,0,user1,2025-04-09T06:25:23.349+0000,,FALSE,null
ah_11a5_food_SmallRuminantMeat_qtr,2025Q2,LAB08_Laboratory Name 8,HllvX50cXC0,HllvX50cXC0,0,user1,2025-06-30T08:22:54.692+0000,,FALSE,null
ah_11a5_food_SmallRuminantMeat_qtr,2024Q4,LAB08_Laboratory Name 8,HllvX50cXC0,HllvX50cXC0,0,user1,2025-01-10T03:27:42.168+0000,,FALSE,null
ah_11a5_food_SmallRuminantMeat_qtr,2025Q1,LAB08_Laboratory Name 8,HllvX50cXC0,HllvX50cXC0,0,user1,2025-04-09T06:25:24.248+0000,,FALSE,null
ah_11a6_food_milk_qtr,2025Q2,LAB08_Laboratory Name 8,HllvX50cXC0,HllvX50cXC0,0,user1,2025-06-30T08:22:55.169+0000,,FALSE,null
ah_11a6_food_milk_qtr,2024Q4,LAB08_Laboratory Name 8,HllvX50cXC0,HllvX50cXC0,0,user1,2025-01-10T03:27:42.677+0000,,FALSE,null
ah_11a6_food_milk_qtr,2025Q1,LAB08_Laboratory Name 8,HllvX50cXC0,HllvX50cXC0,0,user1,2025-04-09T06:25:24.993+0000,,FALSE,null
ah_11a7_food_aquatic_qtr,2025Q2,LAB08_Laboratory Name 8,HllvX50cXC0,HllvX50cXC0,0,user1,2025-06-30T08:22:55.586+0000,,FALSE,null
ah_11a7_food_aquatic_qtr,2024Q4,LAB08_Laboratory Name 8,HllvX50cXC0,HllvX50cXC0,0,user1,2025-01-10T03:27:43.576+0000,,FALSE,null
ah_11a7_food_aquatic_qtr,2025Q1,LAB08_Laboratory Name 8,HllvX50cXC0,HllvX50cXC0,0,user1,2025-04-09T06:25:25.810+0000,,FALSE,null
ah_11a8_food_plants_qtr,2025Q2,LAB08_Laboratory Name 8,HllvX50cXC0,HllvX50cXC0,0,user1,2025-06-30T08:22:56.025+0000,,FALSE,null
ah_11a8_food_plants_qtr,2024Q4,LAB08_Laboratory Name 8,HllvX50cXC0,HllvX50cXC0,0,user1,2025-01-10T03:27:44.008+0000,,FALSE,null
ah_11a8_food_plants_qtr,2025Q1,LAB08_Laboratory Name 8,HllvX50cXC0,HllvX50cXC0,0,user1,2025-04-09T06:25:26.533+0000,,FALSE,null
ah_11a9_food_other_qtr,2025Q2,LAB08_Laboratory Name 8,HllvX50cXC0,HllvX50cXC0,0,user1,2025-06-30T08:22:56.420+0000,,FALSE,null
ah_11a9_food_other_qtr,2024Q4,LAB08_Laboratory Name 8,HllvX50cXC0,HllvX50cXC0,0,user1,2025-01-10T03:27:44.696+0000,,FALSE,null
ah_11a9_food_other_qtr,2025Q1,LAB08_Laboratory Name 8,HllvX50cXC0,HllvX50cXC0,0,user1,2025-04-09T06:25:27.423+0000,,FALSE,null
env_samples_qtr,2025Q2,LAB08_Laboratory Name 8,HllvX50cXC0,HllvX50cXC0,FALSE,user1,2025-07-07T03:04:35.996+0000,,FALSE,null
env_samples_qtr,2024Q4,LAB08_Laboratory Name 8,HllvX50cXC0,HllvX50cXC0,FALSE,user1,2025-01-09T03:16:48.799+0000,,FALSE,null
env_samples_qtr,2024Q3,LAB08_Laboratory Name 8,HllvX50cXC0,HllvX50cXC0,FALSE,user1,2024-10-10T03:36:36.970+0000,,FALSE,null
env_samples_qtr,2025Q1,LAB08_Laboratory Name 8,HllvX50cXC0,HllvX50cXC0,FALSE,user1,2025-04-09T06:24:03.761+0000,,FALSE,null
food_samples_qtr,2025Q2,LAB08_Laboratory Name 8,HllvX50cXC0,HllvX50cXC0,FALSE,user1,2025-07-07T03:04:37.633+0000,,FALSE,null
food_samples_qtr,2024Q4,LAB08_Laboratory Name 8,HllvX50cXC0,HllvX50cXC0,FALSE,user1,2025-01-09T03:16:49.744+0000,,FALSE,null
food_samples_qtr,2024Q3,LAB08_Laboratory Name 8,HllvX50cXC0,HllvX50cXC0,FALSE,user1,2024-10-10T03:36:37.659+0000,,FALSE,null
food_samples_qtr,2025Q1,LAB08_Laboratory Name 8,HllvX50cXC0,HllvX50cXC0,FALSE,user1,2025-04-09T06:24:04.991+0000,,FALSE,null
hh_samples_qtr,2025Q2,LAB08_Laboratory Name 8,HllvX50cXC0,HllvX50cXC0,TRUE,user1,2025-07-07T03:04:35.251+0000,,FALSE,null
hh_samples_qtr,2024Q4,LAB08_Laboratory Name 8,HllvX50cXC0,HllvX50cXC0,TRUE,user1,2025-01-09T03:16:48.160+0000,,FALSE,null
hh_samples_qtr,2024Q3,LAB08_Laboratory Name 8,HllvX50cXC0,HllvX50cXC0,TRUE,user1,2024-10-10T03:36:36.342+0000,,FALSE,null
hh_samples_qtr,2025Q1,LAB08_Laboratory Name 8,HllvX50cXC0,HllvX50cXC0,TRUE,user1,2025-04-09T06:24:02.383+0000,,FALSE,null
hh_8a1_cerebrospinalfluid_qtr,2023Q4,LAB04_Laboratory Name 4,HllvX50cXC0,HllvX50cXC0,751,user2,2025-10-01T06:08:48.000+0000,,FALSE,null
hh_8a1_cerebrospinalfluid_qtr,2021Q2,LAB04_Laboratory Name 4,HllvX50cXC0,HllvX50cXC0,915,user2,2025-10-01T06:08:48.000+0000,,FALSE,null
hh_8a1_cerebrospinalfluid_qtr,2022Q4,LAB04_Laboratory Name 4,HllvX50cXC0,HllvX50cXC0,317,user2,2025-10-01T06:08:48.000+0000,,FALSE,null
hh_8a1_cerebrospinalfluid_qtr,2022Q3,LAB04_Laboratory Name 4,HllvX50cXC0,HllvX50cXC0,159,user2,2025-10-01T06:08:48.000+0000,,FALSE,null
hh_8a1_cerebrospinalfluid_qtr,2024Q1,LAB04_Laboratory Name 4,HllvX50cXC0,HllvX50cXC0,17,user2,2025-10-01T06:08:48.000+0000,,FALSE,null
hh_8a1_cerebrospinalfluid_qtr,2025Q2,LAB04_Laboratory Name 4,HllvX50cXC0,HllvX50cXC0,0,user1,2025-07-09T03:53:40.254+0000,,FALSE,null
hh_8a1_cerebrospinalfluid_qtr,2024Q4,LAB04_Laboratory Name 4,HllvX50cXC0,HllvX50cXC0,10,user1,2025-01-10T02:58:00.908+0000,,FALSE,null
hh_8a1_cerebrospinalfluid_qtr,2024Q2,LAB04_Laboratory Name 4,HllvX50cXC0,HllvX50cXC0,7,user1,2024-07-30T15:41:19.982+0000,,FALSE,null
hh_8a1_cerebrospinalfluid_qtr,2024Q3,LAB04_Laboratory Name 4,HllvX50cXC0,HllvX50cXC0,10,user1,2024-10-29T12:23:58.514+0000,,FALSE,null
hh_8a1_cerebrospinalfluid_qtr,2025Q1,LAB04_Laboratory Name 4,HllvX50cXC0,HllvX50cXC0,0,user1,2025-04-09T07:26:30.276+0000,,FALSE,null
hh_8a2_cerebrospinalfluid_positive_qtr,2023Q4,LAB04_Laboratory Name 4,HllvX50cXC0,HllvX50cXC0,27,user2,2025-10-01T06:08:48.000+0000,,FALSE,null
hh_8a2_cerebrospinalfluid_positive_qtr,2021Q2,LAB04_Laboratory Name 4,HllvX50cXC0,HllvX50cXC0,32,user2,2025-10-01T06:08:48.000+0000,,FALSE,null
hh_8a2_cerebrospinalfluid_positive_qtr,2022Q4,LAB04_Laboratory Name 4,HllvX50cXC0,HllvX50cXC0,24,user2,2025-10-01T06:08:48.000+0000,,FALSE,null
hh_8a2_cerebrospinalfluid_positive_qtr,2022Q3,LAB04_Laboratory Name 4,HllvX50cXC0,HllvX50cXC0,20,user2,2025-10-01T06:08:48.000+0000,,FALSE,null
hh_8a2_cerebrospinalfluid_positive_qtr,2024Q1,LAB04_Laboratory Name 4,HllvX50cXC0,HllvX50cXC0,6,user2,2025-10-01T06:08:48.000+0000,,FALSE,null
hh_8a2_cerebrospinalfluid_positive_qtr,2025Q2,LAB04_Laboratory Name 4,HllvX50cXC0,HllvX50cXC0,10,user1,2025-07-09T03:53:51.489+0000,,FALSE,null
hh_8a2_cerebrospinalfluid_positive_qtr,2024Q4,LAB04_Laboratory Name 4,HllvX50cXC0,HllvX50cXC0,3,user1,2025-01-10T02:58:01.291+0000,,FALSE,null
hh_8a2_cerebrospinalfluid_positive_qtr,2024Q2,LAB04_Laboratory Name 4,HllvX50cXC0,HllvX50cXC0,7,user1,2024-07-30T15:41:22.244+0000,,FALSE,null
hh_8a2_cerebrospinalfluid_positive_qtr,2024Q3,LAB04_Laboratory Name 4,HllvX50cXC0,HllvX50cXC0,3,user1,2024-10-29T12:24:02.828+0000,,FALSE,null
hh_8a2_cerebrospinalfluid_positive_qtr,2025Q1,LAB04_Laboratory Name 4,HllvX50cXC0,HllvX50cXC0,24,user1,2025-04-09T07:24:55.768+0000,,FALSE,null
hh_8b1_urine_qtr,2023Q4,LAB04_Laboratory Name 4,HllvX50cXC0,HllvX50cXC0,926,user2,2025-10-01T06:08:48.000+0000,,FALSE,null
hh_8b1_urine_qtr,2021Q2,LAB04_Laboratory Name 4,HllvX50cXC0,HllvX50cXC0,693,user2,2025-10-01T06:08:48.000+0000,,FALSE,null
hh_8b1_urine_qtr,2022Q4,LAB04_Laboratory Name 4,HllvX50cXC0,HllvX50cXC0,2553,user2,2025-10-01T06:08:48.000+0000,,FALSE,null
hh_8b1_urine_qtr,2022Q3,LAB04_Laboratory Name 4,HllvX50cXC0,HllvX50cXC0,2488,user2,2025-10-01T06:08:48.000+0000,,FALSE,null
hh_8b1_urine_qtr,2024Q1,LAB04_Laboratory Name 4,HllvX50cXC0,HllvX50cXC0,127,user2,2025-10-01T06:08:48.000+0000,,FALSE,null
hh_8b1_urine_qtr,2025Q2,LAB04_Laboratory Name 4,HllvX50cXC0,HllvX50cXC0,0,user1,2025-07-09T03:53:41.269+0000,,FALSE,null
hh_8b1_urine_qtr,2024Q4,LAB04_Laboratory Name 4,HllvX50cXC0,HllvX50cXC0,135,user1,2025-01-10T02:58:06.031+0000,,FALSE,null
hh_8b1_urine_qtr,2024Q2,LAB04_Laboratory Name 4,HllvX50cXC0,HllvX50cXC0,154,user1,2024-07-30T15:41:50.645+0000,,FALSE,null
hh_8b1_urine_qtr,2024Q3,LAB04_Laboratory Name 4,HllvX50cXC0,HllvX50cXC0,263,user1,2024-10-29T12:24:49.655+0000,,FALSE,null
hh_8b1_urine_qtr,2025Q1,LAB04_Laboratory Name 4,HllvX50cXC0,HllvX50cXC0,0,user1,2025-04-09T07:26:31.863+0000,,FALSE,null
hh_8b2_urine_positive_qtr,2023Q4,LAB04_Laboratory Name 4,HllvX50cXC0,HllvX50cXC0,210,user2,2025-10-01T06:08:48.000+0000,,FALSE,null
hh_8b2_urine_positive_qtr,2021Q2,LAB04_Laboratory Name 4,HllvX50cXC0,HllvX50cXC0,110,user2,2025-10-01T06:08:48.000+0000,,FALSE,null
hh_8b2_urine_positive_qtr,2022Q4,LAB04_Laboratory Name 4,HllvX50cXC0,HllvX50cXC0,171,user2,2025-10-01T06:08:48.000+0000,,FALSE,null
hh_8b2_urine_positive_qtr,2022Q3,LAB04_Laboratory Name 4,HllvX50cXC0,HllvX50cXC0,187,user2,2025-10-01T06:08:48.000+0000,,FALSE,null
hh_8b2_urine_positive_qtr,2024Q1,LAB04_Laboratory Name 4,HllvX50cXC0,HllvX50cXC0,16,user2,2025-10-01T06:08:48.000+0000,,FALSE,null
hh_8b2_urine_positive_qtr,2025Q2,LAB04_Laboratory Name 4,HllvX50cXC0,HllvX50cXC0,198,user1,2025-07-09T03:53:59.906+0000,,FALSE,null
hh_8b2_urine_positive_qtr,2024Q4,LAB04_Laboratory Name 4,HllvX50cXC0,HllvX50cXC0,14,user1,2025-01-10T02:58:07.285+0000,,FALSE,null
hh_8b2_urine_positive_qtr,2024Q2,LAB04_Laboratory Name 4,HllvX50cXC0,HllvX50cXC0,40,user1,2024-07-30T15:41:54.839+0000,,FALSE,null
hh_8b2_urine_positive_qtr,2024Q3,LAB04_Laboratory Name 4,HllvX50cXC0,HllvX50cXC0,39,user1,2024-10-29T12:24:53.423+0000,,FALSE,null
hh_8b2_urine_positive_qtr,2025Q1,LAB04_Laboratory Name 4,HllvX50cXC0,HllvX50cXC0,107,user1,2025-04-09T07:25:02.136+0000,,FALSE,null
hh_8c1_stool_qtr,2023Q4,LAB04_Laboratory Name 4,HllvX50cXC0,HllvX50cXC0,789,user2,2025-10-01T06:08:48.000+0000,,FALSE,null
hh_8c1_stool_qtr,2021Q2,LAB04_Laboratory Name 4,HllvX50cXC0,HllvX50cXC0,678,user2,2025-10-01T06:08:48.000+0000,,FALSE,null
hh_8c1_stool_qtr,2022Q4,LAB04_Laboratory Name 4,HllvX50cXC0,HllvX50cXC0,907,user2,2025-10-01T06:08:48.000+0000,,FALSE,null
hh_8c1_stool_qtr,2022Q3,LAB04_Laboratory Name 4,HllvX50cXC0,HllvX50cXC0,1046,user2,2025-10-01T06:08:48.000+0000,,FALSE,null
hh_8c1_stool_qtr,2024Q1,LAB04_Laboratory Name 4,HllvX50cXC0,HllvX50cXC0,68,user2,2025-10-01T06:08:48.000+0000,,FALSE,null
hh_8c1_stool_qtr,2025Q2,LAB04_Laboratory Name 4,HllvX50cXC0,HllvX50cXC0,0,user1,2025-07-09T03:53:42.286+0000,,FALSE,null
hh_8c1_stool_qtr,2024Q4,LAB04_Laboratory Name 4,HllvX50cXC0,HllvX50cXC0,86,user1,2025-01-10T02:58:12.508+0000,,FALSE,null
hh_8c1_stool_qtr,2024Q2,LAB04_Laboratory Name 4,HllvX50cXC0,HllvX50cXC0,219,user1,2024-07-30T15:42:22.268+0000,,FALSE,null
hh_8c1_stool_qtr,2024Q3,LAB04_Laboratory Name 4,HllvX50cXC0,HllvX50cXC0,262,user1,2024-10-29T12:25:41.692+0000,,FALSE,null
hh_8c1_stool_qtr,2025Q1,LAB04_Laboratory Name 4,HllvX50cXC0,HllvX50cXC0,0,user1,2025-04-09T07:26:32.060+0000,,FALSE,null
hh_8c2_stool_positive_qtr,2023Q4,LAB04_Laboratory Name 4,HllvX50cXC0,HllvX50cXC0,197,user2,2025-10-01T06:08:48.000+0000,,FALSE,null
hh_8c2_stool_positive_qtr,2021Q2,LAB04_Laboratory Name 4,HllvX50cXC0,HllvX50cXC0,99,user2,2025-10-01T06:08:48.000+0000,,FALSE,null
hh_8c2_stool_positive_qtr,2022Q4,LAB04_Laboratory Name 4,HllvX50cXC0,HllvX50cXC0,92,user2,2025-10-01T06:08:48.000+0000,,FALSE,null
hh_8c2_stool_positive_qtr,2022Q3,LAB04_Laboratory Name 4,HllvX50cXC0,HllvX50cXC0,129,user2,2025-10-01T06:08:48.000+0000,,FALSE,null
hh_8c2_stool_positive_qtr,2024Q1,LAB04_Laboratory Name 4,HllvX50cXC0,HllvX50cXC0,0,user2,2025-10-01T06:08:48.000+0000,,FALSE,null
hh_8c2_stool_positive_qtr,2025Q2,LAB04_Laboratory Name 4,HllvX50cXC0,HllvX50cXC0,267,user1,2025-07-09T03:54:06.720+0000,,FALSE,null
hh_8c2_stool_positive_qtr,2024Q4,LAB04_Laboratory Name 4,HllvX50cXC0,HllvX50cXC0,0,user1,2025-01-10T02:58:13.540+0000,,FALSE,null
hh_8c2_stool_positive_qtr,2024Q2,LAB04_Laboratory Name 4,HllvX50cXC0,HllvX50cXC0,0,user1,2024-07-10T08:56:50.501+0000,,FALSE,null
hh_8c2_stool_positive_qtr,2024Q3,LAB04_Laboratory Name 4,HllvX50cXC0,HllvX50cXC0,0,user1,2024-10-10T08:06:35.198+0000,,FALSE,null
hh_8c2_stool_positive_qtr,2025Q1,LAB04_Laboratory Name 4,HllvX50cXC0,HllvX50cXC0,100,user1,2025-04-09T07:25:07.301+0000,,FALSE,null
hh_8d1_pus_qtr,2023Q4,LAB04_Laboratory Name 4,HllvX50cXC0,HllvX50cXC0,394,user2,2025-10-01T06:08:48.000+0000,,FALSE,null
hh_8d1_pus_qtr,2021Q2,LAB04_Laboratory Name 4,HllvX50cXC0,HllvX50cXC0,18,user2,2025-10-01T06:08:48.000+0000,,FALSE,null
hh_8d1_pus_qtr,2022Q4,LAB04_Laboratory Name 4,HllvX50cXC0,HllvX50cXC0,0,user2,2025-10-01T06:08:48.000+0000,,FALSE,null
hh_8d1_pus_qtr,2024Q1,LAB04_Laboratory Name 4,HllvX50cXC0,HllvX50cXC0,0,user2,2025-10-01T06:08:48.000+0000,,FALSE,null
hh_8d1_pus_qtr,2025Q2,LAB04_Laboratory Name 4,HllvX50cXC0,HllvX50cXC0,0,user1,2025-07-09T03:53:42.973+0000,,FALSE,null
hh_8d1_pus_qtr,2024Q4,LAB04_Laboratory Name 4,HllvX50cXC0,HllvX50cXC0,142,user1,2025-01-10T02:58:18.809+0000,,FALSE,null
hh_8d1_pus_qtr,2024Q2,LAB04_Laboratory Name 4,HllvX50cXC0,HllvX50cXC0,257,user1,2024-07-30T15:43:30.167+0000,,FALSE,null
hh_8d1_pus_qtr,2024Q3,LAB04_Laboratory Name 4,HllvX50cXC0,HllvX50cXC0,225,user1,2024-10-29T12:26:12.529+0000,,FALSE,null
hh_8d1_pus_qtr,2025Q1,LAB04_Laboratory Name 4,HllvX50cXC0,HllvX50cXC0,0,user1,2025-04-09T07:26:33.052+0000,,FALSE,null
hh_8d2_pus_positive_qtr,2023Q4,LAB04_Laboratory Name 4,HllvX50cXC0,HllvX50cXC0,161,user2,2025-10-01T06:08:48.000+0000,,FALSE,null
hh_8d2_pus_positive_qtr,2021Q2,LAB04_Laboratory Name 4,HllvX50cXC0,HllvX50cXC0,5,user2,2025-10-01T06:08:48.000+0000,,FALSE,null
hh_8d2_pus_positive_qtr,2022Q4,LAB04_Laboratory Name 4,HllvX50cXC0,HllvX50cXC0,0,user2,2025-10-01T06:08:48.000+0000,,FALSE,null
hh_8d2_pus_positive_qtr,2024Q1,LAB04_Laboratory Name 4,HllvX50cXC0,HllvX50cXC0,0,user2,2025-10-01T06:08:48.000+0000,,FALSE,null
hh_8d2_pus_positive_qtr,2025Q2,LAB04_Laboratory Name 4,HllvX50cXC0,HllvX50cXC0,287,user1,2025-07-09T03:54:12.400+0000,,FALSE,null
hh_8d2_pus_positive_qtr,2024Q4,LAB04_Laboratory Name 4,HllvX50cXC0,HllvX50cXC0,117,user1,2025-01-10T02:58:20.997+0000,,FALSE,null
hh_8d2_pus_positive_qtr,2024Q2,LAB04_Laboratory Name 4,HllvX50cXC0,HllvX50cXC0,182,user1,2024-07-30T15:43:34.564+0000,,FALSE,null
hh_8d2_pus_positive_qtr,2024Q3,LAB04_Laboratory Name 4,HllvX50cXC0,HllvX50cXC0,156,user1,2024-10-29T12:26:18.225+0000,,FALSE,null
hh_8d2_pus_positive_qtr,2025Q1,LAB04_Laboratory Name 4,HllvX50cXC0,HllvX50cXC0,168,user1,2025-04-09T07:25:12.849+0000,,FALSE,null
hh_8e1_genitourinary_qtr,2023Q4,LAB04_Laboratory Name 4,HllvX50cXC0,HllvX50cXC0,20,user2,2025-10-01T06:08:48.000+0000,,FALSE,null
hh_8e1_genitourinary_qtr,2021Q2,LAB04_Laboratory Name 4,HllvX50cXC0,HllvX50cXC0,0,user2,2025-10-01T06:08:48.000+0000,,FALSE,null
hh_8e1_genitourinary_qtr,2022Q4,LAB04_Laboratory Name 4,HllvX50cXC0,HllvX50cXC0,136,user2,2025-10-01T06:08:48.000+0000,,FALSE,null
hh_8e1_genitourinary_qtr,2022Q3,LAB04_Laboratory Name 4,HllvX50cXC0,HllvX50cXC0,129,user2,2025-10-01T06:08:48.000+0000,,FALSE,null
hh_8e1_genitourinary_qtr,2024Q1,LAB04_Laboratory Name 4,HllvX50cXC0,HllvX50cXC0,2,user2,2025-10-01T06:08:48.000+0000,,FALSE,null
hh_8e1_genitourinary_qtr,2025Q2,LAB04_Laboratory Name 4,HllvX50cXC0,HllvX50cXC0,0,user1,2025-07-09T03:53:44.130+0000,,FALSE,null
hh_8e1_genitourinary_qtr,2024Q4,LAB04_Laboratory Name 4,HllvX50cXC0,HllvX50cXC0,3,user1,2025-01-10T02:58:22.623+0000,,FALSE,null
hh_8e1_genitourinary_qtr,2024Q2,LAB04_Laboratory Name 4,HllvX50cXC0,HllvX50cXC0,15,user1,2024-07-30T15:44:00.838+0000,,FALSE,null
hh_8e1_genitourinary_qtr,2024Q3,LAB04_Laboratory Name 4,HllvX50cXC0,HllvX50cXC0,5,user1,2024-10-29T12:26:55.133+0000,,FALSE,null
hh_8e1_genitourinary_qtr,2025Q1,LAB04_Laboratory Name 4,HllvX50cXC0,HllvX50cXC0,0,user1,2025-04-09T07:26:34.412+0000,,FALSE,null
hh_8e2_genitourinary_positive_qtr,2023Q4,LAB04_Laboratory Name 4,HllvX50cXC0,HllvX50cXC0,7,user2,2025-10-01T06:08:48.000+0000,,FALSE,null
hh_8e2_genitourinary_positive_qtr,2021Q2,LAB04_Laboratory Name 4,HllvX50cXC0,HllvX50cXC0,0,user2,2025-10-01T06:08:48.000+0000,,FALSE,null
hh_8e2_genitourinary_positive_qtr,2022Q4,LAB04_Laboratory Name 4,HllvX50cXC0,HllvX50cXC0,11,user2,2025-10-01T06:08:48.000+0000,,FALSE,null
hh_8e2_genitourinary_positive_qtr,2022Q3,LAB04_Laboratory Name 4,HllvX50cXC0,HllvX50cXC0,10,user2,2025-10-01T06:08:48.000+0000,,FALSE,null
hh_8e2_genitourinary_positive_qtr,2024Q1,LAB04_Laboratory Name 4,HllvX50cXC0,HllvX50cXC0,0,user2,2025-10-01T06:08:48.000+0000,,FALSE,null
hh_8e2_genitourinary_positive_qtr,2025Q2,LAB04_Laboratory Name 4,HllvX50cXC0,HllvX50cXC0,14,user1,2025-07-09T03:54:16.592+0000,,FALSE,null
hh_8e2_genitourinary_positive_qtr,2024Q4,LAB04_Laboratory Name 4,HllvX50cXC0,HllvX50cXC0,1,user1,2025-01-10T02:58:23.368+0000,,FALSE,null
hh_8e2_genitourinary_positive_qtr,2024Q2,LAB04_Laboratory Name 4,HllvX50cXC0,HllvX50cXC0,4,user1,2024-07-10T08:58:50.520+0000,,FALSE,null
hh_8e2_genitourinary_positive_qtr,2024Q3,LAB04_Laboratory Name 4,HllvX50cXC0,HllvX50cXC0,3,user1,2024-10-29T12:27:04.924+0000,,FALSE,null
hh_8e2_genitourinary_positive_qtr,2025Q1,LAB04_Laboratory Name 4,HllvX50cXC0,HllvX50cXC0,3,user1,2025-04-09T07:25:17.768+0000,,FALSE,null
hh_8f1_blood_qtr,2023Q4,LAB04_Laboratory Name 4,HllvX50cXC0,HllvX50cXC0,5887,user2,2025-10-01T06:08:48.000+0000,,FALSE,null
hh_8f1_blood_qtr,2021Q2,LAB04_Laboratory Name 4,HllvX50cXC0,HllvX50cXC0,4602,user2,2025-10-01T06:08:48.000+0000,,FALSE,null
hh_8f1_blood_qtr,2022Q4,LAB04_Laboratory Name 4,HllvX50cXC0,HllvX50cXC0,2746,user2,2025-10-01T06:08:48.000+0000,,FALSE,null
hh_8f1_blood_qtr,2022Q3,LAB04_Laboratory Name 4,HllvX50cXC0,HllvX50cXC0,2879,user2,2025-10-01T06:08:48.000+0000,,FALSE,null
hh_8f1_blood_qtr,2024Q1,LAB04_Laboratory Name 4,HllvX50cXC0,HllvX50cXC0,121,user2,2025-10-01T06:08:48.000+0000,,FALSE,null
hh_8f1_blood_qtr,2025Q2,LAB04_Laboratory Name 4,HllvX50cXC0,HllvX50cXC0,0,user1,2025-07-09T03:53:44.882+0000,,FALSE,null
hh_8f1_blood_qtr,2024Q4,LAB04_Laboratory Name 4,HllvX50cXC0,HllvX50cXC0,113,user1,2025-01-10T02:58:26.426+0000,,FALSE,null
hh_8f1_blood_qtr,2024Q2,LAB04_Laboratory Name 4,HllvX50cXC0,HllvX50cXC0,173,user1,2024-07-30T15:44:30.375+0000,,FALSE,null
hh_8f1_blood_qtr,2024Q3,LAB04_Laboratory Name 4,HllvX50cXC0,HllvX50cXC0,190,user1,2024-10-29T12:27:56.316+0000,,FALSE,null
hh_8f1_blood_qtr,2025Q1,LAB04_Laboratory Name 4,HllvX50cXC0,HllvX50cXC0,0,user1,2025-04-09T07:26:35.720+0000,,FALSE,null
hh_8f2_blood_positive_qtr,2023Q4,LAB04_Laboratory Name 4,HllvX50cXC0,HllvX50cXC0,181,user2,2025-10-01T06:08:48.000+0000,,FALSE,null
hh_8f2_blood_positive_qtr,2021Q2,LAB04_Laboratory Name 4,HllvX50cXC0,HllvX50cXC0,303,user2,2025-10-01T06:08:48.000+0000,,FALSE,null
hh_8f2_blood_positive_qtr,2022Q4,LAB04_Laboratory Name 4,HllvX50cXC0,HllvX50cXC0,197,user2,2025-10-01T06:08:48.000+0000,,FALSE,null
hh_8f2_blood_positive_qtr,2022Q3,LAB04_Laboratory Name 4,HllvX50cXC0,HllvX50cXC0,240,user2,2025-10-01T06:08:48.000+0000,,FALSE,null
hh_8f2_blood_positive_qtr,2024Q1,LAB04_Laboratory Name 4,HllvX50cXC0,HllvX50cXC0,48,user2,2025-10-01T06:08:48.000+0000,,FALSE,null
hh_8f2_blood_positive_qtr,2025Q2,LAB04_Laboratory Name 4,HllvX50cXC0,HllvX50cXC0,156,user1,2025-07-09T03:54:21.812+0000,,FALSE,null
hh_8f2_blood_positive_qtr,2024Q4,LAB04_Laboratory Name 4,HllvX50cXC0,HllvX50cXC0,35,user1,2025-01-10T02:58:29.447+0000,,FALSE,null
hh_8f2_blood_positive_qtr,2024Q2,LAB04_Laboratory Name 4,HllvX50cXC0,HllvX50cXC0,59,user1,2024-07-30T15:44:34.737+0000,,FALSE,null
hh_8f2_blood_positive_qtr,2024Q3,LAB04_Laboratory Name 4,HllvX50cXC0,HllvX50cXC0,62,user1,2024-10-29T12:28:00.207+0000,,FALSE,null
hh_8f2_blood_positive_qtr,2025Q1,LAB04_Laboratory Name 4,HllvX50cXC0,HllvX50cXC0,180,user1,2025-04-09T07:25:22.115+0000,,FALSE,null
hh_8g1_other_qtr,2025Q2,LAB04_Laboratory Name 4,HllvX50cXC0,HllvX50cXC0,0,user1,2025-07-09T03:53:38.069+0000,,FALSE,null
hh_8g1_other_qtr,2024Q4,LAB04_Laboratory Name 4,HllvX50cXC0,HllvX50cXC0,0,user1,2025-01-09T03:24:35.472+0000,,FALSE,null
hh_8g1_other_qtr,2024Q2,LAB04_Laboratory Name 4,HllvX50cXC0,HllvX50cXC0,0,user1,2024-07-30T15:40:12.721+0000,,FALSE,null
hh_8g1_other_qtr,2024Q3,LAB04_Laboratory Name 4,HllvX50cXC0,HllvX50cXC0,0,user1,2024-10-10T08:06:55.599+0000,,FALSE,null
hh_8g1_other_qtr,2025Q1,LAB04_Laboratory Name 4,HllvX50cXC0,HllvX50cXC0,0,user1,2025-04-09T04:58:02.434+0000,,FALSE,null
hh_8g2_other_positive_qtr,2025Q2,LAB04_Laboratory Name 4,HllvX50cXC0,HllvX50cXC0,0,user1,2025-07-09T03:53:39.646+0000,,FALSE,null
hh_8g2_other_positive_qtr,2024Q4,LAB04_Laboratory Name 4,HllvX50cXC0,HllvX50cXC0,0,user1,2025-01-09T03:24:36.991+0000,,FALSE,null
hh_8g2_other_positive_qtr,2024Q2,LAB04_Laboratory Name 4,HllvX50cXC0,HllvX50cXC0,0,user1,2024-07-30T15:40:24.286+0000,,FALSE,null
hh_8g2_other_positive_qtr,2024Q3,LAB04_Laboratory Name 4,HllvX50cXC0,HllvX50cXC0,0,user1,2024-10-10T08:06:56.468+0000,,FALSE,null
hh_8g2_other_positive_qtr,2025Q1,LAB04_Laboratory Name 4,HllvX50cXC0,HllvX50cXC0,0,user1,2025-04-09T04:58:04.489+0000,,FALSE,null
ah_10a1_env_farm_qtr,2025Q2,LAB04_Laboratory Name 4,HllvX50cXC0,HllvX50cXC0,0,user1,2025-06-30T08:23:21.699+0000,,FALSE,null
ah_10a1_env_farm_qtr,2024Q4,LAB04_Laboratory Name 4,HllvX50cXC0,HllvX50cXC0,0,user1,2025-01-10T02:59:07.747+0000,,FALSE,null
ah_10a1_env_farm_qtr,2025Q1,LAB04_Laboratory Name 4,HllvX50cXC0,HllvX50cXC0,0,user1,2025-04-09T04:58:06.104+0000,,FALSE,null
ah_10a2_env_abattoir_qtr,2025Q2,LAB04_Laboratory Name 4,HllvX50cXC0,HllvX50cXC0,0,user1,2025-06-30T08:23:20.944+0000,,FALSE,null
ah_10a2_env_abattoir_qtr,2024Q4,LAB04_Laboratory Name 4,HllvX50cXC0,HllvX50cXC0,0,user1,2025-01-10T02:59:08.341+0000,,FALSE,null
ah_10a2_env_abattoir_qtr,2025Q1,LAB04_Laboratory Name 4,HllvX50cXC0,HllvX50cXC0,0,user1,2025-04-09T04:58:07.087+0000,,FALSE,null
ah_10a3_env_drinking_qtr,2025Q2,LAB04_Laboratory Name 4,HllvX50cXC0,HllvX50cXC0,0,user1,2025-06-30T08:23:20.203+0000,,FALSE,null
ah_10a3_env_drinking_qtr,2024Q4,LAB04_Laboratory Name 4,HllvX50cXC0,HllvX50cXC0,0,user1,2025-01-10T02:59:08.655+0000,,FALSE,null
ah_10a3_env_drinking_qtr,2025Q1,LAB04_Laboratory Name 4,HllvX50cXC0,HllvX50cXC0,0,user1,2025-04-09T04:58:07.895+0000,,FALSE,null
ah_10a4_env_sewage_qtr,2025Q2,LAB04_Laboratory Name 4,HllvX50cXC0,HllvX50cXC0,0,user1,2025-06-30T08:23:22.354+0000,,FALSE,null
ah_10a4_env_sewage_qtr,2024Q4,LAB04_Laboratory Name 4,HllvX50cXC0,HllvX50cXC0,0,user1,2025-01-10T02:59:09.683+0000,,FALSE,null
ah_10a4_env_sewage_qtr,2025Q1,LAB04_Laboratory Name 4,HllvX50cXC0,HllvX50cXC0,0,user1,2025-04-09T04:58:08.818+0000,,FALSE,null
ah_10a5_env_surfacewtr_qtr,2025Q2,LAB04_Laboratory Name 4,HllvX50cXC0,HllvX50cXC0,0,user1,2025-06-30T08:23:18.913+0000,,FALSE,null
ah_10a5_env_surfacewtr_qtr,2024Q4,LAB04_Laboratory Name 4,HllvX50cXC0,HllvX50cXC0,0,user1,2025-01-10T02:59:10.283+0000,,FALSE,null
ah_10a5_env_surfacewtr_qtr,2025Q1,LAB04_Laboratory Name 4,HllvX50cXC0,HllvX50cXC0,0,user1,2025-04-09T04:58:09.795+0000,,FALSE,null
ah_10a6_env_tap_qtr,2025Q2,LAB04_Laboratory Name 4,HllvX50cXC0,HllvX50cXC0,0,user1,2025-06-30T08:23:22.693+0000,,FALSE,null
ah_10a6_env_tap_qtr,2024Q4,LAB04_Laboratory Name 4,HllvX50cXC0,HllvX50cXC0,0,user1,2025-01-10T02:59:11.020+0000,,FALSE,null
ah_10a6_env_tap_qtr,2025Q1,LAB04_Laboratory Name 4,HllvX50cXC0,HllvX50cXC0,0,user1,2025-04-09T04:58:10.774+0000,,FALSE,null
ah_10a7_env_bottledwtr_qtr,2025Q2,LAB04_Laboratory Name 4,HllvX50cXC0,HllvX50cXC0,0,user1,2025-06-30T08:23:17.749+0000,,FALSE,null
ah_10a7_env_bottledwtr_qtr,2024Q4,LAB04_Laboratory Name 4,HllvX50cXC0,HllvX50cXC0,0,user1,2025-01-10T02:59:11.711+0000,,FALSE,null
ah_10a7_env_bottledwtr_qtr,2025Q1,LAB04_Laboratory Name 4,HllvX50cXC0,HllvX50cXC0,0,user1,2025-04-09T04:58:11.691+0000,,FALSE,null
ah_10a8_env_aquaculture_qtr,2025Q2,LAB04_Laboratory Name 4,HllvX50cXC0,HllvX50cXC0,0,user1,2025-06-30T08:23:17.263+0000,,FALSE,null
ah_10a8_env_aquaculture_qtr,2024Q4,LAB04_Laboratory Name 4,HllvX50cXC0,HllvX50cXC0,0,user1,2025-01-10T02:59:12.893+0000,,FALSE,null
ah_10a8_env_aquaculture_qtr,2025Q1,LAB04_Laboratory Name 4,HllvX50cXC0,HllvX50cXC0,0,user1,2025-04-09T04:58:12.469+0000,,FALSE,null
ah_10a9_env_other_qtr,2025Q2,LAB04_Laboratory Name 4,HllvX50cXC0,HllvX50cXC0,0,user1,2025-06-30T08:23:16.389+0000,,FALSE,null
ah_10a9_env_other_qtr,2024Q4,LAB04_Laboratory Name 4,HllvX50cXC0,HllvX50cXC0,0,user1,2025-01-10T02:59:13.743+0000,,FALSE,null
ah_10a9_env_other_qtr,2025Q1,LAB04_Laboratory Name 4,HllvX50cXC0,HllvX50cXC0,0,user1,2025-04-09T04:58:13.311+0000,,FALSE,null
ah_11a1_food_chicken_qtr,2025Q2,LAB04_Laboratory Name 4,HllvX50cXC0,HllvX50cXC0,0,user1,2025-06-30T08:23:10.761+0000,,FALSE,null
ah_11a1_food_chicken_qtr,2024Q4,LAB04_Laboratory Name 4,HllvX50cXC0,HllvX50cXC0,0,user1,2025-01-10T02:59:14.309+0000,,FALSE,null
ah_11a1_food_chicken_qtr,2025Q1,LAB04_Laboratory Name 4,HllvX50cXC0,HllvX50cXC0,0,user1,2025-04-09T04:58:14.401+0000,,FALSE,null
ah_11a2_food_egg_qtr,2025Q2,LAB04_Laboratory Name 4,HllvX50cXC0,HllvX50cXC0,0,user1,2025-06-30T08:23:11.177+0000,,FALSE,null
ah_11a2_food_egg_qtr,2024Q4,LAB04_Laboratory Name 4,HllvX50cXC0,HllvX50cXC0,0,user1,2025-01-10T02:59:15.043+0000,,FALSE,null
ah_11a2_food_egg_qtr,2025Q1,LAB04_Laboratory Name 4,HllvX50cXC0,HllvX50cXC0,0,user1,2025-04-09T04:58:15.136+0000,,FALSE,null
ah_11a3_food_pork_qtr,2025Q2,LAB04_Laboratory Name 4,HllvX50cXC0,HllvX50cXC0,0,user1,2025-06-30T08:23:11.619+0000,,FALSE,null
ah_11a3_food_pork_qtr,2024Q4,LAB04_Laboratory Name 4,HllvX50cXC0,HllvX50cXC0,0,user1,2025-01-10T02:59:15.625+0000,,FALSE,null
ah_11a3_food_pork_qtr,2025Q1,LAB04_Laboratory Name 4,HllvX50cXC0,HllvX50cXC0,0,user1,2025-04-09T04:58:16.367+0000,,FALSE,null
ah_11a4_food_beef_qtr,2025Q2,LAB04_Laboratory Name 4,HllvX50cXC0,HllvX50cXC0,0,user1,2025-06-30T08:23:12.015+0000,,FALSE,null
ah_11a4_food_beef_qtr,2024Q4,LAB04_Laboratory Name 4,HllvX50cXC0,HllvX50cXC0,0,user1,2025-01-10T02:59:16.088+0000,,FALSE,null
ah_11a4_food_beef_qtr,2025Q1,LAB04_Laboratory Name 4,HllvX50cXC0,HllvX50cXC0,0,user1,2025-04-09T04:58:17.114+0000,,FALSE,null
ah_11a5_food_SmallRuminantMeat_qtr,2025Q2,LAB04_Laboratory Name 4,HllvX50cXC0,HllvX50cXC0,0,user1,2025-06-30T08:23:12.462+0000,,FALSE,null
ah_11a5_food_SmallRuminantMeat_qtr,2024Q4,LAB04_Laboratory Name 4,HllvX50cXC0,HllvX50cXC0,0,user1,2025-01-10T02:59:16.824+0000,,FALSE,null
ah_11a5_food_SmallRuminantMeat_qtr,2025Q1,LAB04_Laboratory Name 4,HllvX50cXC0,HllvX50cXC0,0,user1,2025-04-09T04:58:17.917+0000,,FALSE,null
ah_11a6_food_milk_qtr,2025Q2,LAB04_Laboratory Name 4,HllvX50cXC0,HllvX50cXC0,0,user1,2025-06-30T08:23:12.915+0000,,FALSE,null
ah_11a6_food_milk_qtr,2024Q4,LAB04_Laboratory Name 4,HllvX50cXC0,HllvX50cXC0,0,user1,2025-01-10T02:59:17.394+0000,,FALSE,null
ah_11a6_food_milk_qtr,2025Q1,LAB04_Laboratory Name 4,HllvX50cXC0,HllvX50cXC0,0,user1,2025-04-09T04:58:18.824+0000,,FALSE,null
ah_11a7_food_aquatic_qtr,2025Q2,LAB04_Laboratory Name 4,HllvX50cXC0,HllvX50cXC0,0,user1,2025-06-30T08:23:14.962+0000,,FALSE,null
ah_11a7_food_aquatic_qtr,2024Q4,LAB04_Laboratory Name 4,HllvX50cXC0,HllvX50cXC0,0,user1,2025-01-10T02:59:17.817+0000,,FALSE,null
ah_11a7_food_aquatic_qtr,2025Q1,LAB04_Laboratory Name 4,HllvX50cXC0,HllvX50cXC0,0,user1,2025-04-09T04:58:19.628+0000,,FALSE,null
ah_11a8_food_plants_qtr,2025Q2,LAB04_Laboratory Name 4,HllvX50cXC0,HllvX50cXC0,0,user1,2025-06-30T08:23:13.922+0000,,FALSE,null
ah_11a8_food_plants_qtr,2024Q4,LAB04_Laboratory Name 4,HllvX50cXC0,HllvX50cXC0,0,user1,2025-01-10T02:59:18.739+0000,,FALSE,null
ah_11a8_food_plants_qtr,2025Q1,LAB04_Laboratory Name 4,HllvX50cXC0,HllvX50cXC0,0,user1,2025-04-09T04:58:20.329+0000,,FALSE,null
ah_11a9_food_other_qtr,2025Q2,LAB04_Laboratory Name 4,HllvX50cXC0,HllvX50cXC0,0,user1,2025-06-30T08:23:14.432+0000,,FALSE,null
ah_11a9_food_other_qtr,2024Q4,LAB04_Laboratory Name 4,HllvX50cXC0,HllvX50cXC0,0,user1,2025-01-10T02:59:19.407+0000,,FALSE,null
ah_11a9_food_other_qtr,2025Q1,LAB04_Laboratory Name 4,HllvX50cXC0,HllvX50cXC0,0,user1,2025-04-09T04:58:21.213+0000,,FALSE,null
env_samples_qtr,2025Q2,LAB04_Laboratory Name 4,HllvX50cXC0,HllvX50cXC0,FALSE,user1,2025-07-09T03:52:15.307+0000,,FALSE,null
env_samples_qtr,2024Q4,LAB04_Laboratory Name 4,HllvX50cXC0,HllvX50cXC0,FALSE,user1,2025-01-09T02:58:43.246+0000,,FALSE,null
env_samples_qtr,2024Q3,LAB04_Laboratory Name 4,HllvX50cXC0,HllvX50cXC0,FALSE,user1,2024-10-10T08:05:53.019+0000,,FALSE,null
env_samples_qtr,2025Q1,LAB04_Laboratory Name 4,HllvX50cXC0,HllvX50cXC0,FALSE,user1,2025-04-09T04:57:46.535+0000,,FALSE,null
food_samples_qtr,2025Q2,LAB04_Laboratory Name 4,HllvX50cXC0,HllvX50cXC0,FALSE,user1,2025-07-09T03:52:16.111+0000,,FALSE,null
food_samples_qtr,2024Q4,LAB04_Laboratory Name 4,HllvX50cXC0,HllvX50cXC0,FALSE,user1,2025-01-09T02:58:44.204+0000,,FALSE,null
food_samples_qtr,2024Q3,LAB04_Laboratory Name 4,HllvX50cXC0,HllvX50cXC0,FALSE,user1,2024-10-10T08:05:53.599+0000,,FALSE,null
food_samples_qtr,2025Q1,LAB04_Laboratory Name 4,HllvX50cXC0,HllvX50cXC0,FALSE,user1,2025-04-09T04:57:47.804+0000,,FALSE,null
hh_samples_qtr,2025Q2,LAB04_Laboratory Name 4,HllvX50cXC0,HllvX50cXC0,TRUE,user1,2025-07-09T03:52:14.583+0000,,FALSE,null
hh_samples_qtr,2024Q4,LAB04_Laboratory Name 4,HllvX50cXC0,HllvX50cXC0,TRUE,user1,2025-01-09T02:58:42.511+0000,,FALSE,null
hh_samples_qtr,2024Q3,LAB04_Laboratory Name 4,HllvX50cXC0,HllvX50cXC0,TRUE,user1,2024-10-10T08:05:52.250+0000,,FALSE,null
hh_samples_qtr,2025Q1,LAB04_Laboratory Name 4,HllvX50cXC0,HllvX50cXC0,TRUE,user1,2025-04-09T04:57:44.739+0000,,FALSE,null
hh_8a1_cerebrospinalfluid_qtr,2023Q2,LAB03_Laboratory Name 3,HllvX50cXC0,HllvX50cXC0,305,user2,2025-10-01T06:08:48.000+0000,,FALSE,null
hh_8a1_cerebrospinalfluid_qtr,2023Q3,LAB03_Laboratory Name 3,HllvX50cXC0,HllvX50cXC0,619,user2,2025-10-01T06:08:48.000+0000,,FALSE,null
hh_8a1_cerebrospinalfluid_qtr,2023Q4,LAB03_Laboratory Name 3,HllvX50cXC0,HllvX50cXC0,631,user2,2025-10-01T06:08:48.000+0000,,FALSE,null
hh_8a1_cerebrospinalfluid_qtr,2023Q1,LAB03_Laboratory Name 3,HllvX50cXC0,HllvX50cXC0,460,user2,2025-10-01T06:08:48.000+0000,,FALSE,null
hh_8a1_cerebrospinalfluid_qtr,2022Q1,LAB03_Laboratory Name 3,HllvX50cXC0,HllvX50cXC0,251,user2,2025-10-01T06:08:48.000+0000,,FALSE,null
hh_8a1_cerebrospinalfluid_qtr,2021Q3,LAB03_Laboratory Name 3,HllvX50cXC0,HllvX50cXC0,127,user2,2025-10-01T06:08:48.000+0000,,FALSE,null
hh_8a1_cerebrospinalfluid_qtr,2021Q1,LAB03_Laboratory Name 3,HllvX50cXC0,HllvX50cXC0,538,user2,2025-10-01T06:08:48.000+0000,,FALSE,null
hh_8a1_cerebrospinalfluid_qtr,2022Q4,LAB03_Laboratory Name 3,HllvX50cXC0,HllvX50cXC0,542,user2,2025-10-01T06:08:48.000+0000,,FALSE,null
hh_8a1_cerebrospinalfluid_qtr,2022Q2,LAB03_Laboratory Name 3,HllvX50cXC0,HllvX50cXC0,468,user2,2025-10-01T06:08:48.000+0000,,FALSE,null
hh_8a1_cerebrospinalfluid_qtr,2021Q4,LAB03_Laboratory Name 3,HllvX50cXC0,HllvX50cXC0,217,user2,2025-10-01T06:08:48.000+0000,,FALSE,null
hh_8a1_cerebrospinalfluid_qtr,2022Q3,LAB03_Laboratory Name 3,HllvX50cXC0,HllvX50cXC0,523,user2,2025-10-01T06:08:48.000+0000,,FALSE,null
hh_8a1_cerebrospinalfluid_qtr,2024Q1,LAB03_Laboratory Name 3,HllvX50cXC0,HllvX50cXC0,658,user2,2025-10-01T06:08:48.000+0000,,FALSE,null
hh_8a1_cerebrospinalfluid_qtr,2025Q2,LAB03_Laboratory Name 3,HllvX50cXC0,HllvX50cXC0,811,user1,2025-07-07T03:20:29.853+0000,,FALSE,null
hh_8a1_cerebrospinalfluid_qtr,2024Q4,LAB03_Laboratory Name 3,HllvX50cXC0,HllvX50cXC0,747,user1,2025-01-07T04:02:28.500+0000,,FALSE,null
hh_8a1_cerebrospinalfluid_qtr,2024Q2,LAB03_Laboratory Name 3,HllvX50cXC0,HllvX50cXC0,820,user1,2024-07-08T06:42:56.846+0000,,FALSE,null
hh_8a1_cerebrospinalfluid_qtr,2024Q3,LAB03_Laboratory Name 3,HllvX50cXC0,HllvX50cXC0,665,user1,2024-10-10T04:00:42.315+0000,,FALSE,null
hh_8a1_cerebrospinalfluid_qtr,2025Q1,LAB03_Laboratory Name 3,HllvX50cXC0,HllvX50cXC0,776,user1,2025-04-05T06:12:39.090+0000,,FALSE,null
hh_8a2_cerebrospinalfluid_positive_qtr,2023Q2,LAB03_Laboratory Name 3,HllvX50cXC0,HllvX50cXC0,19,user2,2025-10-01T06:08:48.000+0000,,FALSE,null
hh_8a2_cerebrospinalfluid_positive_qtr,2023Q3,LAB03_Laboratory Name 3,HllvX50cXC0,HllvX50cXC0,41,user2,2025-10-01T06:08:48.000+0000,,FALSE,null
hh_8a2_cerebrospinalfluid_positive_qtr,2023Q4,LAB03_Laboratory Name 3,HllvX50cXC0,HllvX50cXC0,34,user2,2025-10-01T06:08:48.000+0000,,FALSE,null
hh_8a2_cerebrospinalfluid_positive_qtr,2023Q1,LAB03_Laboratory Name 3,HllvX50cXC0,HllvX50cXC0,34,user2,2025-10-01T06:08:48.000+0000,,FALSE,null
hh_8a2_cerebrospinalfluid_positive_qtr,2022Q1,LAB03_Laboratory Name 3,HllvX50cXC0,HllvX50cXC0,13,user2,2025-10-01T06:08:48.000+0000,,FALSE,null
hh_8a2_cerebrospinalfluid_positive_qtr,2021Q3,LAB03_Laboratory Name 3,HllvX50cXC0,HllvX50cXC0,6,user2,2025-10-01T06:08:48.000+0000,,FALSE,null
hh_8a2_cerebrospinalfluid_positive_qtr,2021Q1,LAB03_Laboratory Name 3,HllvX50cXC0,HllvX50cXC0,26,user2,2025-10-01T06:08:48.000+0000,,FALSE,null
hh_8a2_cerebrospinalfluid_positive_qtr,2022Q4,LAB03_Laboratory Name 3,HllvX50cXC0,HllvX50cXC0,25,user2,2025-10-01T06:08:48.000+0000,,FALSE,null
hh_8a2_cerebrospinalfluid_positive_qtr,2022Q2,LAB03_Laboratory Name 3,HllvX50cXC0,HllvX50cXC0,28,user2,2025-10-01T06:08:48.000+0000,,FALSE,null
hh_8a2_cerebrospinalfluid_positive_qtr,2021Q4,LAB03_Laboratory Name 3,HllvX50cXC0,HllvX50cXC0,16,user2,2025-10-01T06:08:48.000+0000,,FALSE,null
hh_8a2_cerebrospinalfluid_positive_qtr,2022Q3,LAB03_Laboratory Name 3,HllvX50cXC0,HllvX50cXC0,29,user2,2025-10-01T06:08:48.000+0000,,FALSE,null
hh_8a2_cerebrospinalfluid_positive_qtr,2024Q1,LAB03_Laboratory Name 3,HllvX50cXC0,HllvX50cXC0,49,user2,2025-10-01T06:08:48.000+0000,,FALSE,null
hh_8a2_cerebrospinalfluid_positive_qtr,2025Q2,LAB03_Laboratory Name 3,HllvX50cXC0,HllvX50cXC0,42,user1,2025-07-07T03:20:34.169+0000,,FALSE,null
hh_8a2_cerebrospinalfluid_positive_qtr,2024Q4,LAB03_Laboratory Name 3,HllvX50cXC0,HllvX50cXC0,46,user1,2025-01-07T04:02:36.638+0000,,FALSE,null
hh_8a2_cerebrospinalfluid_positive_qtr,2024Q2,LAB03_Laboratory Name 3,HllvX50cXC0,HllvX50cXC0,43,user1,2024-07-08T06:42:59.183+0000,,FALSE,null
hh_8a2_cerebrospinalfluid_positive_qtr,2024Q3,LAB03_Laboratory Name 3,HllvX50cXC0,HllvX50cXC0,43,user1,2024-10-10T04:00:45.384+0000,,FALSE,null
hh_8a2_cerebrospinalfluid_positive_qtr,2025Q1,LAB03_Laboratory Name 3,HllvX50cXC0,HllvX50cXC0,45,user1,2025-04-05T06:12:43.577+0000,,FALSE,null
hh_8b1_urine_qtr,2023Q2,LAB03_Laboratory Name 3,HllvX50cXC0,HllvX50cXC0,2730,user2,2025-10-01T06:08:48.000+0000,,FALSE,null
hh_8b1_urine_qtr,2023Q3,LAB03_Laboratory Name 3,HllvX50cXC0,HllvX50cXC0,2830,user2,2025-10-01T06:08:48.000+0000,,FALSE,null
hh_8b1_urine_qtr,2023Q4,LAB03_Laboratory Name 3,HllvX50cXC0,HllvX50cXC0,2825,user2,2025-10-01T06:08:48.000+0000,,FALSE,null
hh_8b1_urine_qtr,2023Q1,LAB03_Laboratory Name 3,HllvX50cXC0,HllvX50cXC0,1922,user2,2025-10-01T06:08:48.000+0000,,FALSE,null
hh_8b1_urine_qtr,2022Q1,LAB03_Laboratory Name 3,HllvX50cXC0,HllvX50cXC0,1805,user2,2025-10-01T06:08:48.000+0000,,FALSE,null
hh_8b1_urine_qtr,2021Q3,LAB03_Laboratory Name 3,HllvX50cXC0,HllvX50cXC0,671,user2,2025-10-01T06:08:48.000+0000,,FALSE,null
hh_8b1_urine_qtr,2021Q1,LAB03_Laboratory Name 3,HllvX50cXC0,HllvX50cXC0,2365,user2,2025-10-01T06:08:48.000+0000,,FALSE,null
hh_8b1_urine_qtr,2022Q4,LAB03_Laboratory Name 3,HllvX50cXC0,HllvX50cXC0,2403,user2,2025-10-01T06:08:48.000+0000,,FALSE,null
hh_8b1_urine_qtr,2022Q2,LAB03_Laboratory Name 3,HllvX50cXC0,HllvX50cXC0,2676,user2,2025-10-01T06:08:48.000+0000,,FALSE,null
hh_8b1_urine_qtr,2021Q4,LAB03_Laboratory Name 3,HllvX50cXC0,HllvX50cXC0,1424,user2,2025-10-01T06:08:48.000+0000,,FALSE,null
hh_8b1_urine_qtr,2022Q3,LAB03_Laboratory Name 3,HllvX50cXC0,HllvX50cXC0,2411,user2,2025-10-01T06:08:48.000+0000,,FALSE,null
hh_8b1_urine_qtr,2024Q1,LAB03_Laboratory Name 3,HllvX50cXC0,HllvX50cXC0,2698,user2,2025-10-01T06:08:48.000+0000,,FALSE,null
hh_8b1_urine_qtr,2025Q2,LAB03_Laboratory Name 3,HllvX50cXC0,HllvX50cXC0,2954,user1,2025-07-07T03:20:48.421+0000,,FALSE,null
hh_8b1_urine_qtr,2024Q4,LAB03_Laboratory Name 3,HllvX50cXC0,HllvX50cXC0,3015,user1,2025-01-07T04:02:41.760+0000,,FALSE,null
hh_8b1_urine_qtr,2024Q2,LAB03_Laboratory Name 3,HllvX50cXC0,HllvX50cXC0,3956,user1,2024-07-08T06:43:47.755+0000,,FALSE,null
hh_8b1_urine_qtr,2024Q3,LAB03_Laboratory Name 3,HllvX50cXC0,HllvX50cXC0,3285,user1,2024-10-10T04:00:53.604+0000,,FALSE,null
hh_8b1_urine_qtr,2025Q1,LAB03_Laboratory Name 3,HllvX50cXC0,HllvX50cXC0,2360,user1,2025-04-05T06:12:51.890+0000,,FALSE,null
hh_8b2_urine_positive_qtr,2023Q2,LAB03_Laboratory Name 3,HllvX50cXC0,HllvX50cXC0,709,user2,2025-10-01T06:08:48.000+0000,,FALSE,null
hh_8b2_urine_positive_qtr,2023Q3,LAB03_Laboratory Name 3,HllvX50cXC0,HllvX50cXC0,904,user2,2025-10-01T06:08:48.000+0000,,FALSE,null
hh_8b2_urine_positive_qtr,2023Q4,LAB03_Laboratory Name 3,HllvX50cXC0,HllvX50cXC0,880,user2,2025-10-01T06:08:48.000+0000,,FALSE,null
hh_8b2_urine_positive_qtr,2023Q1,LAB03_Laboratory Name 3,HllvX50cXC0,HllvX50cXC0,525,user2,2025-10-01T06:08:48.000+0000,,FALSE,null
hh_8b2_urine_positive_qtr,2022Q1,LAB03_Laboratory Name 3,HllvX50cXC0,HllvX50cXC0,438,user2,2025-10-01T06:08:48.000+0000,,FALSE,null
hh_8b2_urine_positive_qtr,2021Q3,LAB03_Laboratory Name 3,HllvX50cXC0,HllvX50cXC0,120,user2,2025-10-01T06:08:48.000+0000,,FALSE,null
hh_8b2_urine_positive_qtr,2021Q1,LAB03_Laboratory Name 3,HllvX50cXC0,HllvX50cXC0,582,user2,2025-10-01T06:08:48.000+0000,,FALSE,null
hh_8b2_urine_positive_qtr,2022Q4,LAB03_Laboratory Name 3,HllvX50cXC0,HllvX50cXC0,591,user2,2025-10-01T06:08:48.000+0000,,FALSE,null
hh_8b2_urine_positive_qtr,2022Q2,LAB03_Laboratory Name 3,HllvX50cXC0,HllvX50cXC0,691,user2,2025-10-01T06:08:48.000+0000,,FALSE,null
hh_8b2_urine_positive_qtr,2021Q4,LAB03_Laboratory Name 3,HllvX50cXC0,HllvX50cXC0,352,user2,2025-10-01T06:08:48.000+0000,,FALSE,null
hh_8b2_urine_positive_qtr,2022Q3,LAB03_Laboratory Name 3,HllvX50cXC0,HllvX50cXC0,597,user2,2025-10-01T06:08:48.000+0000,,FALSE,null
hh_8b2_urine_positive_qtr,2024Q1,LAB03_Laboratory Name 3,HllvX50cXC0,HllvX50cXC0,883,user2,2025-10-01T06:08:48.000+0000,,FALSE,null
hh_8b2_urine_positive_qtr,2025Q2,LAB03_Laboratory Name 3,HllvX50cXC0,HllvX50cXC0,729,user1,2025-07-07T03:21:46.000+0000,,FALSE,null
hh_8b2_urine_positive_qtr,2024Q4,LAB03_Laboratory Name 3,HllvX50cXC0,HllvX50cXC0,746,user1,2025-01-07T04:02:45.369+0000,,FALSE,null
hh_8b2_urine_positive_qtr,2024Q2,LAB03_Laboratory Name 3,HllvX50cXC0,HllvX50cXC0,1279,user1,2024-07-08T07:15:54.893+0000,,FALSE,null
hh_8b2_urine_positive_qtr,2024Q3,LAB03_Laboratory Name 3,HllvX50cXC0,HllvX50cXC0,863,user1,2024-10-10T04:00:56.519+0000,,FALSE,null
hh_8b2_urine_positive_qtr,2025Q1,LAB03_Laboratory Name 3,HllvX50cXC0,HllvX50cXC0,553,user1,2025-04-05T06:12:53.941+0000,,FALSE,null
hh_8c1_stool_qtr,2023Q2,LAB03_Laboratory Name 3,HllvX50cXC0,HllvX50cXC0,119,user2,2025-10-01T06:08:48.000+0000,,FALSE,null
hh_8c1_stool_qtr,2023Q3,LAB03_Laboratory Name 3,HllvX50cXC0,HllvX50cXC0,157,user2,2025-10-01T06:08:48.000+0000,,FALSE,null
hh_8c1_stool_qtr,2023Q4,LAB03_Laboratory Name 3,HllvX50cXC0,HllvX50cXC0,184,user2,2025-10-01T06:08:48.000+0000,,FALSE,null
hh_8c1_stool_qtr,2023Q1,LAB03_Laboratory Name 3,HllvX50cXC0,HllvX50cXC0,94,user2,2025-10-01T06:08:48.000+0000,,FALSE,null
hh_8c1_stool_qtr,2022Q1,LAB03_Laboratory Name 3,HllvX50cXC0,HllvX50cXC0,94,user2,2025-10-01T06:08:48.000+0000,,FALSE,null
hh_8c1_stool_qtr,2021Q3,LAB03_Laboratory Name 3,HllvX50cXC0,HllvX50cXC0,51,user2,2025-10-01T06:08:48.000+0000,,FALSE,null
hh_8c1_stool_qtr,2021Q1,LAB03_Laboratory Name 3,HllvX50cXC0,HllvX50cXC0,156,user2,2025-10-01T06:08:48.000+0000,,FALSE,null
hh_8c1_stool_qtr,2022Q4,LAB03_Laboratory Name 3,HllvX50cXC0,HllvX50cXC0,101,user2,2025-10-01T06:08:48.000+0000,,FALSE,null
hh_8c1_stool_qtr,2022Q2,LAB03_Laboratory Name 3,HllvX50cXC0,HllvX50cXC0,127,user2,2025-10-01T06:08:48.000+0000,,FALSE,null
hh_8c1_stool_qtr,2021Q4,LAB03_Laboratory Name 3,HllvX50cXC0,HllvX50cXC0,98,user2,2025-10-01T06:08:48.000+0000,,FALSE,null
hh_8c1_stool_qtr,2022Q3,LAB03_Laboratory Name 3,HllvX50cXC0,HllvX50cXC0,112,user2,2025-10-01T06:08:48.000+0000,,FALSE,null
hh_8c1_stool_qtr,2024Q1,LAB03_Laboratory Name 3,HllvX50cXC0,HllvX50cXC0,175,user2,2025-10-01T06:08:48.000+0000,,FALSE,null
hh_8c1_stool_qtr,2025Q2,LAB03_Laboratory Name 3,HllvX50cXC0,HllvX50cXC0,269,user1,2025-07-07T03:21:48.497+0000,,FALSE,null
hh_8c1_stool_qtr,2024Q4,LAB03_Laboratory Name 3,HllvX50cXC0,HllvX50cXC0,238,user1,2025-01-07T04:02:48.974+0000,,FALSE,null
hh_8c1_stool_qtr,2024Q2,LAB03_Laboratory Name 3,HllvX50cXC0,HllvX50cXC0,286,user1,2024-07-08T07:15:57.659+0000,,FALSE,null
hh_8c1_stool_qtr,2024Q3,LAB03_Laboratory Name 3,HllvX50cXC0,HllvX50cXC0,270,user1,2024-10-10T04:00:59.747+0000,,FALSE,null
hh_8c1_stool_qtr,2025Q1,LAB03_Laboratory Name 3,HllvX50cXC0,HllvX50cXC0,204,user1,2025-04-05T06:13:02.338+0000,,FALSE,null
hh_8c2_stool_positive_qtr,2023Q2,LAB03_Laboratory Name 3,HllvX50cXC0,HllvX50cXC0,2,user2,2025-10-01T06:08:48.000+0000,,FALSE,null
hh_8c2_stool_positive_qtr,2023Q3,LAB03_Laboratory Name 3,HllvX50cXC0,HllvX50cXC0,9,user2,2025-10-01T06:08:48.000+0000,,FALSE,null
hh_8c2_stool_positive_qtr,2023Q4,LAB03_Laboratory Name 3,HllvX50cXC0,HllvX50cXC0,7,user2,2025-10-01T06:08:48.000+0000,,FALSE,null
hh_8c2_stool_positive_qtr,2023Q1,LAB03_Laboratory Name 3,HllvX50cXC0,HllvX50cXC0,0,user2,2025-10-01T06:08:48.000+0000,,FALSE,null
hh_8c2_stool_positive_qtr,2022Q1,LAB03_Laboratory Name 3,HllvX50cXC0,HllvX50cXC0,1,user2,2025-10-01T06:08:48.000+0000,,FALSE,null
hh_8c2_stool_positive_qtr,2021Q3,LAB03_Laboratory Name 3,HllvX50cXC0,HllvX50cXC0,2,user2,2025-10-01T06:08:48.000+0000,,FALSE,null
hh_8c2_stool_positive_qtr,2021Q1,LAB03_Laboratory Name 3,HllvX50cXC0,HllvX50cXC0,11,user2,2025-10-01T06:08:48.000+0000,,FALSE,null
hh_8c2_stool_positive_qtr,2022Q4,LAB03_Laboratory Name 3,HllvX50cXC0,HllvX50cXC0,2,user2,2025-10-01T06:08:48.000+0000,,FALSE,null
hh_8c2_stool_positive_qtr,2022Q2,LAB03_Laboratory Name 3,HllvX50cXC0,HllvX50cXC0,1,user2,2025-10-01T06:08:48.000+0000,,FALSE,null
hh_8c2_stool_positive_qtr,2021Q4,LAB03_Laboratory Name 3,HllvX50cXC0,HllvX50cXC0,2,user2,2025-10-01T06:08:48.000+0000,,FALSE,null
hh_8c2_stool_positive_qtr,2022Q3,LAB03_Laboratory Name 3,HllvX50cXC0,HllvX50cXC0,1,user2,2025-10-01T06:08:48.000+0000,,FALSE,null
hh_8c2_stool_positive_qtr,2024Q1,LAB03_Laboratory Name 3,HllvX50cXC0,HllvX50cXC0,53,user2,2025-10-01T06:08:48.000+0000,,FALSE,null
hh_8c2_stool_positive_qtr,2025Q2,LAB03_Laboratory Name 3,HllvX50cXC0,HllvX50cXC0,22,user1,2025-07-07T03:21:50.863+0000,,FALSE,null
hh_8c2_stool_positive_qtr,2024Q4,LAB03_Laboratory Name 3,HllvX50cXC0,HllvX50cXC0,25,user1,2025-01-07T04:02:52.043+0000,,FALSE,null
hh_8c2_stool_positive_qtr,2024Q2,LAB03_Laboratory Name 3,HllvX50cXC0,HllvX50cXC0,78,user1,2024-07-08T07:15:59.988+0000,,FALSE,null
hh_8c2_stool_positive_qtr,2024Q3,LAB03_Laboratory Name 3,HllvX50cXC0,HllvX50cXC0,20,user1,2024-10-10T04:01:03.247+0000,,FALSE,null
hh_8c2_stool_positive_qtr,2025Q1,LAB03_Laboratory Name 3,HllvX50cXC0,HllvX50cXC0,24,user1,2025-04-05T06:13:03.770+0000,,FALSE,null
hh_8d1_pus_qtr,2023Q2,LAB03_Laboratory Name 3,HllvX50cXC0,HllvX50cXC0,1257,user2,2025-10-01T06:08:48.000+0000,,FALSE,null
hh_8d1_pus_qtr,2023Q3,LAB03_Laboratory Name 3,HllvX50cXC0,HllvX50cXC0,1591,user2,2025-10-01T06:08:48.000+0000,,FALSE,null
hh_8d1_pus_qtr,2023Q4,LAB03_Laboratory Name 3,HllvX50cXC0,HllvX50cXC0,1562,user2,2025-10-01T06:08:48.000+0000,,FALSE,null
hh_8d1_pus_qtr,2023Q1,LAB03_Laboratory Name 3,HllvX50cXC0,HllvX50cXC0,1258,user2,2025-10-01T06:08:48.000+0000,,FALSE,null
hh_8d1_pus_qtr,2022Q1,LAB03_Laboratory Name 3,HllvX50cXC0,HllvX50cXC0,2012,user2,2025-10-01T06:08:48.000+0000,,FALSE,null
hh_8d1_pus_qtr,2021Q3,LAB03_Laboratory Name 3,HllvX50cXC0,HllvX50cXC0,545,user2,2025-10-01T06:08:48.000+0000,,FALSE,null
hh_8d1_pus_qtr,2021Q1,LAB03_Laboratory Name 3,HllvX50cXC0,HllvX50cXC0,2038,user2,2025-10-01T06:08:48.000+0000,,FALSE,null
hh_8d1_pus_qtr,2022Q4,LAB03_Laboratory Name 3,HllvX50cXC0,HllvX50cXC0,1288,user2,2025-10-01T06:08:48.000+0000,,FALSE,null
hh_8d1_pus_qtr,2022Q2,LAB03_Laboratory Name 3,HllvX50cXC0,HllvX50cXC0,3610,user2,2025-10-01T06:08:48.000+0000,,FALSE,null
hh_8d1_pus_qtr,2021Q4,LAB03_Laboratory Name 3,HllvX50cXC0,HllvX50cXC0,1221,user2,2025-10-01T06:08:48.000+0000,,FALSE,null
hh_8d1_pus_qtr,2022Q3,LAB03_Laboratory Name 3,HllvX50cXC0,HllvX50cXC0,3520,user2,2025-10-01T06:08:48.000+0000,,FALSE,null
hh_8d1_pus_qtr,2024Q1,LAB03_Laboratory Name 3,HllvX50cXC0,HllvX50cXC0,1361,user2,2025-10-01T06:08:48.000+0000,,FALSE,null
hh_8d1_pus_qtr,2025Q2,LAB03_Laboratory Name 3,HllvX50cXC0,HllvX50cXC0,1368,user1,2025-07-07T03:22:00.196+0000,,FALSE,null
hh_8d1_pus_qtr,2024Q4,LAB03_Laboratory Name 3,HllvX50cXC0,HllvX50cXC0,1356,user1,2025-01-07T04:02:58.693+0000,,FALSE,null
hh_8d1_pus_qtr,2024Q2,LAB03_Laboratory Name 3,HllvX50cXC0,HllvX50cXC0,1555,user1,2024-07-08T07:16:08.776+0000,,FALSE,null
hh_8d1_pus_qtr,2024Q3,LAB03_Laboratory Name 3,HllvX50cXC0,HllvX50cXC0,1339,user1,2024-10-10T04:01:06.959+0000,,FALSE,null
hh_8d1_pus_qtr,2025Q1,LAB03_Laboratory Name 3,HllvX50cXC0,HllvX50cXC0,1240,user1,2025-04-05T06:13:11.065+0000,,FALSE,null
hh_8d2_pus_positive_qtr,2023Q2,LAB03_Laboratory Name 3,HllvX50cXC0,HllvX50cXC0,757,user2,2025-10-01T06:08:48.000+0000,,FALSE,null
hh_8d2_pus_positive_qtr,2023Q3,LAB03_Laboratory Name 3,HllvX50cXC0,HllvX50cXC0,935,user2,2025-10-01T06:08:48.000+0000,,FALSE,null
hh_8d2_pus_positive_qtr,2023Q4,LAB03_Laboratory Name 3,HllvX50cXC0,HllvX50cXC0,906,user2,2025-10-01T06:08:48.000+0000,,FALSE,null
hh_8d2_pus_positive_qtr,2023Q1,LAB03_Laboratory Name 3,HllvX50cXC0,HllvX50cXC0,767,user2,2025-10-01T06:08:48.000+0000,,FALSE,null
hh_8d2_pus_positive_qtr,2022Q1,LAB03_Laboratory Name 3,HllvX50cXC0,HllvX50cXC0,939,user2,2025-10-01T06:08:48.000+0000,,FALSE,null
hh_8d2_pus_positive_qtr,2021Q3,LAB03_Laboratory Name 3,HllvX50cXC0,HllvX50cXC0,272,user2,2025-10-01T06:08:48.000+0000,,FALSE,null
hh_8d2_pus_positive_qtr,2021Q1,LAB03_Laboratory Name 3,HllvX50cXC0,HllvX50cXC0,837,user2,2025-10-01T06:08:48.000+0000,,FALSE,null
hh_8d2_pus_positive_qtr,2022Q4,LAB03_Laboratory Name 3,HllvX50cXC0,HllvX50cXC0,693,user2,2025-10-01T06:08:48.000+0000,,FALSE,null
hh_8d2_pus_positive_qtr,2022Q2,LAB03_Laboratory Name 3,HllvX50cXC0,HllvX50cXC0,1809,user2,2025-10-01T06:08:48.000+0000,,FALSE,null
hh_8d2_pus_positive_qtr,2021Q4,LAB03_Laboratory Name 3,HllvX50cXC0,HllvX50cXC0,652,user2,2025-10-01T06:08:48.000+0000,,FALSE,null
hh_8d2_pus_positive_qtr,2022Q3,LAB03_Laboratory Name 3,HllvX50cXC0,HllvX50cXC0,1714,user2,2025-10-01T06:08:48.000+0000,,FALSE,null
hh_8d2_pus_positive_qtr,2024Q1,LAB03_Laboratory Name 3,HllvX50cXC0,HllvX50cXC0,794,user2,2025-10-01T06:08:48.000+0000,,FALSE,null
hh_8d2_pus_positive_qtr,2025Q2,LAB03_Laboratory Name 3,HllvX50cXC0,HllvX50cXC0,811,user1,2025-07-07T03:22:02.646+0000,,FALSE,null
hh_8d2_pus_positive_qtr,2024Q4,LAB03_Laboratory Name 3,HllvX50cXC0,HllvX50cXC0,845,user1,2025-01-07T04:03:03.985+0000,,FALSE,null
hh_8d2_pus_positive_qtr,2024Q2,LAB03_Laboratory Name 3,HllvX50cXC0,HllvX50cXC0,963,user1,2024-07-08T07:16:13.567+0000,,FALSE,null
hh_8d2_pus_positive_qtr,2024Q3,LAB03_Laboratory Name 3,HllvX50cXC0,HllvX50cXC0,790,user1,2024-10-10T04:01:10.115+0000,,FALSE,null
hh_8d2_pus_positive_qtr,2025Q1,LAB03_Laboratory Name 3,HllvX50cXC0,HllvX50cXC0,752,user1,2025-04-05T06:13:13.191+0000,,FALSE,null
hh_8e1_genitourinary_qtr,2023Q2,LAB03_Laboratory Name 3,HllvX50cXC0,HllvX50cXC0,9,user2,2025-10-01T06:08:48.000+0000,,FALSE,null
hh_8e1_genitourinary_qtr,2023Q3,LAB03_Laboratory Name 3,HllvX50cXC0,HllvX50cXC0,11,user2,2025-10-01T06:08:48.000+0000,,FALSE,null
hh_8e1_genitourinary_qtr,2023Q4,LAB03_Laboratory Name 3,HllvX50cXC0,HllvX50cXC0,12,user2,2025-10-01T06:08:48.000+0000,,FALSE,null
hh_8e1_genitourinary_qtr,2023Q1,LAB03_Laboratory Name 3,HllvX50cXC0,HllvX50cXC0,7,user2,2025-10-01T06:08:48.000+0000,,FALSE,null
hh_8e1_genitourinary_qtr,2022Q1,LAB03_Laboratory Name 3,HllvX50cXC0,HllvX50cXC0,10,user2,2025-10-01T06:08:48.000+0000,,FALSE,null
hh_8e1_genitourinary_qtr,2021Q3,LAB03_Laboratory Name 3,HllvX50cXC0,HllvX50cXC0,12,user2,2025-10-01T06:08:48.000+0000,,FALSE,null
hh_8e1_genitourinary_qtr,2021Q1,LAB03_Laboratory Name 3,HllvX50cXC0,HllvX50cXC0,6,user2,2025-10-01T06:08:48.000+0000,,FALSE,null
hh_8e1_genitourinary_qtr,2022Q4,LAB03_Laboratory Name 3,HllvX50cXC0,HllvX50cXC0,9,user2,2025-10-01T06:08:48.000+0000,,FALSE,null
hh_8e1_genitourinary_qtr,2022Q2,LAB03_Laboratory Name 3,HllvX50cXC0,HllvX50cXC0,37,user2,2025-10-01T06:08:48.000+0000,,FALSE,null
hh_8e1_genitourinary_qtr,2021Q4,LAB03_Laboratory Name 3,HllvX50cXC0,HllvX50cXC0,5,user2,2025-10-01T06:08:48.000+0000,,FALSE,null
hh_8e1_genitourinary_qtr,2022Q3,LAB03_Laboratory Name 3,HllvX50cXC0,HllvX50cXC0,41,user2,2025-10-01T06:08:48.000+0000,,FALSE,null
hh_8e1_genitourinary_qtr,2024Q1,LAB03_Laboratory Name 3,HllvX50cXC0,HllvX50cXC0,30,user2,2025-10-01T06:08:48.000+0000,,FALSE,null
hh_8e1_genitourinary_qtr,2025Q2,LAB03_Laboratory Name 3,HllvX50cXC0,HllvX50cXC0,7,user1,2025-07-07T03:22:05.168+0000,,FALSE,null
hh_8e1_genitourinary_qtr,2024Q4,LAB03_Laboratory Name 3,HllvX50cXC0,HllvX50cXC0,16,user1,2025-01-07T04:03:05.632+0000,,FALSE,null
hh_8e1_genitourinary_qtr,2024Q2,LAB03_Laboratory Name 3,HllvX50cXC0,HllvX50cXC0,24,user1,2024-07-08T07:16:19.618+0000,,FALSE,null
hh_8e1_genitourinary_qtr,2024Q3,LAB03_Laboratory Name 3,HllvX50cXC0,HllvX50cXC0,8,user1,2024-10-10T04:01:12.694+0000,,FALSE,null
hh_8e1_genitourinary_qtr,2025Q1,LAB03_Laboratory Name 3,HllvX50cXC0,HllvX50cXC0,6,user1,2025-04-05T06:13:20.256+0000,,FALSE,null
hh_8e2_genitourinary_positive_qtr,2023Q2,LAB03_Laboratory Name 3,HllvX50cXC0,HllvX50cXC0,3,user2,2025-10-01T06:08:48.000+0000,,FALSE,null
hh_8e2_genitourinary_positive_qtr,2023Q3,LAB03_Laboratory Name 3,HllvX50cXC0,HllvX50cXC0,2,user2,2025-10-01T06:08:48.000+0000,,FALSE,null
hh_8e2_genitourinary_positive_qtr,2023Q4,LAB03_Laboratory Name 3,HllvX50cXC0,HllvX50cXC0,5,user2,2025-10-01T06:08:48.000+0000,,FALSE,null
hh_8e2_genitourinary_positive_qtr,2023Q1,LAB03_Laboratory Name 3,HllvX50cXC0,HllvX50cXC0,4,user2,2025-10-01T06:08:48.000+0000,,FALSE,null
hh_8e2_genitourinary_positive_qtr,2022Q1,LAB03_Laboratory Name 3,HllvX50cXC0,HllvX50cXC0,7,user2,2025-10-01T06:08:48.000+0000,,FALSE,null
hh_8e2_genitourinary_positive_qtr,2021Q3,LAB03_Laboratory Name 3,HllvX50cXC0,HllvX50cXC0,3,user2,2025-10-01T06:08:48.000+0000,,FALSE,null
hh_8e2_genitourinary_positive_qtr,2021Q1,LAB03_Laboratory Name 3,HllvX50cXC0,HllvX50cXC0,1,user2,2025-10-01T06:08:48.000+0000,,FALSE,null
hh_8e2_genitourinary_positive_qtr,2022Q4,LAB03_Laboratory Name 3,HllvX50cXC0,HllvX50cXC0,2,user2,2025-10-01T06:08:48.000+0000,,FALSE,null
hh_8e2_genitourinary_positive_qtr,2022Q2,LAB03_Laboratory Name 3,HllvX50cXC0,HllvX50cXC0,26,user2,2025-10-01T06:08:48.000+0000,,FALSE,null
hh_8e2_genitourinary_positive_qtr,2021Q4,LAB03_Laboratory Name 3,HllvX50cXC0,HllvX50cXC0,3,user2,2025-10-01T06:08:48.000+0000,,FALSE,null
hh_8e2_genitourinary_positive_qtr,2022Q3,LAB03_Laboratory Name 3,HllvX50cXC0,HllvX50cXC0,25,user2,2025-10-01T06:08:48.000+0000,,FALSE,null
hh_8e2_genitourinary_positive_qtr,2024Q1,LAB03_Laboratory Name 3,HllvX50cXC0,HllvX50cXC0,8,user2,2025-10-01T06:08:48.000+0000,,FALSE,null
hh_8e2_genitourinary_positive_qtr,2025Q2,LAB03_Laboratory Name 3,HllvX50cXC0,HllvX50cXC0,1,user1,2025-07-07T03:22:05.658+0000,,FALSE,null
hh_8e2_genitourinary_positive_qtr,2024Q4,LAB03_Laboratory Name 3,HllvX50cXC0,HllvX50cXC0,1,user1,2025-01-07T04:03:06.959+0000,,FALSE,null
hh_8e2_genitourinary_positive_qtr,2024Q2,LAB03_Laboratory Name 3,HllvX50cXC0,HllvX50cXC0,9,user1,2024-07-08T07:16:22.097+0000,,FALSE,null
hh_8e2_genitourinary_positive_qtr,2024Q3,LAB03_Laboratory Name 3,HllvX50cXC0,HllvX50cXC0,8,user1,2024-10-10T04:01:14.031+0000,,FALSE,null
hh_8e2_genitourinary_positive_qtr,2025Q1,LAB03_Laboratory Name 3,HllvX50cXC0,HllvX50cXC0,2,user1,2025-04-05T06:13:21.690+0000,,FALSE,null
hh_8f1_blood_qtr,2023Q2,LAB03_Laboratory Name 3,HllvX50cXC0,HllvX50cXC0,9943,user2,2025-10-01T06:08:48.000+0000,,FALSE,null
hh_8f1_blood_qtr,2023Q3,LAB03_Laboratory Name 3,HllvX50cXC0,HllvX50cXC0,11997,user2,2025-10-01T06:08:48.000+0000,,FALSE,null
hh_8f1_blood_qtr,2023Q4,LAB03_Laboratory Name 3,HllvX50cXC0,HllvX50cXC0,12382,user2,2025-10-01T06:08:48.000+0000,,FALSE,null
hh_8f1_blood_qtr,2023Q1,LAB03_Laboratory Name 3,HllvX50cXC0,HllvX50cXC0,8694,user2,2025-10-01T06:08:48.000+0000,,FALSE,null
hh_8f1_blood_qtr,2022Q1,LAB03_Laboratory Name 3,HllvX50cXC0,HllvX50cXC0,7802,user2,2025-10-01T06:08:48.000+0000,,FALSE,null
hh_8f1_blood_qtr,2021Q3,LAB03_Laboratory Name 3,HllvX50cXC0,HllvX50cXC0,3894,user2,2025-10-01T06:08:48.000+0000,,FALSE,null
hh_8f1_blood_qtr,2021Q1,LAB03_Laboratory Name 3,HllvX50cXC0,HllvX50cXC0,9619,user2,2025-10-01T06:08:48.000+0000,,FALSE,null
hh_8f1_blood_qtr,2022Q4,LAB03_Laboratory Name 3,HllvX50cXC0,HllvX50cXC0,10525,user2,2025-10-01T06:08:48.000+0000,,FALSE,null
hh_8f1_blood_qtr,2022Q2,LAB03_Laboratory Name 3,HllvX50cXC0,HllvX50cXC0,10404,user2,2025-10-01T06:08:48.000+0000,,FALSE,null
hh_8f1_blood_qtr,2021Q4,LAB03_Laboratory Name 3,HllvX50cXC0,HllvX50cXC0,6741,user2,2025-10-01T06:08:48.000+0000,,FALSE,null
hh_8f1_blood_qtr,2022Q3,LAB03_Laboratory Name 3,HllvX50cXC0,HllvX50cXC0,10865,user2,2025-10-01T06:08:48.000+0000,,FALSE,null
hh_8f1_blood_qtr,2024Q1,LAB03_Laboratory Name 3,HllvX50cXC0,HllvX50cXC0,12176,user2,2025-10-01T06:08:48.000+0000,,FALSE,null
hh_8f1_blood_qtr,2025Q2,LAB03_Laboratory Name 3,HllvX50cXC0,HllvX50cXC0,12621,user1,2025-07-07T03:22:09.815+0000,,FALSE,null
hh_8f1_blood_qtr,2024Q4,LAB03_Laboratory Name 3,HllvX50cXC0,HllvX50cXC0,12699,user1,2025-01-07T04:03:23.258+0000,,FALSE,null
hh_8f1_blood_qtr,2024Q2,LAB03_Laboratory Name 3,HllvX50cXC0,HllvX50cXC0,15710,user1,2024-07-08T07:16:30.085+0000,,FALSE,null
hh_8f1_blood_qtr,2024Q3,LAB03_Laboratory Name 3,HllvX50cXC0,HllvX50cXC0,13652,user1,2024-10-10T04:01:20.308+0000,,FALSE,null
hh_8f1_blood_qtr,2025Q1,LAB03_Laboratory Name 3,HllvX50cXC0,HllvX50cXC0,11088,user1,2025-04-05T06:13:33.569+0000,,FALSE,null
hh_8f2_blood_positive_qtr,2023Q2,LAB03_Laboratory Name 3,HllvX50cXC0,HllvX50cXC0,886,user2,2025-10-01T06:08:48.000+0000,,FALSE,null
hh_8f2_blood_positive_qtr,2023Q3,LAB03_Laboratory Name 3,HllvX50cXC0,HllvX50cXC0,1130,user2,2025-10-01T06:08:48.000+0000,,FALSE,null
hh_8f2_blood_positive_qtr,2023Q4,LAB03_Laboratory Name 3,HllvX50cXC0,HllvX50cXC0,1269,user2,2025-10-01T06:08:48.000+0000,,FALSE,null
hh_8f2_blood_positive_qtr,2023Q1,LAB03_Laboratory Name 3,HllvX50cXC0,HllvX50cXC0,660,user2,2025-10-01T06:08:48.000+0000,,FALSE,null
hh_8f2_blood_positive_qtr,2022Q1,LAB03_Laboratory Name 3,HllvX50cXC0,HllvX50cXC0,889,user2,2025-10-01T06:08:48.000+0000,,FALSE,null
hh_8f2_blood_positive_qtr,2021Q3,LAB03_Laboratory Name 3,HllvX50cXC0,HllvX50cXC0,439,user2,2025-10-01T06:08:48.000+0000,,FALSE,null
hh_8f2_blood_positive_qtr,2021Q1,LAB03_Laboratory Name 3,HllvX50cXC0,HllvX50cXC0,1074,user2,2025-10-01T06:08:48.000+0000,,FALSE,null
hh_8f2_blood_positive_qtr,2022Q4,LAB03_Laboratory Name 3,HllvX50cXC0,HllvX50cXC0,757,user2,2025-10-01T06:08:48.000+0000,,FALSE,null
hh_8f2_blood_positive_qtr,2022Q2,LAB03_Laboratory Name 3,HllvX50cXC0,HllvX50cXC0,989,user2,2025-10-01T06:08:48.000+0000,,FALSE,null
hh_8f2_blood_positive_qtr,2021Q4,LAB03_Laboratory Name 3,HllvX50cXC0,HllvX50cXC0,731,user2,2025-10-01T06:08:48.000+0000,,FALSE,null
hh_8f2_blood_positive_qtr,2022Q3,LAB03_Laboratory Name 3,HllvX50cXC0,HllvX50cXC0,1002,user2,2025-10-01T06:08:48.000+0000,,FALSE,null
hh_8f2_blood_positive_qtr,2024Q1,LAB03_Laboratory Name 3,HllvX50cXC0,HllvX50cXC0,1161,user2,2025-10-01T06:08:48.000+0000,,FALSE,null
hh_8f2_blood_positive_qtr,2025Q2,LAB03_Laboratory Name 3,HllvX50cXC0,HllvX50cXC0,1199,user1,2025-07-07T03:22:11.813+0000,,FALSE,null
hh_8f2_blood_positive_qtr,2024Q4,LAB03_Laboratory Name 3,HllvX50cXC0,HllvX50cXC0,1106,user1,2025-01-07T04:03:27.101+0000,,FALSE,null
hh_8f2_blood_positive_qtr,2024Q2,LAB03_Laboratory Name 3,HllvX50cXC0,HllvX50cXC0,1487,user1,2024-07-08T07:16:37.350+0000,,FALSE,null
hh_8f2_blood_positive_qtr,2024Q3,LAB03_Laboratory Name 3,HllvX50cXC0,HllvX50cXC0,1302,user1,2024-10-10T04:01:22.136+0000,,FALSE,null
hh_8f2_blood_positive_qtr,2025Q1,LAB03_Laboratory Name 3,HllvX50cXC0,HllvX50cXC0,996,user1,2025-04-05T06:13:35.719+0000,,FALSE,null
hh_8g1_other_qtr,2025Q2,LAB03_Laboratory Name 3,HllvX50cXC0,HllvX50cXC0,0,user1,2025-07-07T03:22:17.145+0000,,FALSE,null
hh_8g1_other_qtr,2024Q4,LAB03_Laboratory Name 3,HllvX50cXC0,HllvX50cXC0,0,user1,2025-01-07T04:03:33.195+0000,,FALSE,null
hh_8g1_other_qtr,2024Q2,LAB03_Laboratory Name 3,HllvX50cXC0,HllvX50cXC0,0,user1,2024-07-30T16:04:32.520+0000,,FALSE,null
hh_8g1_other_qtr,2024Q3,LAB03_Laboratory Name 3,HllvX50cXC0,HllvX50cXC0,0,user1,2024-10-10T04:01:25.160+0000,,FALSE,null
hh_8g1_other_qtr,2025Q1,LAB03_Laboratory Name 3,HllvX50cXC0,HllvX50cXC0,0,user1,2025-04-05T06:13:41.928+0000,,FALSE,null
hh_8g2_other_positive_qtr,2025Q2,LAB03_Laboratory Name 3,HllvX50cXC0,HllvX50cXC0,0,user1,2025-07-07T03:22:17.576+0000,,FALSE,null
hh_8g2_other_positive_qtr,2024Q4,LAB03_Laboratory Name 3,HllvX50cXC0,HllvX50cXC0,0,user1,2025-01-07T04:03:34.022+0000,,FALSE,null
hh_8g2_other_positive_qtr,2024Q2,LAB03_Laboratory Name 3,HllvX50cXC0,HllvX50cXC0,0,user1,2024-07-30T16:04:37.736+0000,,FALSE,null
hh_8g2_other_positive_qtr,2024Q3,LAB03_Laboratory Name 3,HllvX50cXC0,HllvX50cXC0,0,user1,2024-10-10T04:01:25.754+0000,,FALSE,null
hh_8g2_other_positive_qtr,2025Q1,LAB03_Laboratory Name 3,HllvX50cXC0,HllvX50cXC0,0,user1,2025-04-05T06:13:42.990+0000,,FALSE,null
ah_10a1_env_farm_qtr,2025Q2,LAB03_Laboratory Name 3,HllvX50cXC0,HllvX50cXC0,0,user1,2025-06-30T08:11:11.137+0000,,FALSE,null
ah_10a1_env_farm_qtr,2024Q4,LAB03_Laboratory Name 3,HllvX50cXC0,HllvX50cXC0,0,user1,2025-01-10T03:29:50.302+0000,,FALSE,null
ah_10a1_env_farm_qtr,2025Q1,LAB03_Laboratory Name 3,HllvX50cXC0,HllvX50cXC0,0,user1,2025-04-05T06:14:31.117+0000,,FALSE,null
ah_10a2_env_abattoir_qtr,2025Q2,LAB03_Laboratory Name 3,HllvX50cXC0,HllvX50cXC0,0,user1,2025-06-30T08:11:10.635+0000,,FALSE,null
ah_10a2_env_abattoir_qtr,2024Q4,LAB03_Laboratory Name 3,HllvX50cXC0,HllvX50cXC0,0,user1,2025-01-10T03:29:50.699+0000,,FALSE,null
ah_10a2_env_abattoir_qtr,2025Q1,LAB03_Laboratory Name 3,HllvX50cXC0,HllvX50cXC0,0,user1,2025-04-05T06:14:32.039+0000,,FALSE,null
ah_10a3_env_drinking_qtr,2025Q2,LAB03_Laboratory Name 3,HllvX50cXC0,HllvX50cXC0,0,user1,2025-06-30T08:11:10.110+0000,,FALSE,null
ah_10a3_env_drinking_qtr,2024Q4,LAB03_Laboratory Name 3,HllvX50cXC0,HllvX50cXC0,0,user1,2025-01-10T03:29:51.554+0000,,FALSE,null
ah_10a3_env_drinking_qtr,2025Q1,LAB03_Laboratory Name 3,HllvX50cXC0,HllvX50cXC0,0,user1,2025-04-05T06:14:32.721+0000,,FALSE,null
ah_10a4_env_sewage_qtr,2025Q2,LAB03_Laboratory Name 3,HllvX50cXC0,HllvX50cXC0,0,user1,2025-06-30T08:11:09.575+0000,,FALSE,null
ah_10a4_env_sewage_qtr,2024Q4,LAB03_Laboratory Name 3,HllvX50cXC0,HllvX50cXC0,0,user1,2025-01-10T03:29:52.109+0000,,FALSE,null
ah_10a4_env_sewage_qtr,2025Q1,LAB03_Laboratory Name 3,HllvX50cXC0,HllvX50cXC0,0,user1,2025-04-05T06:14:33.575+0000,,FALSE,null
ah_10a5_env_surfacewtr_qtr,2025Q2,LAB03_Laboratory Name 3,HllvX50cXC0,HllvX50cXC0,0,user1,2025-06-30T08:11:09.008+0000,,FALSE,null
ah_10a5_env_surfacewtr_qtr,2024Q4,LAB03_Laboratory Name 3,HllvX50cXC0,HllvX50cXC0,0,user1,2025-01-10T03:29:53.621+0000,,FALSE,null
ah_10a5_env_surfacewtr_qtr,2025Q1,LAB03_Laboratory Name 3,HllvX50cXC0,HllvX50cXC0,0,user1,2025-04-05T06:14:34.393+0000,,FALSE,null
ah_10a6_env_tap_qtr,2025Q2,LAB03_Laboratory Name 3,HllvX50cXC0,HllvX50cXC0,0,user1,2025-06-30T08:11:08.578+0000,,FALSE,null
ah_10a6_env_tap_qtr,2024Q4,LAB03_Laboratory Name 3,HllvX50cXC0,HllvX50cXC0,0,user1,2025-01-10T03:29:53.817+0000,,FALSE,null
ah_10a6_env_tap_qtr,2025Q1,LAB03_Laboratory Name 3,HllvX50cXC0,HllvX50cXC0,0,user1,2025-04-05T06:14:35.182+0000,,FALSE,null
ah_10a7_env_bottledwtr_qtr,2025Q2,LAB03_Laboratory Name 3,HllvX50cXC0,HllvX50cXC0,0,user1,2025-06-30T08:11:08.153+0000,,FALSE,null
ah_10a7_env_bottledwtr_qtr,2024Q4,LAB03_Laboratory Name 3,HllvX50cXC0,HllvX50cXC0,0,user1,2025-01-10T03:29:55.131+0000,,FALSE,null
ah_10a7_env_bottledwtr_qtr,2025Q1,LAB03_Laboratory Name 3,HllvX50cXC0,HllvX50cXC0,0,user1,2025-04-05T06:14:36.135+0000,,FALSE,null
ah_10a8_env_aquaculture_qtr,2025Q2,LAB03_Laboratory Name 3,HllvX50cXC0,HllvX50cXC0,0,user1,2025-06-30T08:11:07.176+0000,,FALSE,null
ah_10a8_env_aquaculture_qtr,2024Q4,LAB03_Laboratory Name 3,HllvX50cXC0,HllvX50cXC0,0,user1,2025-01-10T03:29:55.304+0000,,FALSE,null
ah_10a8_env_aquaculture_qtr,2025Q1,LAB03_Laboratory Name 3,HllvX50cXC0,HllvX50cXC0,0,user1,2025-04-05T06:14:37.262+0000,,FALSE,null
ah_10a9_env_other_qtr,2025Q2,LAB03_Laboratory Name 3,HllvX50cXC0,HllvX50cXC0,0,user1,2025-06-30T08:11:06.663+0000,,FALSE,null
ah_10a9_env_other_qtr,2024Q4,LAB03_Laboratory Name 3,HllvX50cXC0,HllvX50cXC0,0,user1,2025-01-10T03:29:56.072+0000,,FALSE,null
ah_10a9_env_other_qtr,2025Q1,LAB03_Laboratory Name 3,HllvX50cXC0,HllvX50cXC0,0,user1,2025-04-05T06:14:38.389+0000,,FALSE,null
ah_11a1_food_chicken_qtr,2025Q2,LAB03_Laboratory Name 3,HllvX50cXC0,HllvX50cXC0,0,user1,2025-06-30T08:11:00.897+0000,,FALSE,null
ah_11a1_food_chicken_qtr,2024Q4,LAB03_Laboratory Name 3,HllvX50cXC0,HllvX50cXC0,0,user1,2025-01-10T03:29:56.457+0000,,FALSE,null
ah_11a1_food_chicken_qtr,2025Q1,LAB03_Laboratory Name 3,HllvX50cXC0,HllvX50cXC0,0,user1,2025-04-05T06:14:42.535+0000,,FALSE,null
ah_11a2_food_egg_qtr,2025Q2,LAB03_Laboratory Name 3,HllvX50cXC0,HllvX50cXC0,0,user1,2025-06-30T08:11:01.438+0000,,FALSE,null
ah_11a2_food_egg_qtr,2024Q4,LAB03_Laboratory Name 3,HllvX50cXC0,HllvX50cXC0,0,user1,2025-01-10T03:29:57.478+0000,,FALSE,null
ah_11a2_food_egg_qtr,2025Q1,LAB03_Laboratory Name 3,HllvX50cXC0,HllvX50cXC0,0,user1,2025-04-05T06:14:43.509+0000,,FALSE,null
ah_11a3_food_pork_qtr,2025Q2,LAB03_Laboratory Name 3,HllvX50cXC0,HllvX50cXC0,0,user1,2025-06-30T08:11:01.968+0000,,FALSE,null
ah_11a3_food_pork_qtr,2024Q4,LAB03_Laboratory Name 3,HllvX50cXC0,HllvX50cXC0,0,user1,2025-01-10T03:29:57.885+0000,,FALSE,null
ah_11a3_food_pork_qtr,2025Q1,LAB03_Laboratory Name 3,HllvX50cXC0,HllvX50cXC0,0,user1,2025-04-05T06:14:44.295+0000,,FALSE,null
ah_11a4_food_beef_qtr,2025Q2,LAB03_Laboratory Name 3,HllvX50cXC0,HllvX50cXC0,0,user1,2025-06-30T08:11:02.356+0000,,FALSE,null
ah_11a4_food_beef_qtr,2024Q4,LAB03_Laboratory Name 3,HllvX50cXC0,HllvX50cXC0,0,user1,2025-01-10T03:29:58.433+0000,,FALSE,null
ah_11a4_food_beef_qtr,2025Q1,LAB03_Laboratory Name 3,HllvX50cXC0,HllvX50cXC0,0,user1,2025-04-05T06:14:45.145+0000,,FALSE,null
ah_11a5_food_SmallRuminantMeat_qtr,2025Q2,LAB03_Laboratory Name 3,HllvX50cXC0,HllvX50cXC0,0,user1,2025-06-30T08:11:05.338+0000,,FALSE,null
ah_11a5_food_SmallRuminantMeat_qtr,2024Q4,LAB03_Laboratory Name 3,HllvX50cXC0,HllvX50cXC0,0,user1,2025-01-10T03:29:59.427+0000,,FALSE,null
ah_11a5_food_SmallRuminantMeat_qtr,2025Q1,LAB03_Laboratory Name 3,HllvX50cXC0,HllvX50cXC0,0,user1,2025-04-05T06:14:46.067+0000,,FALSE,null
ah_11a6_food_milk_qtr,2025Q2,LAB03_Laboratory Name 3,HllvX50cXC0,HllvX50cXC0,0,user1,2025-06-30T08:11:03.195+0000,,FALSE,null
ah_11a6_food_milk_qtr,2024Q4,LAB03_Laboratory Name 3,HllvX50cXC0,HllvX50cXC0,0,user1,2025-01-10T03:29:59.599+0000,,FALSE,null
ah_11a6_food_milk_qtr,2025Q1,LAB03_Laboratory Name 3,HllvX50cXC0,HllvX50cXC0,0,user1,2025-04-05T06:14:47.091+0000,,FALSE,null
ah_11a7_food_aquatic_qtr,2025Q2,LAB03_Laboratory Name 3,HllvX50cXC0,HllvX50cXC0,0,user1,2025-06-30T08:11:04.969+0000,,FALSE,null
ah_11a7_food_aquatic_qtr,2024Q4,LAB03_Laboratory Name 3,HllvX50cXC0,HllvX50cXC0,0,user1,2025-01-10T03:29:59.945+0000,,FALSE,null
ah_11a7_food_aquatic_qtr,2025Q1,LAB03_Laboratory Name 3,HllvX50cXC0,HllvX50cXC0,0,user1,2025-04-05T06:14:48.321+0000,,FALSE,null
ah_11a8_food_plants_qtr,2025Q2,LAB03_Laboratory Name 3,HllvX50cXC0,HllvX50cXC0,0,user1,2025-06-30T08:11:03.961+0000,,FALSE,null
ah_11a8_food_plants_qtr,2024Q4,LAB03_Laboratory Name 3,HllvX50cXC0,HllvX50cXC0,0,user1,2025-01-10T03:30:01.196+0000,,FALSE,null
ah_11a8_food_plants_qtr,2025Q1,LAB03_Laboratory Name 3,HllvX50cXC0,HllvX50cXC0,0,user1,2025-04-05T06:14:49.139+0000,,FALSE,null
ah_11a9_food_other_qtr,2025Q2,LAB03_Laboratory Name 3,HllvX50cXC0,HllvX50cXC0,0,user1,2025-06-30T08:11:04.446+0000,,FALSE,null
ah_11a9_food_other_qtr,2024Q4,LAB03_Laboratory Name 3,HllvX50cXC0,HllvX50cXC0,0,user1,2025-01-10T03:30:01.629+0000,,FALSE,null
ah_11a9_food_other_qtr,2025Q1,LAB03_Laboratory Name 3,HllvX50cXC0,HllvX50cXC0,0,user1,2025-04-05T06:14:50.062+0000,,FALSE,null
env_samples_qtr,2025Q2,LAB03_Laboratory Name 3,HllvX50cXC0,HllvX50cXC0,FALSE,user1,2025-07-07T03:20:30.625+0000,,FALSE,null
env_samples_qtr,2024Q4,LAB03_Laboratory Name 3,HllvX50cXC0,HllvX50cXC0,FALSE,user1,2025-01-07T04:02:22.327+0000,,FALSE,null
env_samples_qtr,2024Q3,LAB03_Laboratory Name 3,HllvX50cXC0,HllvX50cXC0,FALSE,user1,2024-10-10T04:00:00.137+0000,,FALSE,null
env_samples_qtr,2025Q1,LAB03_Laboratory Name 3,HllvX50cXC0,HllvX50cXC0,FALSE,user1,2025-04-05T06:12:26.599+0000,,FALSE,null
food_samples_qtr,2025Q2,LAB03_Laboratory Name 3,HllvX50cXC0,HllvX50cXC0,FALSE,user1,2025-07-07T03:20:31.105+0000,,FALSE,null
food_samples_qtr,2024Q4,LAB03_Laboratory Name 3,HllvX50cXC0,HllvX50cXC0,FALSE,user1,2025-01-07T04:02:23.521+0000,,FALSE,null
food_samples_qtr,2024Q3,LAB03_Laboratory Name 3,HllvX50cXC0,HllvX50cXC0,FALSE,user1,2024-10-10T04:00:01.052+0000,,FALSE,null
food_samples_qtr,2025Q1,LAB03_Laboratory Name 3,HllvX50cXC0,HllvX50cXC0,FALSE,user1,2025-04-05T06:12:27.830+0000,,FALSE,null
hh_samples_qtr,2025Q2,LAB03_Laboratory Name 3,HllvX50cXC0,HllvX50cXC0,TRUE,user1,2025-07-07T03:20:29.883+0000,,FALSE,null
hh_samples_qtr,2024Q4,LAB03_Laboratory Name 3,HllvX50cXC0,HllvX50cXC0,TRUE,user1,2025-01-07T04:02:21.949+0000,,FALSE,null
hh_samples_qtr,2024Q3,LAB03_Laboratory Name 3,HllvX50cXC0,HllvX50cXC0,TRUE,user1,2024-10-10T03:59:59.660+0000,,FALSE,null
hh_samples_qtr,2025Q1,LAB03_Laboratory Name 3,HllvX50cXC0,HllvX50cXC0,TRUE,user1,2025-04-05T06:12:22.299+0000,,FALSE,null
hh_8a1_cerebrospinalfluid_qtr,2023Q2,LAB05_Laboratory Name 5,HllvX50cXC0,HllvX50cXC0,257,user2,2025-10-01T06:08:48.000+0000,,FALSE,null
hh_8a1_cerebrospinalfluid_qtr,2023Q3,LAB05_Laboratory Name 5,HllvX50cXC0,HllvX50cXC0,167,user2,2025-10-01T06:08:48.000+0000,,FALSE,null
hh_8a1_cerebrospinalfluid_qtr,2023Q4,LAB05_Laboratory Name 5,HllvX50cXC0,HllvX50cXC0,189,user2,2025-10-01T06:08:48.000+0000,,FALSE,null
hh_8a1_cerebrospinalfluid_qtr,2023Q1,LAB05_Laboratory Name 5,HllvX50cXC0,HllvX50cXC0,248,user2,2025-10-01T06:08:48.000+0000,,FALSE,null
hh_8a1_cerebrospinalfluid_qtr,2024Q1,LAB05_Laboratory Name 5,HllvX50cXC0,HllvX50cXC0,165,user2,2025-10-01T06:08:48.000+0000,,FALSE,null
hh_8a1_cerebrospinalfluid_qtr,2025Q2,LAB05_Laboratory Name 5,HllvX50cXC0,HllvX50cXC0,0,user1,2025-07-10T04:39:01.104+0000,,FALSE,null
hh_8a1_cerebrospinalfluid_qtr,2024Q4,LAB05_Laboratory Name 5,HllvX50cXC0,HllvX50cXC0,89,user1,2025-01-10T03:31:06.366+0000,,FALSE,null
hh_8a1_cerebrospinalfluid_qtr,2024Q2,LAB05_Laboratory Name 5,HllvX50cXC0,HllvX50cXC0,232,user1,2024-07-10T08:36:16.633+0000,,FALSE,null
hh_8a1_cerebrospinalfluid_qtr,2024Q3,LAB05_Laboratory Name 5,HllvX50cXC0,HllvX50cXC0,285,user1,2024-11-08T15:47:32.617+0000,,FALSE,null
hh_8a1_cerebrospinalfluid_qtr,2025Q1,LAB05_Laboratory Name 5,HllvX50cXC0,HllvX50cXC0,163,user1,2025-04-09T07:27:19.614+0000,,FALSE,null
hh_8a2_cerebrospinalfluid_positive_qtr,2023Q2,LAB05_Laboratory Name 5,HllvX50cXC0,HllvX50cXC0,16,user2,2025-10-01T06:08:48.000+0000,,FALSE,null
hh_8a2_cerebrospinalfluid_positive_qtr,2023Q3,LAB05_Laboratory Name 5,HllvX50cXC0,HllvX50cXC0,13,user2,2025-10-01T06:08:48.000+0000,,FALSE,null
hh_8a2_cerebrospinalfluid_positive_qtr,2023Q4,LAB05_Laboratory Name 5,HllvX50cXC0,HllvX50cXC0,12,user2,2025-10-01T06:08:48.000+0000,,FALSE,null
hh_8a2_cerebrospinalfluid_positive_qtr,2023Q1,LAB05_Laboratory Name 5,HllvX50cXC0,HllvX50cXC0,15,user2,2025-10-01T06:08:48.000+0000,,FALSE,null
hh_8a2_cerebrospinalfluid_positive_qtr,2024Q1,LAB05_Laboratory Name 5,HllvX50cXC0,HllvX50cXC0,9,user2,2025-10-01T06:08:48.000+0000,,FALSE,null
hh_8a2_cerebrospinalfluid_positive_qtr,2025Q2,LAB05_Laboratory Name 5,HllvX50cXC0,HllvX50cXC0,0,user1,2025-07-10T04:39:02.098+0000,,FALSE,null
hh_8a2_cerebrospinalfluid_positive_qtr,2024Q4,LAB05_Laboratory Name 5,HllvX50cXC0,HllvX50cXC0,7,user1,2025-01-10T03:31:07.244+0000,,FALSE,null
hh_8a2_cerebrospinalfluid_positive_qtr,2024Q2,LAB05_Laboratory Name 5,HllvX50cXC0,HllvX50cXC0,7,user1,2024-07-10T08:36:18.632+0000,,FALSE,null
hh_8a2_cerebrospinalfluid_positive_qtr,2024Q3,LAB05_Laboratory Name 5,HllvX50cXC0,HllvX50cXC0,9,user1,2024-11-08T15:47:37.063+0000,,FALSE,null
hh_8a2_cerebrospinalfluid_positive_qtr,2025Q1,LAB05_Laboratory Name 5,HllvX50cXC0,HllvX50cXC0,10,user1,2025-04-09T07:27:20.655+0000,,FALSE,null
hh_8b1_urine_qtr,2023Q2,LAB05_Laboratory Name 5,HllvX50cXC0,HllvX50cXC0,1018,user2,2025-10-01T06:08:48.000+0000,,FALSE,null
hh_8b1_urine_qtr,2023Q3,LAB05_Laboratory Name 5,HllvX50cXC0,HllvX50cXC0,724,user2,2025-10-01T06:08:48.000+0000,,FALSE,null
hh_8b1_urine_qtr,2023Q4,LAB05_Laboratory Name 5,HllvX50cXC0,HllvX50cXC0,526,user2,2025-10-01T06:08:48.000+0000,,FALSE,null
hh_8b1_urine_qtr,2023Q1,LAB05_Laboratory Name 5,HllvX50cXC0,HllvX50cXC0,972,user2,2025-10-01T06:08:48.000+0000,,FALSE,null
hh_8b1_urine_qtr,2024Q1,LAB05_Laboratory Name 5,HllvX50cXC0,HllvX50cXC0,270,user2,2025-10-01T06:08:48.000+0000,,FALSE,null
hh_8b1_urine_qtr,2025Q2,LAB05_Laboratory Name 5,HllvX50cXC0,HllvX50cXC0,0,user1,2025-07-10T04:39:03.332+0000,,FALSE,null
hh_8b1_urine_qtr,2024Q4,LAB05_Laboratory Name 5,HllvX50cXC0,HllvX50cXC0,407,user1,2025-01-10T03:31:11.250+0000,,FALSE,null
hh_8b1_urine_qtr,2024Q2,LAB05_Laboratory Name 5,HllvX50cXC0,HllvX50cXC0,1114,user1,2024-07-10T08:36:49.307+0000,,FALSE,null
hh_8b1_urine_qtr,2024Q3,LAB05_Laboratory Name 5,HllvX50cXC0,HllvX50cXC0,1320,user1,2024-11-08T15:48:14.487+0000,,FALSE,null
hh_8b1_urine_qtr,2025Q1,LAB05_Laboratory Name 5,HllvX50cXC0,HllvX50cXC0,501,user1,2025-04-09T07:27:24.392+0000,,FALSE,null
hh_8b2_urine_positive_qtr,2023Q2,LAB05_Laboratory Name 5,HllvX50cXC0,HllvX50cXC0,264,user2,2025-10-01T06:08:48.000+0000,,FALSE,null
hh_8b2_urine_positive_qtr,2023Q3,LAB05_Laboratory Name 5,HllvX50cXC0,HllvX50cXC0,220,user2,2025-10-01T06:08:48.000+0000,,FALSE,null
hh_8b2_urine_positive_qtr,2023Q4,LAB05_Laboratory Name 5,HllvX50cXC0,HllvX50cXC0,119,user2,2025-10-01T06:08:48.000+0000,,FALSE,null
hh_8b2_urine_positive_qtr,2023Q1,LAB05_Laboratory Name 5,HllvX50cXC0,HllvX50cXC0,278,user2,2025-10-01T06:08:48.000+0000,,FALSE,null
hh_8b2_urine_positive_qtr,2024Q1,LAB05_Laboratory Name 5,HllvX50cXC0,HllvX50cXC0,67,user2,2025-10-01T06:08:48.000+0000,,FALSE,null
hh_8b2_urine_positive_qtr,2025Q2,LAB05_Laboratory Name 5,HllvX50cXC0,HllvX50cXC0,0,user1,2025-07-10T04:39:03.770+0000,,FALSE,null
hh_8b2_urine_positive_qtr,2024Q4,LAB05_Laboratory Name 5,HllvX50cXC0,HllvX50cXC0,119,user1,2025-01-10T03:31:12.281+0000,,FALSE,null
hh_8b2_urine_positive_qtr,2024Q2,LAB05_Laboratory Name 5,HllvX50cXC0,HllvX50cXC0,282,user1,2024-07-10T08:36:55.138+0000,,FALSE,null
hh_8b2_urine_positive_qtr,2024Q3,LAB05_Laboratory Name 5,HllvX50cXC0,HllvX50cXC0,348,user1,2024-11-08T15:48:22.864+0000,,FALSE,null
hh_8b2_urine_positive_qtr,2025Q1,LAB05_Laboratory Name 5,HllvX50cXC0,HllvX50cXC0,139,user1,2025-04-09T07:27:27.263+0000,,FALSE,null
hh_8c1_stool_qtr,2023Q2,LAB05_Laboratory Name 5,HllvX50cXC0,HllvX50cXC0,3,user2,2025-10-01T06:08:48.000+0000,,FALSE,null
hh_8c1_stool_qtr,2023Q3,LAB05_Laboratory Name 5,HllvX50cXC0,HllvX50cXC0,0,user2,2025-10-01T06:08:48.000+0000,,FALSE,null
hh_8c1_stool_qtr,2023Q4,LAB05_Laboratory Name 5,HllvX50cXC0,HllvX50cXC0,1,user2,2025-10-01T06:08:48.000+0000,,FALSE,null
hh_8c1_stool_qtr,2023Q1,LAB05_Laboratory Name 5,HllvX50cXC0,HllvX50cXC0,4,user2,2025-10-01T06:08:48.000+0000,,FALSE,null
hh_8c1_stool_qtr,2024Q1,LAB05_Laboratory Name 5,HllvX50cXC0,HllvX50cXC0,29,user2,2025-10-01T06:08:48.000+0000,,FALSE,null
hh_8c1_stool_qtr,2025Q2,LAB05_Laboratory Name 5,HllvX50cXC0,HllvX50cXC0,0,user1,2025-07-10T04:39:04.726+0000,,FALSE,null
hh_8c1_stool_qtr,2024Q4,LAB05_Laboratory Name 5,HllvX50cXC0,HllvX50cXC0,0,user1,2025-01-10T03:31:17.032+0000,,FALSE,null
hh_8c1_stool_qtr,2024Q2,LAB05_Laboratory Name 5,HllvX50cXC0,HllvX50cXC0,3,user1,2024-07-10T08:37:16.983+0000,,FALSE,null
hh_8c1_stool_qtr,2024Q3,LAB05_Laboratory Name 5,HllvX50cXC0,HllvX50cXC0,0,user1,2024-10-10T08:08:31.675+0000,,FALSE,null
hh_8c1_stool_qtr,2025Q1,LAB05_Laboratory Name 5,HllvX50cXC0,HllvX50cXC0,0,user1,2025-04-09T07:27:33.807+0000,,FALSE,null
hh_8c2_stool_positive_qtr,2023Q2,LAB05_Laboratory Name 5,HllvX50cXC0,HllvX50cXC0,1,user2,2025-10-01T06:08:48.000+0000,,FALSE,null
hh_8c2_stool_positive_qtr,2023Q3,LAB05_Laboratory Name 5,HllvX50cXC0,HllvX50cXC0,0,user2,2025-10-01T06:08:48.000+0000,,FALSE,null
hh_8c2_stool_positive_qtr,2023Q4,LAB05_Laboratory Name 5,HllvX50cXC0,HllvX50cXC0,1,user2,2025-10-01T06:08:48.000+0000,,FALSE,null
hh_8c2_stool_positive_qtr,2023Q1,LAB05_Laboratory Name 5,HllvX50cXC0,HllvX50cXC0,2,user2,2025-10-01T06:08:48.000+0000,,FALSE,null
hh_8c2_stool_positive_qtr,2024Q1,LAB05_Laboratory Name 5,HllvX50cXC0,HllvX50cXC0,1,user2,2025-10-01T06:08:48.000+0000,,FALSE,null
hh_8c2_stool_positive_qtr,2025Q2,LAB05_Laboratory Name 5,HllvX50cXC0,HllvX50cXC0,0,user1,2025-07-10T04:39:05.129+0000,,FALSE,null
hh_8c2_stool_positive_qtr,2024Q4,LAB05_Laboratory Name 5,HllvX50cXC0,HllvX50cXC0,0,user1,2025-01-10T03:31:17.035+0000,,FALSE,null
hh_8c2_stool_positive_qtr,2024Q2,LAB05_Laboratory Name 5,HllvX50cXC0,HllvX50cXC0,1,user1,2024-07-10T08:37:19.419+0000,,FALSE,null
hh_8c2_stool_positive_qtr,2024Q3,LAB05_Laboratory Name 5,HllvX50cXC0,HllvX50cXC0,0,user1,2024-10-10T08:08:32.486+0000,,FALSE,null
hh_8c2_stool_positive_qtr,2025Q1,LAB05_Laboratory Name 5,HllvX50cXC0,HllvX50cXC0,0,user1,2025-04-09T07:27:35.111+0000,,FALSE,null
hh_8d1_pus_qtr,2023Q2,LAB05_Laboratory Name 5,HllvX50cXC0,HllvX50cXC0,33,user2,2025-10-01T06:08:48.000+0000,,FALSE,null
hh_8d1_pus_qtr,2023Q3,LAB05_Laboratory Name 5,HllvX50cXC0,HllvX50cXC0,22,user2,2025-10-01T06:08:48.000+0000,,FALSE,null
hh_8d1_pus_qtr,2023Q4,LAB05_Laboratory Name 5,HllvX50cXC0,HllvX50cXC0,23,user2,2025-10-01T06:08:48.000+0000,,FALSE,null
hh_8d1_pus_qtr,2023Q1,LAB05_Laboratory Name 5,HllvX50cXC0,HllvX50cXC0,42,user2,2025-10-01T06:08:48.000+0000,,FALSE,null
hh_8d1_pus_qtr,2024Q1,LAB05_Laboratory Name 5,HllvX50cXC0,HllvX50cXC0,7,user2,2025-10-01T06:08:48.000+0000,,FALSE,null
hh_8d1_pus_qtr,2025Q2,LAB05_Laboratory Name 5,HllvX50cXC0,HllvX50cXC0,0,user1,2025-07-10T04:39:05.485+0000,,FALSE,null
hh_8d1_pus_qtr,2024Q4,LAB05_Laboratory Name 5,HllvX50cXC0,HllvX50cXC0,24,user1,2025-01-10T03:31:19.367+0000,,FALSE,null
hh_8d1_pus_qtr,2024Q2,LAB05_Laboratory Name 5,HllvX50cXC0,HllvX50cXC0,83,user1,2024-07-10T08:38:06.221+0000,,FALSE,null
hh_8d1_pus_qtr,2024Q3,LAB05_Laboratory Name 5,HllvX50cXC0,HllvX50cXC0,95,user1,2024-11-08T15:49:13.304+0000,,FALSE,null
hh_8d1_pus_qtr,2025Q1,LAB05_Laboratory Name 5,HllvX50cXC0,HllvX50cXC0,56,user1,2025-04-09T07:27:40.704+0000,,FALSE,null
hh_8d2_pus_positive_qtr,2023Q2,LAB05_Laboratory Name 5,HllvX50cXC0,HllvX50cXC0,25,user2,2025-10-01T06:08:48.000+0000,,FALSE,null
hh_8d2_pus_positive_qtr,2023Q3,LAB05_Laboratory Name 5,HllvX50cXC0,HllvX50cXC0,15,user2,2025-10-01T06:08:48.000+0000,,FALSE,null
hh_8d2_pus_positive_qtr,2023Q4,LAB05_Laboratory Name 5,HllvX50cXC0,HllvX50cXC0,15,user2,2025-10-01T06:08:48.000+0000,,FALSE,null
hh_8d2_pus_positive_qtr,2023Q1,LAB05_Laboratory Name 5,HllvX50cXC0,HllvX50cXC0,32,user2,2025-10-01T06:08:48.000+0000,,FALSE,null
hh_8d2_pus_positive_qtr,2024Q1,LAB05_Laboratory Name 5,HllvX50cXC0,HllvX50cXC0,6,user2,2025-10-01T06:08:48.000+0000,,FALSE,null
hh_8d2_pus_positive_qtr,2025Q2,LAB05_Laboratory Name 5,HllvX50cXC0,HllvX50cXC0,0,user1,2025-07-10T04:39:06.327+0000,,FALSE,null
hh_8d2_pus_positive_qtr,2024Q4,LAB05_Laboratory Name 5,HllvX50cXC0,HllvX50cXC0,19,user1,2025-01-10T03:31:20.259+0000,,FALSE,null
hh_8d2_pus_positive_qtr,2024Q2,LAB05_Laboratory Name 5,HllvX50cXC0,HllvX50cXC0,40,user1,2024-07-10T08:38:09.639+0000,,FALSE,null
hh_8d2_pus_positive_qtr,2024Q3,LAB05_Laboratory Name 5,HllvX50cXC0,HllvX50cXC0,42,user1,2024-11-08T15:49:18.121+0000,,FALSE,null
hh_8d2_pus_positive_qtr,2025Q1,LAB05_Laboratory Name 5,HllvX50cXC0,HllvX50cXC0,41,user1,2025-04-09T07:27:43.764+0000,,FALSE,null
hh_8e1_genitourinary_qtr,2023Q2,LAB05_Laboratory Name 5,HllvX50cXC0,HllvX50cXC0,63,user2,2025-10-01T06:08:48.000+0000,,FALSE,null
hh_8e1_genitourinary_qtr,2023Q3,LAB05_Laboratory Name 5,HllvX50cXC0,HllvX50cXC0,62,user2,2025-10-01T06:08:48.000+0000,,FALSE,null
hh_8e1_genitourinary_qtr,2023Q4,LAB05_Laboratory Name 5,HllvX50cXC0,HllvX50cXC0,18,user2,2025-10-01T06:08:48.000+0000,,FALSE,null
hh_8e1_genitourinary_qtr,2023Q1,LAB05_Laboratory Name 5,HllvX50cXC0,HllvX50cXC0,67,user2,2025-10-01T06:08:48.000+0000,,FALSE,null
hh_8e1_genitourinary_qtr,2024Q1,LAB05_Laboratory Name 5,HllvX50cXC0,HllvX50cXC0,24,user2,2025-10-01T06:08:48.000+0000,,FALSE,null
hh_8e1_genitourinary_qtr,2025Q2,LAB05_Laboratory Name 5,HllvX50cXC0,HllvX50cXC0,0,user1,2025-07-10T04:39:07.799+0000,,FALSE,null
hh_8e1_genitourinary_qtr,2024Q4,LAB05_Laboratory Name 5,HllvX50cXC0,HllvX50cXC0,11,user1,2025-01-10T03:31:23.167+0000,,FALSE,null
hh_8e1_genitourinary_qtr,2024Q2,LAB05_Laboratory Name 5,HllvX50cXC0,HllvX50cXC0,32,user1,2024-07-10T08:38:30.120+0000,,FALSE,null
hh_8e1_genitourinary_qtr,2024Q3,LAB05_Laboratory Name 5,HllvX50cXC0,HllvX50cXC0,41,user1,2024-11-08T15:50:06.278+0000,,FALSE,null
hh_8e1_genitourinary_qtr,2025Q1,LAB05_Laboratory Name 5,HllvX50cXC0,HllvX50cXC0,22,user1,2025-04-09T07:27:46.367+0000,,FALSE,null
hh_8e2_genitourinary_positive_qtr,2023Q2,LAB05_Laboratory Name 5,HllvX50cXC0,HllvX50cXC0,16,user2,2025-10-01T06:08:48.000+0000,,FALSE,null
hh_8e2_genitourinary_positive_qtr,2023Q3,LAB05_Laboratory Name 5,HllvX50cXC0,HllvX50cXC0,21,user2,2025-10-01T06:08:48.000+0000,,FALSE,null
hh_8e2_genitourinary_positive_qtr,2023Q4,LAB05_Laboratory Name 5,HllvX50cXC0,HllvX50cXC0,3,user2,2025-10-01T06:08:48.000+0000,,FALSE,null
hh_8e2_genitourinary_positive_qtr,2023Q1,LAB05_Laboratory Name 5,HllvX50cXC0,HllvX50cXC0,19,user2,2025-10-01T06:08:48.000+0000,,FALSE,null
hh_8e2_genitourinary_positive_qtr,2024Q1,LAB05_Laboratory Name 5,HllvX50cXC0,HllvX50cXC0,7,user2,2025-10-01T06:08:48.000+0000,,FALSE,null
hh_8e2_genitourinary_positive_qtr,2025Q2,LAB05_Laboratory Name 5,HllvX50cXC0,HllvX50cXC0,0,user1,2025-07-10T04:39:08.156+0000,,FALSE,null
hh_8e2_genitourinary_positive_qtr,2024Q4,LAB05_Laboratory Name 5,HllvX50cXC0,HllvX50cXC0,1,user1,2025-01-10T03:31:23.979+0000,,FALSE,null
hh_8e2_genitourinary_positive_qtr,2024Q2,LAB05_Laboratory Name 5,HllvX50cXC0,HllvX50cXC0,19,user1,2024-07-10T08:38:35.348+0000,,FALSE,null
hh_8e2_genitourinary_positive_qtr,2024Q3,LAB05_Laboratory Name 5,HllvX50cXC0,HllvX50cXC0,21,user1,2024-11-08T15:50:09.103+0000,,FALSE,null
hh_8e2_genitourinary_positive_qtr,2025Q1,LAB05_Laboratory Name 5,HllvX50cXC0,HllvX50cXC0,5,user1,2025-04-09T07:27:47.237+0000,,FALSE,null
hh_8f1_blood_qtr,2023Q2,LAB05_Laboratory Name 5,HllvX50cXC0,HllvX50cXC0,1412,user2,2025-10-01T06:08:48.000+0000,,FALSE,null
hh_8f1_blood_qtr,2023Q3,LAB05_Laboratory Name 5,HllvX50cXC0,HllvX50cXC0,1203,user2,2025-10-01T06:08:48.000+0000,,FALSE,null
hh_8f1_blood_qtr,2023Q4,LAB05_Laboratory Name 5,HllvX50cXC0,HllvX50cXC0,918,user2,2025-10-01T06:08:48.000+0000,,FALSE,null
hh_8f1_blood_qtr,2023Q1,LAB05_Laboratory Name 5,HllvX50cXC0,HllvX50cXC0,1250,user2,2025-10-01T06:08:48.000+0000,,FALSE,null
hh_8f1_blood_qtr,2024Q1,LAB05_Laboratory Name 5,HllvX50cXC0,HllvX50cXC0,738,user2,2025-10-01T06:08:48.000+0000,,FALSE,null
hh_8f1_blood_qtr,2025Q2,LAB05_Laboratory Name 5,HllvX50cXC0,HllvX50cXC0,0,user1,2025-07-10T04:39:08.627+0000,,FALSE,null
hh_8f1_blood_qtr,2024Q4,LAB05_Laboratory Name 5,HllvX50cXC0,HllvX50cXC0,410,user1,2025-01-10T03:31:27.019+0000,,FALSE,null
hh_8f1_blood_qtr,2024Q2,LAB05_Laboratory Name 5,HllvX50cXC0,HllvX50cXC0,1359,user1,2024-07-10T08:47:55.459+0000,,FALSE,null
hh_8f1_blood_qtr,2024Q3,LAB05_Laboratory Name 5,HllvX50cXC0,HllvX50cXC0,1363,user1,2024-11-08T15:50:54.554+0000,,FALSE,null
hh_8f1_blood_qtr,2025Q1,LAB05_Laboratory Name 5,HllvX50cXC0,HllvX50cXC0,871,user1,2025-04-09T07:27:51.552+0000,,FALSE,null
hh_8f2_blood_positive_qtr,2023Q2,LAB05_Laboratory Name 5,HllvX50cXC0,HllvX50cXC0,176,user2,2025-10-01T06:08:48.000+0000,,FALSE,null
hh_8f2_blood_positive_qtr,2023Q3,LAB05_Laboratory Name 5,HllvX50cXC0,HllvX50cXC0,165,user2,2025-10-01T06:08:48.000+0000,,FALSE,null
hh_8f2_blood_positive_qtr,2023Q4,LAB05_Laboratory Name 5,HllvX50cXC0,HllvX50cXC0,69,user2,2025-10-01T06:08:48.000+0000,,FALSE,null
hh_8f2_blood_positive_qtr,2023Q1,LAB05_Laboratory Name 5,HllvX50cXC0,HllvX50cXC0,121,user2,2025-10-01T06:08:48.000+0000,,FALSE,null
hh_8f2_blood_positive_qtr,2024Q1,LAB05_Laboratory Name 5,HllvX50cXC0,HllvX50cXC0,41,user2,2025-10-01T06:08:48.000+0000,,FALSE,null
hh_8f2_blood_positive_qtr,2025Q2,LAB05_Laboratory Name 5,HllvX50cXC0,HllvX50cXC0,0,user1,2025-07-10T04:39:09.606+0000,,FALSE,null
hh_8f2_blood_positive_qtr,2024Q4,LAB05_Laboratory Name 5,HllvX50cXC0,HllvX50cXC0,34,user1,2025-01-10T03:31:29.183+0000,,FALSE,null
hh_8f2_blood_positive_qtr,2024Q2,LAB05_Laboratory Name 5,HllvX50cXC0,HllvX50cXC0,436,user1,2024-07-10T08:47:59.331+0000,,FALSE,null
hh_8f2_blood_positive_qtr,2024Q3,LAB05_Laboratory Name 5,HllvX50cXC0,HllvX50cXC0,493,user1,2024-11-08T15:51:01.564+0000,,FALSE,null
hh_8f2_blood_positive_qtr,2025Q1,LAB05_Laboratory Name 5,HllvX50cXC0,HllvX50cXC0,112,user1,2025-04-09T07:27:54.496+0000,,FALSE,null
hh_8g1_other_qtr,2025Q2,LAB05_Laboratory Name 5,HllvX50cXC0,HllvX50cXC0,0,user1,2025-07-10T04:39:09.965+0000,,FALSE,null
hh_8g1_other_qtr,2024Q4,LAB05_Laboratory Name 5,HllvX50cXC0,HllvX50cXC0,0,user1,2025-01-10T03:31:31.143+0000,,FALSE,null
hh_8g1_other_qtr,2024Q2,LAB05_Laboratory Name 5,HllvX50cXC0,HllvX50cXC0,0,user1,2024-07-30T15:39:02.406+0000,,FALSE,null
hh_8g1_other_qtr,2024Q3,LAB05_Laboratory Name 5,HllvX50cXC0,HllvX50cXC0,0,user1,2024-10-10T08:09:04.954+0000,,FALSE,null
hh_8g1_other_qtr,2025Q1,LAB05_Laboratory Name 5,HllvX50cXC0,HllvX50cXC0,0,user1,2025-04-09T05:26:00.169+0000,,FALSE,null
hh_8g2_other_positive_qtr,2025Q2,LAB05_Laboratory Name 5,HllvX50cXC0,HllvX50cXC0,0,user1,2025-07-10T04:39:10.294+0000,,FALSE,null
hh_8g2_other_positive_qtr,2024Q4,LAB05_Laboratory Name 5,HllvX50cXC0,HllvX50cXC0,0,user1,2025-01-10T03:31:32.032+0000,,FALSE,null
hh_8g2_other_positive_qtr,2024Q2,LAB05_Laboratory Name 5,HllvX50cXC0,HllvX50cXC0,0,user1,2024-07-30T15:39:21.600+0000,,FALSE,null
hh_8g2_other_positive_qtr,2024Q3,LAB05_Laboratory Name 5,HllvX50cXC0,HllvX50cXC0,0,user1,2024-10-10T08:09:05.588+0000,,FALSE,null
hh_8g2_other_positive_qtr,2025Q1,LAB05_Laboratory Name 5,HllvX50cXC0,HllvX50cXC0,0,user1,2025-04-09T05:26:01.193+0000,,FALSE,null
ah_10a1_env_farm_qtr,2025Q2,LAB05_Laboratory Name 5,HllvX50cXC0,HllvX50cXC0,0,user1,2025-06-30T08:10:42.000+0000,,FALSE,null
ah_10a1_env_farm_qtr,2024Q4,LAB05_Laboratory Name 5,HllvX50cXC0,HllvX50cXC0,0,user1,2025-01-10T03:33:05.055+0000,,FALSE,null
ah_10a1_env_farm_qtr,2025Q1,LAB05_Laboratory Name 5,HllvX50cXC0,HllvX50cXC0,0,user1,2025-04-09T05:26:02.114+0000,,FALSE,null
ah_10a2_env_abattoir_qtr,2025Q2,LAB05_Laboratory Name 5,HllvX50cXC0,HllvX50cXC0,0,user1,2025-06-30T08:10:41.588+0000,,FALSE,null
ah_10a2_env_abattoir_qtr,2024Q4,LAB05_Laboratory Name 5,HllvX50cXC0,HllvX50cXC0,0,user1,2025-01-10T03:33:05.237+0000,,FALSE,null
ah_10a2_env_abattoir_qtr,2025Q1,LAB05_Laboratory Name 5,HllvX50cXC0,HllvX50cXC0,0,user1,2025-04-09T05:26:03.035+0000,,FALSE,null
ah_10a3_env_drinking_qtr,2025Q2,LAB05_Laboratory Name 5,HllvX50cXC0,HllvX50cXC0,0,user1,2025-06-30T08:10:41.177+0000,,FALSE,null
ah_10a3_env_drinking_qtr,2024Q4,LAB05_Laboratory Name 5,HllvX50cXC0,HllvX50cXC0,0,user1,2025-01-10T03:33:05.567+0000,,FALSE,null
ah_10a3_env_drinking_qtr,2025Q1,LAB05_Laboratory Name 5,HllvX50cXC0,HllvX50cXC0,0,user1,2025-04-09T05:26:03.855+0000,,FALSE,null
ah_10a4_env_sewage_qtr,2025Q2,LAB05_Laboratory Name 5,HllvX50cXC0,HllvX50cXC0,0,user1,2025-06-30T08:10:40.780+0000,,FALSE,null
ah_10a4_env_sewage_qtr,2024Q4,LAB05_Laboratory Name 5,HllvX50cXC0,HllvX50cXC0,0,user1,2025-01-10T03:33:06.204+0000,,FALSE,null
ah_10a4_env_sewage_qtr,2025Q1,LAB05_Laboratory Name 5,HllvX50cXC0,HllvX50cXC0,0,user1,2025-04-09T05:26:04.571+0000,,FALSE,null
ah_10a5_env_surfacewtr_qtr,2025Q2,LAB05_Laboratory Name 5,HllvX50cXC0,HllvX50cXC0,0,user1,2025-06-30T08:10:40.361+0000,,FALSE,null
ah_10a5_env_surfacewtr_qtr,2024Q4,LAB05_Laboratory Name 5,HllvX50cXC0,HllvX50cXC0,0,user1,2025-01-10T03:33:06.376+0000,,FALSE,null
ah_10a5_env_surfacewtr_qtr,2025Q1,LAB05_Laboratory Name 5,HllvX50cXC0,HllvX50cXC0,0,user1,2025-04-09T05:26:05.289+0000,,FALSE,null
ah_10a6_env_tap_qtr,2025Q2,LAB05_Laboratory Name 5,HllvX50cXC0,HllvX50cXC0,0,user1,2025-06-30T08:10:39.968+0000,,FALSE,null
ah_10a6_env_tap_qtr,2024Q4,LAB05_Laboratory Name 5,HllvX50cXC0,HllvX50cXC0,0,user1,2025-01-10T03:33:07.701+0000,,FALSE,null
ah_10a6_env_tap_qtr,2025Q1,LAB05_Laboratory Name 5,HllvX50cXC0,HllvX50cXC0,0,user1,2025-04-09T05:26:06.107+0000,,FALSE,null
ah_10a7_env_bottledwtr_qtr,2025Q2,LAB05_Laboratory Name 5,HllvX50cXC0,HllvX50cXC0,0,user1,2025-06-30T08:10:39.586+0000,,FALSE,null
ah_10a7_env_bottledwtr_qtr,2024Q4,LAB05_Laboratory Name 5,HllvX50cXC0,HllvX50cXC0,0,user1,2025-01-10T03:33:08.038+0000,,FALSE,null
ah_10a7_env_bottledwtr_qtr,2025Q1,LAB05_Laboratory Name 5,HllvX50cXC0,HllvX50cXC0,0,user1,2025-04-09T05:26:06.824+0000,,FALSE,null
ah_10a8_env_aquaculture_qtr,2025Q2,LAB05_Laboratory Name 5,HllvX50cXC0,HllvX50cXC0,0,user1,2025-06-30T08:10:39.117+0000,,FALSE,null
ah_10a8_env_aquaculture_qtr,2024Q4,LAB05_Laboratory Name 5,HllvX50cXC0,HllvX50cXC0,0,user1,2025-01-10T03:33:08.350+0000,,FALSE,null
ah_10a8_env_aquaculture_qtr,2025Q1,LAB05_Laboratory Name 5,HllvX50cXC0,HllvX50cXC0,0,user1,2025-04-09T05:26:07.951+0000,,FALSE,null
ah_10a9_env_other_qtr,2025Q2,LAB05_Laboratory Name 5,HllvX50cXC0,HllvX50cXC0,0,user1,2025-06-30T08:10:38.739+0000,,FALSE,null
ah_10a9_env_other_qtr,2024Q4,LAB05_Laboratory Name 5,HllvX50cXC0,HllvX50cXC0,0,user1,2025-01-10T03:33:09.330+0000,,FALSE,null
ah_10a9_env_other_qtr,2025Q1,LAB05_Laboratory Name 5,HllvX50cXC0,HllvX50cXC0,0,user1,2025-04-09T05:26:08.693+0000,,FALSE,null
ah_11a1_food_chicken_qtr,2025Q2,LAB05_Laboratory Name 5,HllvX50cXC0,HllvX50cXC0,0,user1,2025-06-30T08:10:34.545+0000,,FALSE,null
ah_11a1_food_chicken_qtr,2024Q4,LAB05_Laboratory Name 5,HllvX50cXC0,HllvX50cXC0,0,user1,2025-01-10T03:33:09.646+0000,,FALSE,null
ah_11a1_food_chicken_qtr,2025Q1,LAB05_Laboratory Name 5,HllvX50cXC0,HllvX50cXC0,0,user1,2025-04-09T05:26:09.793+0000,,FALSE,null
ah_11a2_food_egg_qtr,2025Q2,LAB05_Laboratory Name 5,HllvX50cXC0,HllvX50cXC0,0,user1,2025-06-30T08:10:34.927+0000,,FALSE,null
ah_11a2_food_egg_qtr,2024Q4,LAB05_Laboratory Name 5,HllvX50cXC0,HllvX50cXC0,0,user1,2025-01-10T03:33:10.162+0000,,FALSE,null
ah_11a2_food_egg_qtr,2025Q1,LAB05_Laboratory Name 5,HllvX50cXC0,HllvX50cXC0,0,user1,2025-04-09T05:26:10.920+0000,,FALSE,null
ah_11a3_food_pork_qtr,2025Q2,LAB05_Laboratory Name 5,HllvX50cXC0,HllvX50cXC0,0,user1,2025-06-30T08:10:35.344+0000,,FALSE,null
ah_11a3_food_pork_qtr,2024Q4,LAB05_Laboratory Name 5,HllvX50cXC0,HllvX50cXC0,0,user1,2025-01-10T03:33:11.054+0000,,FALSE,null
ah_11a3_food_pork_qtr,2025Q1,LAB05_Laboratory Name 5,HllvX50cXC0,HllvX50cXC0,0,user1,2025-04-09T05:26:11.843+0000,,FALSE,null
ah_11a4_food_beef_qtr,2025Q2,LAB05_Laboratory Name 5,HllvX50cXC0,HllvX50cXC0,0,user1,2025-06-30T08:10:35.905+0000,,FALSE,null
ah_11a4_food_beef_qtr,2024Q4,LAB05_Laboratory Name 5,HllvX50cXC0,HllvX50cXC0,0,user1,2025-01-10T03:33:11.591+0000,,FALSE,null
ah_11a4_food_beef_qtr,2025Q1,LAB05_Laboratory Name 5,HllvX50cXC0,HllvX50cXC0,0,user1,2025-04-09T05:26:12.559+0000,,FALSE,null
ah_11a5_food_SmallRuminantMeat_qtr,2025Q2,LAB05_Laboratory Name 5,HllvX50cXC0,HllvX50cXC0,0,user1,2025-06-30T08:10:36.384+0000,,FALSE,null
ah_11a5_food_SmallRuminantMeat_qtr,2024Q4,LAB05_Laboratory Name 5,HllvX50cXC0,HllvX50cXC0,0,user1,2025-01-10T03:33:13.486+0000,,FALSE,null
ah_11a5_food_SmallRuminantMeat_qtr,2025Q1,LAB05_Laboratory Name 5,HllvX50cXC0,HllvX50cXC0,0,user1,2025-04-09T05:26:13.276+0000,,FALSE,null
ah_11a6_food_milk_qtr,2025Q2,LAB05_Laboratory Name 5,HllvX50cXC0,HllvX50cXC0,0,user1,2025-06-30T08:10:36.828+0000,,FALSE,null
ah_11a6_food_milk_qtr,2024Q4,LAB05_Laboratory Name 5,HllvX50cXC0,HllvX50cXC0,0,user1,2025-01-10T03:33:12.106+0000,,FALSE,null
ah_11a6_food_milk_qtr,2025Q1,LAB05_Laboratory Name 5,HllvX50cXC0,HllvX50cXC0,0,user1,2025-04-09T05:26:13.992+0000,,FALSE,null
ah_11a7_food_aquatic_qtr,2025Q2,LAB05_Laboratory Name 5,HllvX50cXC0,HllvX50cXC0,0,user1,2025-06-30T08:10:37.237+0000,,FALSE,null
ah_11a7_food_aquatic_qtr,2024Q4,LAB05_Laboratory Name 5,HllvX50cXC0,HllvX50cXC0,0,user1,2025-01-10T03:33:12.486+0000,,FALSE,null
ah_11a7_food_aquatic_qtr,2025Q1,LAB05_Laboratory Name 5,HllvX50cXC0,HllvX50cXC0,0,user1,2025-04-09T05:26:15.118+0000,,FALSE,null
ah_11a8_food_plants_qtr,2025Q2,LAB05_Laboratory Name 5,HllvX50cXC0,HllvX50cXC0,0,user1,2025-06-30T08:10:37.648+0000,,FALSE,null
ah_11a8_food_plants_qtr,2024Q4,LAB05_Laboratory Name 5,HllvX50cXC0,HllvX50cXC0,0,user1,2025-01-10T03:33:12.998+0000,,FALSE,null
ah_11a8_food_plants_qtr,2025Q1,LAB05_Laboratory Name 5,HllvX50cXC0,HllvX50cXC0,0,user1,2025-04-09T05:26:15.835+0000,,FALSE,null
ah_11a9_food_other_qtr,2025Q2,LAB05_Laboratory Name 5,HllvX50cXC0,HllvX50cXC0,0,user1,2025-06-30T08:10:38.353+0000,,FALSE,null
ah_11a9_food_other_qtr,2024Q4,LAB05_Laboratory Name 5,HllvX50cXC0,HllvX50cXC0,0,user1,2025-01-10T03:33:20.983+0000,,FALSE,null
ah_11a9_food_other_qtr,2025Q1,LAB05_Laboratory Name 5,HllvX50cXC0,HllvX50cXC0,0,user1,2025-04-09T05:26:17.167+0000,,FALSE,null
env_samples_qtr,2025Q2,LAB05_Laboratory Name 5,HllvX50cXC0,HllvX50cXC0,FALSE,user1,2025-07-10T04:38:04.770+0000,,FALSE,null
env_samples_qtr,2024Q4,LAB05_Laboratory Name 5,HllvX50cXC0,HllvX50cXC0,FALSE,user1,2025-01-10T03:30:59.826+0000,,FALSE,null
env_samples_qtr,2024Q3,LAB05_Laboratory Name 5,HllvX50cXC0,HllvX50cXC0,FALSE,user1,2024-10-10T08:08:16.576+0000,,FALSE,null
env_samples_qtr,2025Q1,LAB05_Laboratory Name 5,HllvX50cXC0,HllvX50cXC0,FALSE,user1,2025-04-09T05:25:53.205+0000,,FALSE,null
food_samples_qtr,2025Q2,LAB05_Laboratory Name 5,HllvX50cXC0,HllvX50cXC0,FALSE,user1,2025-07-10T04:38:05.411+0000,,FALSE,null
food_samples_qtr,2024Q4,LAB05_Laboratory Name 5,HllvX50cXC0,HllvX50cXC0,FALSE,user1,2025-01-10T03:31:01.826+0000,,FALSE,null
food_samples_qtr,2024Q3,LAB05_Laboratory Name 5,HllvX50cXC0,HllvX50cXC0,FALSE,user1,2024-10-10T08:08:17.077+0000,,FALSE,null
food_samples_qtr,2025Q1,LAB05_Laboratory Name 5,HllvX50cXC0,HllvX50cXC0,FALSE,user1,2025-04-09T05:25:54.844+0000,,FALSE,null
hh_samples_qtr,2025Q2,LAB05_Laboratory Name 5,HllvX50cXC0,HllvX50cXC0,TRUE,user1,2025-07-10T04:38:04.316+0000,,FALSE,null
hh_samples_qtr,2024Q4,LAB05_Laboratory Name 5,HllvX50cXC0,HllvX50cXC0,TRUE,user1,2025-01-10T03:30:59.336+0000,,FALSE,null
hh_samples_qtr,2024Q3,LAB05_Laboratory Name 5,HllvX50cXC0,HllvX50cXC0,TRUE,user1,2024-10-10T08:08:15.496+0000,,FALSE,null
hh_samples_qtr,2025Q1,LAB05_Laboratory Name 5,HllvX50cXC0,HllvX50cXC0,TRUE,user1,2025-04-09T05:25:52.899+0000,,FALSE,null
hh_8a1_cerebrospinalfluid_qtr,2023Q3,LAB01_Laboratory Name 1,HllvX50cXC0,HllvX50cXC0,228,user2,2025-10-01T06:08:48.000+0000,,FALSE,null
hh_8a1_cerebrospinalfluid_qtr,2021Q1,LAB01_Laboratory Name 1,HllvX50cXC0,HllvX50cXC0,345,user2,2025-10-01T06:08:48.000+0000,,FALSE,null
hh_8a1_cerebrospinalfluid_qtr,2022Q4,LAB01_Laboratory Name 1,HllvX50cXC0,HllvX50cXC0,153,user2,2025-10-01T06:08:48.000+0000,,FALSE,null
hh_8a1_cerebrospinalfluid_qtr,2022Q3,LAB01_Laboratory Name 1,HllvX50cXC0,HllvX50cXC0,253,user2,2025-10-01T06:08:48.000+0000,,FALSE,null
hh_8a1_cerebrospinalfluid_qtr,2025Q2,LAB01_Laboratory Name 1,HllvX50cXC0,HllvX50cXC0,0,user1,2025-07-10T04:14:43.588+0000,,FALSE,null
hh_8a1_cerebrospinalfluid_qtr,2024Q4,LAB01_Laboratory Name 1,HllvX50cXC0,HllvX50cXC0,0,user1,2025-01-09T03:09:15.914+0000,,FALSE,null
hh_8a1_cerebrospinalfluid_qtr,2024Q2,LAB01_Laboratory Name 1,HllvX50cXC0,HllvX50cXC0,6,user1,2024-07-30T15:28:37.903+0000,,FALSE,null
hh_8a1_cerebrospinalfluid_qtr,2024Q3,LAB01_Laboratory Name 1,HllvX50cXC0,HllvX50cXC0,0,user1,2024-10-10T07:59:48.574+0000,,FALSE,null
hh_8a1_cerebrospinalfluid_qtr,2025Q1,LAB01_Laboratory Name 1,HllvX50cXC0,HllvX50cXC0,0,user1,2025-04-09T07:15:47.129+0000,,FALSE,null
hh_8a2_cerebrospinalfluid_positive_qtr,2023Q3,LAB01_Laboratory Name 1,HllvX50cXC0,HllvX50cXC0,6,user2,2025-10-01T06:08:48.000+0000,,FALSE,null
hh_8a2_cerebrospinalfluid_positive_qtr,2021Q1,LAB01_Laboratory Name 1,HllvX50cXC0,HllvX50cXC0,26,user2,2025-10-01T06:08:48.000+0000,,FALSE,null
hh_8a2_cerebrospinalfluid_positive_qtr,2022Q4,LAB01_Laboratory Name 1,HllvX50cXC0,HllvX50cXC0,15,user2,2025-10-01T06:08:48.000+0000,,FALSE,null
hh_8a2_cerebrospinalfluid_positive_qtr,2022Q3,LAB01_Laboratory Name 1,HllvX50cXC0,HllvX50cXC0,20,user2,2025-10-01T06:08:48.000+0000,,FALSE,null
hh_8a2_cerebrospinalfluid_positive_qtr,2025Q2,LAB01_Laboratory Name 1,HllvX50cXC0,HllvX50cXC0,0,user1,2025-07-10T04:14:44.414+0000,,FALSE,null
hh_8a2_cerebrospinalfluid_positive_qtr,2024Q4,LAB01_Laboratory Name 1,HllvX50cXC0,HllvX50cXC0,0,user1,2025-01-09T03:09:19.004+0000,,FALSE,null
hh_8a2_cerebrospinalfluid_positive_qtr,2024Q2,LAB01_Laboratory Name 1,HllvX50cXC0,HllvX50cXC0,6,user1,2024-07-30T15:14:46.582+0000,,FALSE,null
hh_8a2_cerebrospinalfluid_positive_qtr,2024Q3,LAB01_Laboratory Name 1,HllvX50cXC0,HllvX50cXC0,2,user1,2024-11-08T15:54:15.748+0000,,FALSE,null
hh_8a2_cerebrospinalfluid_positive_qtr,2025Q1,LAB01_Laboratory Name 1,HllvX50cXC0,HllvX50cXC0,0,user1,2025-04-09T07:15:48.073+0000,,FALSE,null
hh_8b1_urine_qtr,2023Q3,LAB01_Laboratory Name 1,HllvX50cXC0,HllvX50cXC0,177,user2,2025-10-01T06:08:48.000+0000,,FALSE,null
hh_8b1_urine_qtr,2021Q1,LAB01_Laboratory Name 1,HllvX50cXC0,HllvX50cXC0,368,user2,2025-10-01T06:08:48.000+0000,,FALSE,null
hh_8b1_urine_qtr,2022Q4,LAB01_Laboratory Name 1,HllvX50cXC0,HllvX50cXC0,130,user2,2025-10-01T06:08:48.000+0000,,FALSE,null
hh_8b1_urine_qtr,2022Q3,LAB01_Laboratory Name 1,HllvX50cXC0,HllvX50cXC0,298,user2,2025-10-01T06:08:48.000+0000,,FALSE,null
hh_8b1_urine_qtr,2025Q2,LAB01_Laboratory Name 1,HllvX50cXC0,HllvX50cXC0,0,user1,2025-07-10T04:14:45.883+0000,,FALSE,null
hh_8b1_urine_qtr,2024Q4,LAB01_Laboratory Name 1,HllvX50cXC0,HllvX50cXC0,0,user1,2025-01-09T03:09:19.004+0000,,FALSE,null
hh_8b1_urine_qtr,2024Q2,LAB01_Laboratory Name 1,HllvX50cXC0,HllvX50cXC0,23,user1,2024-07-30T15:29:45.962+0000,,FALSE,null
hh_8b1_urine_qtr,2024Q3,LAB01_Laboratory Name 1,HllvX50cXC0,HllvX50cXC0,0,user1,2024-10-10T07:59:51.299+0000,,FALSE,null
hh_8b1_urine_qtr,2025Q1,LAB01_Laboratory Name 1,HllvX50cXC0,HllvX50cXC0,0,user1,2025-04-09T07:16:24.616+0000,,FALSE,null
hh_8b2_urine_positive_qtr,2023Q3,LAB01_Laboratory Name 1,HllvX50cXC0,HllvX50cXC0,33,user2,2025-10-01T06:08:48.000+0000,,FALSE,null
hh_8b2_urine_positive_qtr,2021Q1,LAB01_Laboratory Name 1,HllvX50cXC0,HllvX50cXC0,66,user2,2025-10-01T06:08:48.000+0000,,FALSE,null
hh_8b2_urine_positive_qtr,2022Q4,LAB01_Laboratory Name 1,HllvX50cXC0,HllvX50cXC0,7,user2,2025-10-01T06:08:48.000+0000,,FALSE,null
hh_8b2_urine_positive_qtr,2022Q3,LAB01_Laboratory Name 1,HllvX50cXC0,HllvX50cXC0,21,user2,2025-10-01T06:08:48.000+0000,,FALSE,null
hh_8b2_urine_positive_qtr,2025Q2,LAB01_Laboratory Name 1,HllvX50cXC0,HllvX50cXC0,0,user1,2025-07-10T04:14:46.350+0000,,FALSE,null
hh_8b2_urine_positive_qtr,2024Q4,LAB01_Laboratory Name 1,HllvX50cXC0,HllvX50cXC0,0,user1,2025-01-09T03:09:19.460+0000,,FALSE,null
hh_8b2_urine_positive_qtr,2024Q2,LAB01_Laboratory Name 1,HllvX50cXC0,HllvX50cXC0,6,user1,2024-07-30T15:29:52.929+0000,,FALSE,null
hh_8b2_urine_positive_qtr,2024Q3,LAB01_Laboratory Name 1,HllvX50cXC0,HllvX50cXC0,15,user1,2024-11-08T15:54:50.997+0000,,FALSE,null
hh_8b2_urine_positive_qtr,2025Q1,LAB01_Laboratory Name 1,HllvX50cXC0,HllvX50cXC0,0,user1,2025-04-09T07:16:25.291+0000,,FALSE,null
hh_8c1_stool_qtr,2023Q3,LAB01_Laboratory Name 1,HllvX50cXC0,HllvX50cXC0,7,user2,2025-10-01T06:08:48.000+0000,,FALSE,null
hh_8c1_stool_qtr,2021Q1,LAB01_Laboratory Name 1,HllvX50cXC0,HllvX50cXC0,15,user2,2025-10-01T06:08:48.000+0000,,FALSE,null
hh_8c1_stool_qtr,2025Q2,LAB01_Laboratory Name 1,HllvX50cXC0,HllvX50cXC0,0,user1,2025-07-10T04:14:46.786+0000,,FALSE,null
hh_8c1_stool_qtr,2024Q4,LAB01_Laboratory Name 1,HllvX50cXC0,HllvX50cXC0,0,user1,2025-01-09T03:09:20.344+0000,,FALSE,null
hh_8c1_stool_qtr,2024Q2,LAB01_Laboratory Name 1,HllvX50cXC0,HllvX50cXC0,0,user1,2024-07-30T15:30:48.274+0000,,FALSE,null
hh_8c1_stool_qtr,2024Q3,LAB01_Laboratory Name 1,HllvX50cXC0,HllvX50cXC0,0,user1,2024-10-10T08:00:22.727+0000,,FALSE,null
hh_8c1_stool_qtr,2025Q1,LAB01_Laboratory Name 1,HllvX50cXC0,HllvX50cXC0,0,user1,2025-04-09T07:16:26.997+0000,,FALSE,null
hh_8c2_stool_positive_qtr,2023Q3,LAB01_Laboratory Name 1,HllvX50cXC0,HllvX50cXC0,0,user2,2025-10-01T06:08:48.000+0000,,FALSE,null
hh_8c2_stool_positive_qtr,2021Q1,LAB01_Laboratory Name 1,HllvX50cXC0,HllvX50cXC0,0,user2,2025-10-01T06:08:48.000+0000,,FALSE,null
hh_8c2_stool_positive_qtr,2025Q2,LAB01_Laboratory Name 1,HllvX50cXC0,HllvX50cXC0,0,user1,2025-07-10T04:14:47.575+0000,,FALSE,null
hh_8c2_stool_positive_qtr,2024Q4,LAB01_Laboratory Name 1,HllvX50cXC0,HllvX50cXC0,0,user1,2025-01-09T03:09:21.240+0000,,FALSE,null
hh_8c2_stool_positive_qtr,2024Q2,LAB01_Laboratory Name 1,HllvX50cXC0,HllvX50cXC0,0,user1,2024-07-10T09:07:34.113+0000,,FALSE,null
hh_8c2_stool_positive_qtr,2024Q3,LAB01_Laboratory Name 1,HllvX50cXC0,HllvX50cXC0,0,user1,2024-10-10T08:00:31.365+0000,,FALSE,null
hh_8c2_stool_positive_qtr,2025Q1,LAB01_Laboratory Name 1,HllvX50cXC0,HllvX50cXC0,0,user1,2025-04-09T07:16:27.363+0000,,FALSE,null
hh_8d1_pus_qtr,2023Q3,LAB01_Laboratory Name 1,HllvX50cXC0,HllvX50cXC0,28,user2,2025-10-01T06:08:48.000+0000,,FALSE,null
hh_8d1_pus_qtr,2021Q1,LAB01_Laboratory Name 1,HllvX50cXC0,HllvX50cXC0,0,user2,2025-10-01T06:08:48.000+0000,,FALSE,null
hh_8d1_pus_qtr,2022Q4,LAB01_Laboratory Name 1,HllvX50cXC0,HllvX50cXC0,191,user2,2025-10-01T06:08:48.000+0000,,FALSE,null
hh_8d1_pus_qtr,2022Q3,LAB01_Laboratory Name 1,HllvX50cXC0,HllvX50cXC0,145,user2,2025-10-01T06:08:48.000+0000,,FALSE,null
hh_8d1_pus_qtr,2025Q2,LAB01_Laboratory Name 1,HllvX50cXC0,HllvX50cXC0,0,user1,2025-07-10T04:14:48.461+0000,,FALSE,null
hh_8d1_pus_qtr,2024Q4,LAB01_Laboratory Name 1,HllvX50cXC0,HllvX50cXC0,0,user1,2025-01-09T03:09:22.543+0000,,FALSE,null
hh_8d1_pus_qtr,2024Q2,LAB01_Laboratory Name 1,HllvX50cXC0,HllvX50cXC0,9,user1,2024-07-30T15:31:38.602+0000,,FALSE,null
hh_8d1_pus_qtr,2024Q3,LAB01_Laboratory Name 1,HllvX50cXC0,HllvX50cXC0,0,user1,2024-10-10T08:00:40.636+0000,,FALSE,null
hh_8d1_pus_qtr,2025Q1,LAB01_Laboratory Name 1,HllvX50cXC0,HllvX50cXC0,0,user1,2025-04-09T07:16:28.590+0000,,FALSE,null
hh_8d2_pus_positive_qtr,2023Q3,LAB01_Laboratory Name 1,HllvX50cXC0,HllvX50cXC0,18,user2,2025-10-01T06:08:48.000+0000,,FALSE,null
hh_8d2_pus_positive_qtr,2021Q1,LAB01_Laboratory Name 1,HllvX50cXC0,HllvX50cXC0,0,user2,2025-10-01T06:08:48.000+0000,,FALSE,null
hh_8d2_pus_positive_qtr,2022Q4,LAB01_Laboratory Name 1,HllvX50cXC0,HllvX50cXC0,12,user2,2025-10-01T06:08:48.000+0000,,FALSE,null
hh_8d2_pus_positive_qtr,2022Q3,LAB01_Laboratory Name 1,HllvX50cXC0,HllvX50cXC0,8,user2,2025-10-01T06:08:48.000+0000,,FALSE,null
hh_8d2_pus_positive_qtr,2025Q2,LAB01_Laboratory Name 1,HllvX50cXC0,HllvX50cXC0,0,user1,2025-07-10T04:14:48.878+0000,,FALSE,null
hh_8d2_pus_positive_qtr,2024Q4,LAB01_Laboratory Name 1,HllvX50cXC0,HllvX50cXC0,0,user1,2025-01-09T03:09:23.430+0000,,FALSE,null
hh_8d2_pus_positive_qtr,2024Q2,LAB01_Laboratory Name 1,HllvX50cXC0,HllvX50cXC0,6,user1,2024-07-30T15:31:42.596+0000,,FALSE,null
hh_8d2_pus_positive_qtr,2024Q3,LAB01_Laboratory Name 1,HllvX50cXC0,HllvX50cXC0,10,user1,2024-11-08T15:55:47.368+0000,,FALSE,null
hh_8d2_pus_positive_qtr,2025Q1,LAB01_Laboratory Name 1,HllvX50cXC0,HllvX50cXC0,0,user1,2025-04-09T07:16:28.994+0000,,FALSE,null
hh_8e1_genitourinary_qtr,2023Q3,LAB01_Laboratory Name 1,HllvX50cXC0,HllvX50cXC0,3,user2,2025-10-01T06:08:48.000+0000,,FALSE,null
hh_8e1_genitourinary_qtr,2021Q1,LAB01_Laboratory Name 1,HllvX50cXC0,HllvX50cXC0,1,user2,2025-10-01T06:08:48.000+0000,,FALSE,null
hh_8e1_genitourinary_qtr,2022Q3,LAB01_Laboratory Name 1,HllvX50cXC0,HllvX50cXC0,0,user2,2025-10-01T06:08:48.000+0000,,FALSE,null
hh_8e1_genitourinary_qtr,2025Q2,LAB01_Laboratory Name 1,HllvX50cXC0,HllvX50cXC0,0,user1,2025-07-10T04:14:50.040+0000,,FALSE,null
hh_8e1_genitourinary_qtr,2024Q4,LAB01_Laboratory Name 1,HllvX50cXC0,HllvX50cXC0,0,user1,2025-01-09T03:09:24.323+0000,,FALSE,null
hh_8e1_genitourinary_qtr,2024Q2,LAB01_Laboratory Name 1,HllvX50cXC0,HllvX50cXC0,1,user1,2024-07-30T15:32:28.944+0000,,FALSE,null
hh_8e1_genitourinary_qtr,2024Q3,LAB01_Laboratory Name 1,HllvX50cXC0,HllvX50cXC0,0,user1,2024-10-10T08:01:01.896+0000,,FALSE,null
hh_8e1_genitourinary_qtr,2025Q1,LAB01_Laboratory Name 1,HllvX50cXC0,HllvX50cXC0,0,user1,2025-04-09T07:16:29.528+0000,,FALSE,null
hh_8e2_genitourinary_positive_qtr,2023Q3,LAB01_Laboratory Name 1,HllvX50cXC0,HllvX50cXC0,0,user2,2025-10-01T06:08:48.000+0000,,FALSE,null
hh_8e2_genitourinary_positive_qtr,2021Q1,LAB01_Laboratory Name 1,HllvX50cXC0,HllvX50cXC0,0,user2,2025-10-01T06:08:48.000+0000,,FALSE,null
hh_8e2_genitourinary_positive_qtr,2022Q3,LAB01_Laboratory Name 1,HllvX50cXC0,HllvX50cXC0,0,user2,2025-10-01T06:08:48.000+0000,,FALSE,null
hh_8e2_genitourinary_positive_qtr,2025Q2,LAB01_Laboratory Name 1,HllvX50cXC0,HllvX50cXC0,0,user1,2025-07-10T04:14:50.528+0000,,FALSE,null
hh_8e2_genitourinary_positive_qtr,2024Q4,LAB01_Laboratory Name 1,HllvX50cXC0,HllvX50cXC0,0,user1,2025-01-09T03:09:25.311+0000,,FALSE,null
hh_8e2_genitourinary_positive_qtr,2024Q2,LAB01_Laboratory Name 1,HllvX50cXC0,HllvX50cXC0,1,user1,2024-07-30T15:32:31.429+0000,,FALSE,null
hh_8e2_genitourinary_positive_qtr,2024Q3,LAB01_Laboratory Name 1,HllvX50cXC0,HllvX50cXC0,0,user1,2024-10-10T08:01:02.641+0000,,FALSE,null
hh_8e2_genitourinary_positive_qtr,2025Q1,LAB01_Laboratory Name 1,HllvX50cXC0,HllvX50cXC0,0,user1,2025-04-09T07:16:30.402+0000,,FALSE,null
hh_8f1_blood_qtr,2023Q3,LAB01_Laboratory Name 1,HllvX50cXC0,HllvX50cXC0,1536,user2,2025-10-01T06:08:48.000+0000,,FALSE,null
hh_8f1_blood_qtr,2021Q1,LAB01_Laboratory Name 1,HllvX50cXC0,HllvX50cXC0,2171,user2,2025-10-01T06:08:48.000+0000,,FALSE,null
hh_8f1_blood_qtr,2022Q4,LAB01_Laboratory Name 1,HllvX50cXC0,HllvX50cXC0,1004,user2,2025-10-01T06:08:48.000+0000,,FALSE,null
hh_8f1_blood_qtr,2022Q3,LAB01_Laboratory Name 1,HllvX50cXC0,HllvX50cXC0,824,user2,2025-10-01T06:08:48.000+0000,,FALSE,null
hh_8f1_blood_qtr,2025Q2,LAB01_Laboratory Name 1,HllvX50cXC0,HllvX50cXC0,0,user1,2025-07-10T04:14:50.998+0000,,FALSE,null
hh_8f1_blood_qtr,2024Q4,LAB01_Laboratory Name 1,HllvX50cXC0,HllvX50cXC0,0,user1,2025-01-09T03:09:26.170+0000,,FALSE,null
hh_8f1_blood_qtr,2024Q2,LAB01_Laboratory Name 1,HllvX50cXC0,HllvX50cXC0,80,user1,2024-07-30T15:33:11.579+0000,,FALSE,null
hh_8f1_blood_qtr,2024Q3,LAB01_Laboratory Name 1,HllvX50cXC0,HllvX50cXC0,0,user1,2024-10-10T08:01:09.149+0000,,FALSE,null
hh_8f1_blood_qtr,2025Q1,LAB01_Laboratory Name 1,HllvX50cXC0,HllvX50cXC0,0,user1,2025-04-09T07:16:31.152+0000,,FALSE,null
hh_8f2_blood_positive_qtr,2023Q3,LAB01_Laboratory Name 1,HllvX50cXC0,HllvX50cXC0,65,user2,2025-10-01T06:08:48.000+0000,,FALSE,null
hh_8f2_blood_positive_qtr,2021Q1,LAB01_Laboratory Name 1,HllvX50cXC0,HllvX50cXC0,142,user2,2025-10-01T06:08:48.000+0000,,FALSE,null
hh_8f2_blood_positive_qtr,2022Q4,LAB01_Laboratory Name 1,HllvX50cXC0,HllvX50cXC0,75,user2,2025-10-01T06:08:48.000+0000,,FALSE,null
hh_8f2_blood_positive_qtr,2022Q3,LAB01_Laboratory Name 1,HllvX50cXC0,HllvX50cXC0,63,user2,2025-10-01T06:08:48.000+0000,,FALSE,null
hh_8f2_blood_positive_qtr,2025Q2,LAB01_Laboratory Name 1,HllvX50cXC0,HllvX50cXC0,0,user1,2025-07-10T04:14:52.134+0000,,FALSE,null
hh_8f2_blood_positive_qtr,2024Q4,LAB01_Laboratory Name 1,HllvX50cXC0,HllvX50cXC0,0,user1,2025-01-09T03:09:26.949+0000,,FALSE,null
hh_8f2_blood_positive_qtr,2024Q2,LAB01_Laboratory Name 1,HllvX50cXC0,HllvX50cXC0,40,user1,2024-07-30T15:33:16.097+0000,,FALSE,null
hh_8f2_blood_positive_qtr,2024Q3,LAB01_Laboratory Name 1,HllvX50cXC0,HllvX50cXC0,60,user1,2024-11-08T15:56:32.666+0000,,FALSE,null
hh_8f2_blood_positive_qtr,2025Q1,LAB01_Laboratory Name 1,HllvX50cXC0,HllvX50cXC0,0,user1,2025-04-09T07:16:31.530+0000,,FALSE,null
hh_8g1_other_qtr,2025Q2,LAB01_Laboratory Name 1,HllvX50cXC0,HllvX50cXC0,0,user1,2025-07-10T04:14:52.519+0000,,FALSE,null
hh_8g1_other_qtr,2024Q4,LAB01_Laboratory Name 1,HllvX50cXC0,HllvX50cXC0,0,user1,2025-01-09T03:09:27.760+0000,,FALSE,null
hh_8g1_other_qtr,2024Q2,LAB01_Laboratory Name 1,HllvX50cXC0,HllvX50cXC0,0,user1,2024-07-30T15:06:52.191+0000,,FALSE,null
hh_8g1_other_qtr,2024Q3,LAB01_Laboratory Name 1,HllvX50cXC0,HllvX50cXC0,0,user1,2024-10-10T08:01:28.397+0000,,FALSE,null
hh_8g1_other_qtr,2025Q1,LAB01_Laboratory Name 1,HllvX50cXC0,HllvX50cXC0,0,user1,2025-04-09T07:16:34.166+0000,,FALSE,null
hh_8g2_other_positive_qtr,2025Q2,LAB01_Laboratory Name 1,HllvX50cXC0,HllvX50cXC0,0,user1,2025-07-10T04:14:57.393+0000,,FALSE,null
hh_8g2_other_positive_qtr,2024Q4,LAB01_Laboratory Name 1,HllvX50cXC0,HllvX50cXC0,0,user1,2025-01-09T03:09:28.822+0000,,FALSE,null
hh_8g2_other_positive_qtr,2024Q2,LAB01_Laboratory Name 1,HllvX50cXC0,HllvX50cXC0,0,user1,2024-07-30T15:06:54.920+0000,,FALSE,null
hh_8g2_other_positive_qtr,2024Q3,LAB01_Laboratory Name 1,HllvX50cXC0,HllvX50cXC0,0,user1,2024-10-10T08:01:30.542+0000,,FALSE,null
hh_8g2_other_positive_qtr,2025Q1,LAB01_Laboratory Name 1,HllvX50cXC0,HllvX50cXC0,0,user1,2025-04-09T07:16:34.746+0000,,FALSE,null
ah_10a1_env_farm_qtr,2025Q2,LAB01_Laboratory Name 1,HllvX50cXC0,HllvX50cXC0,0,user1,2025-06-30T08:24:21.212+0000,,FALSE,null
ah_10a1_env_farm_qtr,2024Q4,LAB01_Laboratory Name 1,HllvX50cXC0,HllvX50cXC0,0,user3,2025-01-09T09:30:52.996+0000,,FALSE,null
ah_10a1_env_farm_qtr,2025Q1,LAB01_Laboratory Name 1,HllvX50cXC0,HllvX50cXC0,0,user1,2025-04-09T07:17:05.502+0000,,FALSE,null
ah_10a2_env_abattoir_qtr,2025Q2,LAB01_Laboratory Name 1,HllvX50cXC0,HllvX50cXC0,0,user1,2025-06-30T08:24:20.416+0000,,FALSE,null
ah_10a2_env_abattoir_qtr,2024Q4,LAB01_Laboratory Name 1,HllvX50cXC0,HllvX50cXC0,0,user3,2025-01-09T09:30:53.621+0000,,FALSE,null
ah_10a2_env_abattoir_qtr,2025Q1,LAB01_Laboratory Name 1,HllvX50cXC0,HllvX50cXC0,0,user1,2025-04-09T07:17:06.018+0000,,FALSE,null
ah_10a3_env_drinking_qtr,2025Q2,LAB01_Laboratory Name 1,HllvX50cXC0,HllvX50cXC0,0,user1,2025-06-30T08:24:19.859+0000,,FALSE,null
ah_10a3_env_drinking_qtr,2024Q4,LAB01_Laboratory Name 1,HllvX50cXC0,HllvX50cXC0,0,user3,2025-01-09T09:30:58.522+0000,,FALSE,null
ah_10a3_env_drinking_qtr,2025Q1,LAB01_Laboratory Name 1,HllvX50cXC0,HllvX50cXC0,0,user1,2025-04-09T07:17:06.503+0000,,FALSE,null
ah_10a4_env_sewage_qtr,2025Q2,LAB01_Laboratory Name 1,HllvX50cXC0,HllvX50cXC0,0,user1,2025-06-30T08:24:19.384+0000,,FALSE,null
ah_10a4_env_sewage_qtr,2024Q4,LAB01_Laboratory Name 1,HllvX50cXC0,HllvX50cXC0,0,user3,2025-01-09T09:30:59.297+0000,,FALSE,null
ah_10a4_env_sewage_qtr,2025Q1,LAB01_Laboratory Name 1,HllvX50cXC0,HllvX50cXC0,0,user1,2025-04-09T07:17:07.010+0000,,FALSE,null
ah_10a5_env_surfacewtr_qtr,2025Q2,LAB01_Laboratory Name 1,HllvX50cXC0,HllvX50cXC0,0,user1,2025-06-30T08:24:18.976+0000,,FALSE,null
ah_10a5_env_surfacewtr_qtr,2024Q4,LAB01_Laboratory Name 1,HllvX50cXC0,HllvX50cXC0,0,user3,2025-01-09T09:31:01.909+0000,,FALSE,null
ah_10a5_env_surfacewtr_qtr,2025Q1,LAB01_Laboratory Name 1,HllvX50cXC0,HllvX50cXC0,0,user1,2025-04-09T07:17:07.706+0000,,FALSE,null
ah_10a6_env_tap_qtr,2025Q2,LAB01_Laboratory Name 1,HllvX50cXC0,HllvX50cXC0,0,user1,2025-06-30T08:24:18.234+0000,,FALSE,null
ah_10a6_env_tap_qtr,2024Q4,LAB01_Laboratory Name 1,HllvX50cXC0,HllvX50cXC0,0,user3,2025-01-09T09:31:03.045+0000,,FALSE,null
ah_10a6_env_tap_qtr,2025Q1,LAB01_Laboratory Name 1,HllvX50cXC0,HllvX50cXC0,0,user1,2025-04-09T07:17:18.930+0000,,FALSE,null
ah_10a7_env_bottledwtr_qtr,2025Q2,LAB01_Laboratory Name 1,HllvX50cXC0,HllvX50cXC0,0,user1,2025-06-30T08:24:17.687+0000,,FALSE,null
ah_10a7_env_bottledwtr_qtr,2024Q4,LAB01_Laboratory Name 1,HllvX50cXC0,HllvX50cXC0,0,user3,2025-01-09T09:31:03.798+0000,,FALSE,null
ah_10a7_env_bottledwtr_qtr,2025Q1,LAB01_Laboratory Name 1,HllvX50cXC0,HllvX50cXC0,0,user1,2025-04-09T07:17:21.829+0000,,FALSE,null
ah_10a8_env_aquaculture_qtr,2025Q2,LAB01_Laboratory Name 1,HllvX50cXC0,HllvX50cXC0,0,user1,2025-06-30T08:24:17.229+0000,,FALSE,null
ah_10a8_env_aquaculture_qtr,2024Q4,LAB01_Laboratory Name 1,HllvX50cXC0,HllvX50cXC0,0,user3,2025-01-09T09:31:05.724+0000,,FALSE,null
ah_10a8_env_aquaculture_qtr,2025Q1,LAB01_Laboratory Name 1,HllvX50cXC0,HllvX50cXC0,0,user1,2025-04-09T07:17:22.837+0000,,FALSE,null
ah_10a9_env_other_qtr,2025Q2,LAB01_Laboratory Name 1,HllvX50cXC0,HllvX50cXC0,0,user1,2025-06-30T08:24:16.773+0000,,FALSE,null
ah_10a9_env_other_qtr,2024Q4,LAB01_Laboratory Name 1,HllvX50cXC0,HllvX50cXC0,0,user3,2025-01-09T09:31:06.753+0000,,FALSE,null
ah_10a9_env_other_qtr,2025Q1,LAB01_Laboratory Name 1,HllvX50cXC0,HllvX50cXC0,0,user1,2025-04-09T07:17:24.755+0000,,FALSE,null
ah_11a1_food_chicken_qtr,2025Q2,LAB01_Laboratory Name 1,HllvX50cXC0,HllvX50cXC0,0,user1,2025-06-30T08:24:12.353+0000,,FALSE,null
ah_11a1_food_chicken_qtr,2024Q4,LAB01_Laboratory Name 1,HllvX50cXC0,HllvX50cXC0,0,user3,2025-01-09T09:31:08.056+0000,,FALSE,null
ah_11a1_food_chicken_qtr,2025Q1,LAB01_Laboratory Name 1,HllvX50cXC0,HllvX50cXC0,0,user1,2025-04-09T07:17:25.189+0000,,FALSE,null
ah_11a2_food_egg_qtr,2025Q2,LAB01_Laboratory Name 1,HllvX50cXC0,HllvX50cXC0,0,user1,2025-06-30T08:24:12.353+0000,,FALSE,null
ah_11a2_food_egg_qtr,2024Q4,LAB01_Laboratory Name 1,HllvX50cXC0,HllvX50cXC0,0,user3,2025-01-09T09:31:08.793+0000,,FALSE,null
ah_11a2_food_egg_qtr,2025Q1,LAB01_Laboratory Name 1,HllvX50cXC0,HllvX50cXC0,0,user1,2025-04-09T07:17:26.095+0000,,FALSE,null
ah_11a3_food_pork_qtr,2025Q2,LAB01_Laboratory Name 1,HllvX50cXC0,HllvX50cXC0,0,user1,2025-06-30T08:24:12.729+0000,,FALSE,null
ah_11a3_food_pork_qtr,2024Q4,LAB01_Laboratory Name 1,HllvX50cXC0,HllvX50cXC0,0,user3,2025-01-09T09:31:09.352+0000,,FALSE,null
ah_11a3_food_pork_qtr,2025Q1,LAB01_Laboratory Name 1,HllvX50cXC0,HllvX50cXC0,0,user1,2025-04-09T07:17:27.169+0000,,FALSE,null
ah_11a4_food_beef_qtr,2025Q2,LAB01_Laboratory Name 1,HllvX50cXC0,HllvX50cXC0,0,user1,2025-06-30T08:24:13.818+0000,,FALSE,null
ah_11a4_food_beef_qtr,2024Q4,LAB01_Laboratory Name 1,HllvX50cXC0,HllvX50cXC0,0,user3,2025-01-09T09:31:11.155+0000,,FALSE,null
ah_11a4_food_beef_qtr,2025Q1,LAB01_Laboratory Name 1,HllvX50cXC0,HllvX50cXC0,0,user1,2025-04-09T07:17:27.737+0000,,FALSE,null
ah_11a5_food_SmallRuminantMeat_qtr,2025Q2,LAB01_Laboratory Name 1,HllvX50cXC0,HllvX50cXC0,0,user1,2025-06-30T08:24:13.933+0000,,FALSE,null
ah_11a5_food_SmallRuminantMeat_qtr,2024Q4,LAB01_Laboratory Name 1,HllvX50cXC0,HllvX50cXC0,0,user3,2025-01-09T09:31:11.807+0000,,FALSE,null
ah_11a5_food_SmallRuminantMeat_qtr,2025Q1,LAB01_Laboratory Name 1,HllvX50cXC0,HllvX50cXC0,0,user1,2025-04-09T07:17:28.956+0000,,FALSE,null
ah_11a6_food_milk_qtr,2025Q2,LAB01_Laboratory Name 1,HllvX50cXC0,HllvX50cXC0,0,user1,2025-06-30T08:24:14.422+0000,,FALSE,null
ah_11a6_food_milk_qtr,2024Q4,LAB01_Laboratory Name 1,HllvX50cXC0,HllvX50cXC0,0,user3,2025-01-09T09:31:13.227+0000,,FALSE,null
ah_11a6_food_milk_qtr,2025Q1,LAB01_Laboratory Name 1,HllvX50cXC0,HllvX50cXC0,0,user1,2025-04-09T07:17:29.258+0000,,FALSE,null
ah_11a7_food_aquatic_qtr,2025Q2,LAB01_Laboratory Name 1,HllvX50cXC0,HllvX50cXC0,0,user1,2025-06-30T08:24:14.870+0000,,FALSE,null
ah_11a7_food_aquatic_qtr,2024Q4,LAB01_Laboratory Name 1,HllvX50cXC0,HllvX50cXC0,0,user3,2025-01-09T09:31:13.912+0000,,FALSE,null
ah_11a7_food_aquatic_qtr,2025Q1,LAB01_Laboratory Name 1,HllvX50cXC0,HllvX50cXC0,0,user1,2025-04-09T07:17:29.817+0000,,FALSE,null
ah_11a8_food_plants_qtr,2025Q2,LAB01_Laboratory Name 1,HllvX50cXC0,HllvX50cXC0,0,user1,2025-06-30T08:24:15.277+0000,,FALSE,null
ah_11a8_food_plants_qtr,2024Q4,LAB01_Laboratory Name 1,HllvX50cXC0,HllvX50cXC0,0,user3,2025-01-09T09:31:14.595+0000,,FALSE,null
ah_11a8_food_plants_qtr,2025Q1,LAB01_Laboratory Name 1,HllvX50cXC0,HllvX50cXC0,0,user1,2025-04-09T07:17:30.480+0000,,FALSE,null
ah_11a9_food_other_qtr,2025Q2,LAB01_Laboratory Name 1,HllvX50cXC0,HllvX50cXC0,0,user1,2025-06-30T08:24:16.093+0000,,FALSE,null
ah_11a9_food_other_qtr,2024Q4,LAB01_Laboratory Name 1,HllvX50cXC0,HllvX50cXC0,0,user3,2025-01-09T09:31:17.168+0000,,FALSE,null
ah_11a9_food_other_qtr,2025Q1,LAB01_Laboratory Name 1,HllvX50cXC0,HllvX50cXC0,0,user1,2025-04-09T07:17:31.464+0000,,FALSE,null
env_samples_qtr,2025Q2,LAB01_Laboratory Name 1,HllvX50cXC0,HllvX50cXC0,FALSE,user1,2025-07-10T04:14:38.289+0000,,FALSE,null
env_samples_qtr,2024Q4,LAB01_Laboratory Name 1,HllvX50cXC0,HllvX50cXC0,FALSE,user1,2025-01-09T03:09:10.240+0000,,FALSE,null
env_samples_qtr,2024Q3,LAB01_Laboratory Name 1,HllvX50cXC0,HllvX50cXC0,FALSE,user1,2024-10-10T07:24:36.116+0000,,FALSE,null
env_samples_qtr,2025Q1,LAB01_Laboratory Name 1,HllvX50cXC0,HllvX50cXC0,FALSE,user1,2025-04-09T07:15:04.566+0000,,FALSE,null
food_samples_qtr,2025Q2,LAB01_Laboratory Name 1,HllvX50cXC0,HllvX50cXC0,FALSE,user1,2025-07-10T04:14:39.869+0000,,FALSE,null
food_samples_qtr,2024Q4,LAB01_Laboratory Name 1,HllvX50cXC0,HllvX50cXC0,FALSE,user1,2025-01-09T03:09:10.836+0000,,FALSE,null
food_samples_qtr,2024Q3,LAB01_Laboratory Name 1,HllvX50cXC0,HllvX50cXC0,FALSE,user1,2024-10-10T07:24:36.534+0000,,FALSE,null
food_samples_qtr,2025Q1,LAB01_Laboratory Name 1,HllvX50cXC0,HllvX50cXC0,FALSE,user1,2025-04-09T07:15:05.426+0000,,FALSE,null
hh_samples_qtr,2025Q2,LAB01_Laboratory Name 1,HllvX50cXC0,HllvX50cXC0,FALSE,user1,2025-07-10T04:14:37.687+0000,,FALSE,null
hh_samples_qtr,2024Q4,LAB01_Laboratory Name 1,HllvX50cXC0,HllvX50cXC0,TRUE,user1,2025-01-09T03:09:09.371+0000,,FALSE,null
hh_samples_qtr,2024Q3,LAB01_Laboratory Name 1,HllvX50cXC0,HllvX50cXC0,TRUE,user1,2024-10-10T07:24:35.378+0000,,FALSE,null
hh_samples_qtr,2025Q1,LAB01_Laboratory Name 1,HllvX50cXC0,HllvX50cXC0,FALSE,user1,2025-04-09T07:15:03.955+0000,,FALSE,null
